id,Country,2021-07-03,2021-07-04,2021-07-05,2021-07-06,2021-07-07,2021-07-08,2021-07-09,2021-07-10,2021-07-11,2021-07-12,2021-07-13,2021-07-14,2021-07-15,2021-07-16,2021-07-17,2021-07-18,2021-07-19,2021-07-20,2021-07-21,2021-07-22,2021-07-23,2021-07-24,2021-07-25,2021-07-26,2021-07-27,2021-07-28,2021-07-29,2021-07-30,2021-07-31,2021-08-01,2021-08-02,2021-08-03,2021-08-04,2021-08-05,2021-08-06,2021-08-07,2021-08-08,2021-08-09,2021-08-10,2021-08-11,2021-08-12,2021-08-13,2021-08-14,2021-08-15,2021-08-16,2021-08-17,2021-08-18,2021-08-19,2021-08-20,2021-08-21,2021-08-22,2021-08-23,2021-08-24,2021-08-25,2021-08-26,2021-08-27,2021-08-28,2021-08-29,2021-08-30,2021-08-31,2021-09-01,2021-09-02,2021-09-03,2021-09-04,2021-09-05,2021-09-06,2021-09-07,2021-09-08,2021-09-09,2021-09-10,2021-09-11,2021-09-12,2021-09-13,2021-09-14,2021-09-15,2021-09-16,2021-09-17,2021-09-18,2021-09-19,2021-09-20,2021-09-21,2021-09-22,2021-09-23,2021-09-24,2021-09-25,2021-09-26,2021-09-27,2021-09-28,2021-09-29,2021-09-30,2021-10-01,2021-10-02,2021-10-03,2021-10-04,2021-10-05,2021-10-06,2021-10-07,2021-10-08,2021-10-09,2021-10-10,2021-10-11,2021-10-12
0,Afghanistan,4962,5030,5100,5171,5243,5316,5389,5463,5536,5610,5682,5754,5825,5894,5962,6030,6096,6161,6225,6288,6351,6412,6473,6534,6593,6652,6709,6766,6823,6878,6933,6987,7040,7093,7145,7196,7246,7296,7345,7393,7441,7488,7534,7579,7624,7668,7712,7754,7797,7838,7879,7919,7959,7998,8036,8074,8111,8148,8183,8219,8254,8288,8321,8355,8387,8419,8451,8481,8512,8542,8571,8600,8628,8656,8683,8710,8736,8762,8788,8813,8837,8861,8885,8908,8931,8953,8975,8996,9018,9038,9059,9078,9098,9117,9136,9154,9172,9190,9207,9224,9241,9257
1,Albania,2456,2456,2456,2456,2456,2457,2457,2457,2457,2457,2457,2457,2457,2457,2457,2457,2457,2457,2457,2457,2458,2458,2458,2458,2458,2458,2458,2458,2458,2458,2458,2458,2458,2458,2458,2458,2458,2458,2458,2458,2458,2458,2458,2458,2458,2458,2458,2458,2458,2458,2458,2458,2458,2458,2458,2458,2458,2458,2458,2458,2458,2458,2458,2458,2459,2459,2459,2459,2459,2459,2459,2459,2459,2459,2459,2459,2459,2459,2459,2459,2459,2459,2459,2459,2459,2459,2459,2459,2459,2459,2459,2459,2459,2459,2459,2459,2459,2459,2459,2459,2459,2459
2,Algeria,3745,3754,3762,3771,3780,3789,3797,3806,3815,3824,3834,3843,3852,3861,3871,3880,3890,3899,3909,3918,3928,3938,3948,3958,3968,3978,3988,3998,4008,4018,4028,4039,4049,4060,4070,4081,4092,4102,4113,4124,4135,4146,4157,4168,4179,4191,4202,4213,4225,4236,4248,4260,4271,4283,4295,4307,4319,4331,4343,4356,4368,4380,4393,4405,4418,4431,4443,4456,4469,4482,4495,4508,4521,4534,4548,4561,4575,4588,4602,4616,4629,4643,4657,4671,4685,4700,4714,4728,4743,4757,4772,4787,4801,4816,4831,4846,4861,4876,4892,4907,4922,4938
3,Andorra,127,127,127,127,127,127,127,127,127,127,127,127,127,127,127,127,127,127,127,127,127,127,127,127,127,127,127,127,127,127,127,127,127,127,127,127,127,127,127,127,127,127,127,127,127,127,127,127,127,127,127,127,127,127,127,127,127,127,127,127,127,127,127,127,127,127,127,127,127,127,127,127,127,127,127,127,127,127,127,127,127,127,127,127,127,127,127,127,127,127,127,127,127,127,127,127,127,127,127,127,127,127
4,Angola,910,913,917,920,923,926,929,932,935,938,941,944,946,949,952,955,957,960,963,965,968,970,973,975,978,980,983,985,987,990,992,994,996,999,1001,1003,1005,1007,1009,1011,1013,1015,1017,1019,1021,1023,1025,1026,1028,1030,1032,1033,1035,1037,1038,1040,1042,1043,1045,1046,1048,1049,1051,1052,1053,1055,1056,1058,1059,1060,1062,1063,1064,1065,1067,1068,1069,1070,1071,1072,1073,1075,1076,1077,1078,1079,1080,1081,1082,1083,1084,1085,1085,1086,1087,1088,1089,1090,1091,1091,1092,1093
5,Antigua and Barbuda,42,42,42,42,42,42,42,42,42,42,42,42,42,42,42,42,42,42,42,42,42,42,42,42,42,42,42,42,42,42,42,42,42,42,42,42,42,42,42,42,42,42,42,42,42,42,42,42,42,42,42,42,42,42,42,42,42,42,42,42,42,42,42,42,42,42,42,42,42,42,42,42,42,42,42,42,42,42,42,42,42,42,42,42,42,42,42,42,42,42,42,42,42,42,42,42,42,42,42,42,42,42
6,Argentina,95594,96036,96469,96893,97311,97722,98128,98529,98927,99323,99716,100109,100501,100891,101282,101672,102061,102448,102830,103207,103579,103943,104300,104647,104986,105317,105639,105952,106256,106550,106834,107109,107374,107629,107874,108109,108335,108550,108756,108953,109140,109317,109486,109646,109797,109940,110075,110202,110321,110433,110538,110636,110728,110813,110893,110967,111035,111099,111157,111211,111261,111307,111349,111388,111423,111456,111485,111512,111536,111558,111578,111596,111613,111627,111641,111652,111663,111672,111681,111688,111695,111701,111706,111711,111715,111718,111722,111724,111727,111729,111731,111732,111734,111735,111736,111737,111738,111738,111739,111739,111740,111740
7,Armenia,4521,4523,4525,4527,4528,4530,4532,4534,4536,4538,4540,4542,4545,4547,4549,4551,4554,4556,4558,4561,4563,4566,4568,4571,4573,4576,4579,4581,4584,4587,4590,4592,4595,4598,4601,4604,4607,4610,4613,4617,4620,4623,4626,4630,4633,4637,4640,4644,4647,4651,4655,4658,4662,4666,4670,4674,4678,4682,4686,4690,4694,4699,4703,4707,4712,4716,4721,4725,4730,4735,4739,4744,4749,4754,4759,4764,4769,4774,4779,4785,4790,4796,4801,4807,4812,4818,4824,4829,4835,4841,4847,4853,4859,4865,4872,4878,4884,4891,4897,4904,4911,4917
8,Australia,910,910,910,910,910,910,910,910,910,910,910,910,910,910,910,910,910,910,910,910,910,910,910,910,910,910,910,910,910,910,910,910,910,910,910,910,910,910,910,910,910,910,910,910,910,910,910,910,910,910,910,910,910,910,910,910,910,910,910,910,910,910,910,910,910,910,910,910,910,910,910,910,910,910,910,910,910,910,910,910,910,910,910,910,910,910,910,910,910,910,910,910,910,910,910,910,910,910,910,910,910,910
9,Austria,10709,10711,10712,10714,10715,10716,10717,10718,10719,10720,10721,10722,10723,10724,10725,10725,10726,10727,10728,10728,10729,10729,10730,10731,10731,10731,10732,10732,10733,10733,10733,10734,10734,10734,10735,10735,10735,10735,10735,10736,10736,10736,10736,10736,10736,10736,10736,10737,10737,10737,10737,10737,10737,10737,10737,10737,10737,10737,10737,10737,10737,10737,10737,10737,10737,10737,10737,10737,10737,10737,10737,10737,10737,10737,10737,10737,10737,10737,10737,10737,10737,10737,10737,10737,10737,10737,10737,10737,10737,10737,10737,10737,10737,10737,10737,10737,10737,10737,10737,10737,10737,10737
10,Azerbaijan,4977,4978,4979,4979,4980,4981,4981,4982,4983,4984,4984,4985,4986,4987,4987,4988,4989,4990,4991,4992,4992,4993,4994,4995,4996,4997,4998,4998,4999,5000,5001,5002,5002,5003,5004,5005,5006,5006,5007,5008,5009,5009,5010,5011,5011,5012,5013,5013,5014,5015,5015,5016,5016,5017,5017,5018,5019,5019,5020,5020,5021,5021,5021,5022,5022,5023,5023,5024,5024,5024,5025,5025,5025,5026,5026,5026,5026,5027,5027,5027,5028,5028,5028,5028,5028,5029,5029,5029,5029,5029,5029,5030,5030,5030,5030,5030,5030,5030,5030,5030,5031,5031
11,The Bahamas,246,246,247,247,247,248,248,249,249,249,250,250,251,251,251,252,252,253,253,254,254,255,255,256,256,257,257,258,258,259,259,260,260,261,262,262,263,263,264,264,265,266,266,267,267,268,269,269,270,271,271,272,272,273,274,274,275,276,276,277,277,278,279,279,280,281,281,282,282,283,284,284,285,286,286,287,287,288,288,289,290,290,291,291,292,292,293,294,294,295,295,296,296,297,297,298,298,299,299,300,300,300
12,Bahrain,1358,1362,1365,1368,1371,1373,1375,1378,1380,1381,1383,1385,1386,1387,1389,1390,1391,1392,1393,1394,1395,1395,1396,1397,1397,1398,1398,1398,1399,1399,1399,1400,1400,1400,1400,1400,1400,1400,1401,1401,1401,1401,1401,1401,1401,1401,1401,1401,1401,1401,1401,1401,1401,1401,1401,1401,1401,1401,1401,1401,1401,1401,1401,1401,1401,1401,1401,1401,1401,1401,1401,1401,1401,1401,1401,1401,1401,1401,1401,1401,1401,1401,1401,1401,1401,1401,1401,1401,1401,1401,1401,1401,1401,1401,1401,1401,1401,1401,1401,1401,1401,1401
13,Bangladesh,14912,15025,15144,15270,15404,15544,15693,15849,16012,16183,16361,16546,16737,16934,17135,17340,17549,17763,17981,18204,18432,18666,18906,19152,19404,19663,19927,20199,20477,20761,21053,21352,21658,21972,22294,22623,22961,23306,23660,24023,24394,24775,25164,25564,25972,26391,26820,27258,27708,28168,28639,29122,29616,30121,30639,31169,31711,32267,32835,33416,34012,34621,35244,35881,36534,37201,37884,38583,39297,40028,40776,41540,42322,43121,43938,44774,45628,46501,47394,48306,49238,50191,51164,52159,53174,54212,55272,56355,57460,58589,59741,60918,62119,63345,64595,65872,67174,68503,69858,71240,72649,74086
14,Barbados,47,47,47,47,47,47,47,47,47,47,47,47,47,47,47,47,47,47,47,47,47,47,47,47,47,47,47,47,47,47,47,47,47,47,47,47,47,47,47,47,47,47,47,47,47,47,47,47,47,47,47,47,47,47,47,47,47,47,47,47,47,47,47,47,47,47,47,47,47,47,47,47,47,47,47,47,47,47,47,47,47,47,47,47,47,47,47,47,47,47,47,47,47,47,47,47,47,47,47,47,47,47
15,Belarus,3175,3185,3195,3204,3214,3223,3233,3242,3251,3261,3270,3279,3289,3298,3308,3317,3327,3336,3346,3356,3366,3376,3386,3395,3405,3415,3425,3436,3446,3456,3466,3476,3486,3497,3507,3517,3527,3538,3548,3559,3569,3579,3590,3600,3611,3622,3632,3643,3653,3664,3675,3685,3696,3707,3718,3728,3739,3750,3761,3772,3783,3794,3805,3815,3826,3837,3848,3859,3870,3881,3892,3903,3914,3926,3937,3948,3959,3970,3981,3992,4003,4014,4025,4037,4048,4059,4070,4081,4092,4103,4115,4126,4137,4148,4159,4170,4182,4193,4204,4215,4226,4237
16,Belgium,25185,25188,25191,25193,25196,25198,25201,25203,25206,25208,25210,25213,25215,25217,25220,25222,25224,25227,25229,25231,25233,25235,25237,25239,25241,25243,25244,25246,25247,25249,25250,25251,25252,25253,25254,25255,25256,25257,25258,25259,25259,25260,25260,25261,25261,25262,25262,25262,25263,25263,25263,25263,25264,25264,25264,25264,25264,25264,25264,25264,25265,25265,25265,25265,25265,25265,25265,25265,25265,25265,25265,25265,25265,25265,25265,25265,25265,25265,25265,25265,25265,25265,25265,25265,25265,25265,25265,25265,25265,25265,25265,25265,25265,25265,25265,25265,25265,25265,25265,25265,25265,25265
17,Benin,104,104,104,104,104,104,104,105,105,105,105,105,105,105,105,105,105,105,105,105,105,106,106,106,106,106,106,106,106,106,106,106,106,106,106,106,106,106,107,107,107,107,107,107,107,107,107,107,107,107,107,107,107,107,107,107,107,107,108,108,108,108,108,108,108,108,108,108,108,108,108,108,108,108,108,108,108,108,108,108,108,108,108,108,108,109,109,109,109,109,109,109,109,109,109,109,109,109,109,109,109,109
18,Bhutan,1,1,1,1,1,1,1,1,1,1,1,1,1,1,1,1,1,1,1,1,1,1,1,1,1,1,1,1,1,1,1,1,1,1,1,1,1,1,1,1,1,1,1,1,1,1,1,1,1,1,1,1,1,1,1,1,1,1,1,1,1,1,1,1,1,1,1,1,1,1,1,1,1,1,1,1,1,1,1,1,1,1,1,1,1,1,1,1,1,1,1,1,1,1,1,1,1,1,1,1,1,1
19,Bolivia,16920,16979,17037,17094,17149,17203,17255,17307,17356,17405,17452,17499,17544,17589,17633,17677,17721,17763,17805,17847,17887,17927,17966,18004,18041,18077,18112,18147,18180,18213,18245,18276,18306,18336,18364,18392,18419,18445,18471,18496,18519,18543,18565,18587,18608,18628,18648,18667,18685,18703,18720,18736,18752,18767,18782,18796,18810,18823,18835,18848,18859,18870,18881,18891,18901,18910,18919,18928,18936,18944,18952,18959,18966,18972,18978,18984,18990,18995,19000,19005,19010,19014,19019,19022,19026,19030,19033,19036,19039,19042,19045,19048,19050,19052,19055,19057,19059,19060,19062,19064,19065,19067
20,Bosnia and Herzegovina,9667,9669,9670,9671,9673,9674,9675,9676,9677,9678,9679,9680,9681,9682,9683,9684,9684,9685,9686,9686,9687,9688,9688,9689,9689,9690,9690,9691,9691,9691,9692,9692,9693,9693,9693,9693,9694,9694,9694,9694,9695,9695,9695,9695,9695,9696,9696,9696,9696,9696,9696,9697,9697,9697,9697,9697,9697,9697,9697,9697,9697,9697,9697,9698,9698,9698,9698,9698,9698,9698,9698,9698,9698,9698,9698,9698,9698,9698,9698,9698,9698,9698,9698,9698,9698,9698,9698,9698,9698,9698,9698,9698,9698,9698,9698,9698,9698,9698,9698,9698,9698,9698
21,Brazil,523587,525264,526950,528642,530337,532029,533717,535397,537064,538712,540339,541945,543527,545086,546621,548134,549627,551099,552546,553967,555361,556725,558058,559356,560622,561856,563057,564225,565360,566460,567527,568560,569559,570525,571457,572355,573220,574052,574851,575619,576355,577060,577734,578379,578995,579582,580142,580674,581180,581661,582117,582549,582959,583345,583711,584055,584380,584686,584974,585244,585497,585735,585957,586165,586359,586540,586709,586866,587013,587148,587274,587391,587499,587599,587691,587776,587854,587926,587993,588053,588109,588160,588207,588250,588288,588324,588356,588385,588412,588436,588458,588478,588496,588512,588526,588539,588551,588561,588571,588579,588587,588594
22,Brunei,3,3,3,3,3,3,3,3,3,3,3,3,3,3,3,3,3,3,3,3,3,3,3,3,3,3,3,3,3,3,3,3,3,3,3,3,3,3,3,3,3,3,3,3,3,3,3,3,3,3,3,3,3,3,3,3,3,3,3,3,3,3,3,3,3,3,3,3,3,3,3,3,3,3,3,3,3,3,3,3,3,3,3,3,3,3,3,3,3,3,3,3,3,3,3,3,3,3,3,3,3,3
23,Bulgaria,18084,18091,18097,18103,18109,18115,18121,18126,18132,18137,18142,18147,18151,18156,18161,18165,18170,18174,18179,18183,18187,18191,18196,18199,18203,18207,18211,18214,18218,18221,18225,18228,18231,18234,18237,18240,18243,18246,18249,18251,18254,18257,18259,18261,18264,18266,18268,18271,18273,18275,18277,18279,18281,18283,18284,18286,18288,18290,18291,18293,18294,18296,18297,18299,18300,18302,18303,18304,18305,18307,18308,18309,18310,18311,18312,18313,18314,18315,18316,18317,18318,18319,18319,18320,18321,18322,18323,18323,18324,18325,18325,18326,18326,18327,18328,18328,18329,18329,18330,18330,18331,18331
24,Burkina Faso,168,168,168,168,168,168,168,168,168,168,168,168,169,169,169,169,169,169,169,169,169,169,169,169,169,169,169,169,170,170,170,170,170,170,170,170,170,170,170,170,171,171,171,171,171,171,171,171,171,172,172,172,172,172,172,172,173,173,173,173,173,173,174,174,174,174,174,174,175,175,175,175,175,176,176,176,176,177,177,177,177,178,178,178,178,179,179,179,180,180,180,181,181,181,182,182,182,183,183,184,184,184
25,Cape Verde,287,287,288,288,288,289,289,289,290,290,290,291,291,291,292,292,292,293,293,293,293,294,294,294,295,295,295,295,295,296,296,296,296,297,297,297,297,297,298,298,298,298,298,298,298,299,299,299,299,299,299,299,299,299,300,300,300,300,300,300,300,300,300,300,300,300,300,300,300,300,300,300,301,301,301,301,301,301,301,301,301,301,301,301,301,301,301,301,301,301,301,301,301,301,301,301,301,301,301,301,301,301
26,Cambodia,696,715,734,753,772,791,811,831,851,871,892,913,934,955,977,999,1021,1043,1065,1087,1109,1131,1153,1175,1197,1218,1240,1261,1282,1302,1323,1343,1363,1382,1401,1420,1438,1456,1473,1490,1506,1523,1538,1553,1568,1582,1595,1609,1621,1633,1645,1656,1667,1677,1687,1696,1705,1714,1722,1729,1736,1743,1750,1756,1761,1767,1772,1776,1781,1785,1788,1792,1795,1798,1801,1804,1806,1808,1811,1812,1814,1816,1817,1819,1820,1821,1822,1823,1824,1824,1825,1826,1826,1827,1827,1827,1828,1828,1828,1829,1829,1829
27,Cameroon,1324,1325,1325,1326,1326,1327,1327,1327,1328,1328,1329,1329,1329,1330,1330,1330,1331,1331,1331,1332,1332,1332,1332,1333,1333,1333,1334,1334,1334,1334,1335,1335,1335,1335,1336,1336,1336,1336,1336,1337,1337,1337,1337,1337,1338,1338,1338,1338,1338,1339,1339,1339,1339,1339,1339,1339,1340,1340,1340,1340,1340,1340,1340,1341,1341,1341,1341,1341,1341,1341,1341,1341,1342,1342,1342,1342,1342,1342,1342,1342,1342,1342,1342,1342,1343,1343,1343,1343,1343,1343,1343,1343,1343,1343,1343,1343,1343,1343,1343,1344,1344,1344
28,Canada,26312,26329,26346,26362,26377,26391,26404,26417,26430,26441,26453,26464,26474,26484,26494,26504,26513,26522,26531,26539,26547,26555,26562,26569,26575,26581,26587,26593,26598,26603,26608,26613,26617,26621,26625,26628,26632,26635,26638,26641,26643,26646,26648,26650,26653,26654,26656,26658,26660,26661,26663,26664,26665,26666,26667,26668,26669,26670,26671,26672,26672,26673,26673,26674,26674,26675,26675,26676,26676,26676,26677,26677,26677,26678,26678,26678,26678,26678,26679,26679,26679,26679,26679,26679,26679,26679,26679,26679,26680,26680,26680,26680,26680,26680,26680,26680,26680,26680,26680,26680,26680,26680
29,Central African Republic,98,98,98,98,98,98,98,98,98,98,98,98,98,98,98,98,98,98,98,98,98,98,98,98,98,98,98,98,98,98,98,98,98,98,98,98,98,98,98,98,98,98,98,98,98,98,98,98,98,98,98,98,98,98,98,98,98,98,98,98,98,98,98,98,98,98,98,98,98,98,98,98,98,98,98,98,98,98,98,98,98,98,98,98,98,98,98,98,98,98,98,98,98,98,98,98,98,98,98,98,98,98
30,Chad,174,174,174,174,174,174,174,174,174,174,174,174,174,174,174,174,174,174,174,174,174,174,174,174,174,174,174,174,174,174,174,174,174,174,174,174,174,174,174,174,174,174,174,174,174,174,174,174,174,174,174,174,174,174,174,174,174,174,174,174,174,174,174,174,174,174,174,174,174,174,174,174,174,174,174,174,174,174,174,174,174,174,174,174,174,174,174,174,174,174,174,174,174,174,174,174,174,174,174,174,174,174
31,Chile,32973,33078,33180,33279,33376,33469,33560,33648,33733,33814,33894,33970,34045,34117,34188,34257,34325,34392,34456,34519,34580,34639,34696,34751,34804,34855,34905,34953,34999,35044,35088,35129,35170,35208,35246,35282,35316,35350,35382,35413,35442,35471,35498,35524,35549,35573,35596,35618,35639,35659,35679,35697,35715,35732,35748,35763,35778,35792,35805,35818,35830,35841,35852,35863,35873,35882,35891,35899,35907,35915,35922,35929,35935,35942,35947,35953,35958,35963,35968,35972,35976,35980,35984,35987,35990,35993,35996,35999,36002,36004,36006,36008,36010,36012,36014,36016,36017,36019,36020,36021,36022,36023
32,China,4847,4847,4847,4847,4847,4847,4847,4847,4847,4847,4847,4847,4847,4847,4847,4847,4847,4847,4847,4847,4847,4847,4847,4847,4847,4847,4847,4847,4847,4847,4847,4847,4847,4847,4847,4847,4847,4847,4847,4847,4847,4847,4847,4847,4847,4847,4847,4847,4847,4847,4847,4847,4847,4847,4847,4847,4847,4847,4847,4847,4847,4847,4847,4847,4847,4847,4847,4847,4847,4847,4847,4847,4847,4847,4847,4847,4847,4847,4847,4847,4847,4847,4847,4847,4847,4847,4847,4847,4847,4847,4847,4847,4847,4847,4847,4847,4847,4847,4847,4847,4847,4847
33,Colombia,108314,108957,109605,110257,110914,111576,112242,112913,113588,114267,114948,115633,116320,117008,117697,118388,119078,119769,120459,121149,121839,122527,123214,123899,124582,125262,125939,126613,127283,127950,128612,129269,129921,130569,131211,131847,132477,133101,133718,134329,134932,135529,136118,136699,137272,137838,138395,138944,139485,140017,140540,141054,141560,142057,142544,143022,143492,143952,144403,144844,145277,145700,146114,146518,146913,147300,147677,148045,148404,148754,149095,149427,149751,150066,150372,150670,150960,151242,151515,151781,152038,152288,152531,152765,152993,153213,153427,153633,153833,154026,154212,154392,154566,154734,154896,155053,155203,155348,155488,155623,155752,155877
34,Congo,166,166,167,167,167,168,168,168,169,169,169,170,170,170,171,171,171,172,172,172,173,173,173,174,174,174,175,175,175,176,176,177,177,177,178,178,178,179,179,179,180,180,180,181,181,181,182,182,182,183,183,183,184,184,184,185,185,185,186,186,186,187,187,187,187,188,188,188,189,189,189,190,190,190,190,191,191,191,192,192,192,192,193,193,193,193,194,194,194,195,195,195,195,196,196,196,196,196,197,197,197,197
35,Democratic Republic of the Congo,945,950,956,961,966,972,977,983,989,995,1001,1007,1013,1020,1026,1033,1039,1046,1053,1060,1067,1074,1081,1089,1096,1104,1112,1120,1128,1136,1144,1152,1161,1169,1178,1187,1196,1205,1215,1224,1234,1243,1253,1263,1273,1284,1294,1305,1316,1327,1338,1349,1361,1372,1384,1396,1409,1421,1434,1446,1459,1473,1486,1500,1513,1527,1542,1556,1571,1586,1601,1616,1632,1648,1664,1680,1697,1713,1730,1748,1765,1783,1801,1820,1838,1857,1877,1896,1916,1936,1957,1977,1998,2020,2041,2063,2086,2109,2132,2155,2179,2203
36,Costa Rica,4686,4699,4713,4726,4739,4752,4764,4777,4790,4802,4814,4827,4839,4851,4863,4875,4887,4899,4911,4922,4934,4945,4956,4967,4978,4989,4999,5009,5019,5029,5038,5047,5056,5065,5074,5082,5090,5098,5105,5113,5120,5127,5133,5140,5146,5152,5157,5163,5168,5173,5178,5183,5187,5191,5195,5199,5203,5206,5210,5213,5216,5219,5222,5224,5227,5229,5231,5233,5235,5237,5239,5240,5242,5243,5244,5246,5247,5248,5249,5250,5251,5252,5252,5253,5254,5254,5255,5255,5256,5256,5257,5257,5257,5258,5258,5258,5259,5259,5259,5259,5259,5260
37,Cote d'Ivoire,315,316,316,317,317,318,319,319,320,320,321,321,322,322,323,324,324,325,326,326,327,328,328,329,330,331,331,332,333,334,334,335,336,337,338,339,339,340,341,342,343,344,345,346,347,348,349,350,351,352,353,354,355,357,358,359,360,361,362,364,365,366,368,369,370,372,373,374,376,377,379,380,382,383,385,386,388,389,391,393,394,396,398,400,401,403,405,407,409,411,412,414,416,418,420,423,425,427,429,431,433,436
38,Croatia,8215,8218,8220,8223,8225,8227,8229,8231,8233,8235,8237,8238,8240,8242,8244,8246,8248,8249,8251,8253,8255,8256,8258,8260,8261,8263,8264,8266,8267,8269,8270,8272,8273,8274,8275,8277,8278,8279,8280,8281,8282,8283,8284,8285,8286,8287,8288,8289,8290,8291,8292,8293,8293,8294,8295,8296,8296,8297,8298,8298,8299,8299,8300,8300,8301,8302,8302,8303,8303,8303,8304,8304,8305,8305,8306,8306,8306,8307,8307,8307,8308,8308,8308,8308,8309,8309,8309,8309,8310,8310,8310,8310,8310,8311,8311,8311,8311,8311,8312,8312,8312,8312
39,Diamond Princess,13,13,13,13,13,13,13,13,13,13,13,13,13,13,13,13,13,13,13,13,13,13,13,13,13,13,13,13,13,13,13,13,13,13,13,13,13,13,13,13,13,13,13,13,13,13,13,13,13,13,13,13,13,13,13,13,13,13,13,13,13,13,13,13,13,13,13,13,13,13,13,13,13,13,13,13,13,13,13,13,13,13,13,13,13,13,13,13,13,13,13,13,13,13,13,13,13,13,13,13,13,13
40,Cuba,1337,1350,1364,1377,1392,1406,1421,1437,1453,1469,1485,1502,1519,1537,1555,1573,1591,1609,1627,1646,1664,1682,1701,1719,1737,1755,1773,1791,1808,1826,1843,1859,1875,1891,1907,1922,1936,1950,1964,1977,1990,2002,2014,2025,2036,2046,2056,2065,2074,2082,2090,2097,2104,2110,2116,2122,2127,2132,2136,2140,2144,2148,2151,2154,2157,2159,2161,2163,2165,2167,2168,2169,2171,2172,2173,2173,2174,2175,2175,2176,2176,2177,2177,2177,2178,2178,2178,2178,2178,2178,2179,2179,2179,2179,2179,2179,2179,2179,2179,2179,2179,2179
41,Cyprus,374,374,374,374,374,374,374,374,374,374,374,374,374,374,374,374,374,374,374,374,374,374,374,374,374,374,374,374,374,374,374,374,374,374,374,374,374,374,374,374,374,374,374,374,374,374,374,374,374,374,374,374,374,374,374,374,374,374,374,374,374,374,374,374,374,374,374,374,374,374,374,374,374,374,374,374,374,374,374,374,374,374,374,374,374,374,374,374,374,374,374,374,374,374,374,374,374,374,374,374,374,374
42,Czech Republic,30310,30312,30315,30317,30319,30321,30323,30324,30326,30328,30330,30331,30333,30335,30337,30338,30340,30342,30344,30345,30347,30349,30350,30352,30353,30355,30356,30358,30359,30361,30362,30363,30365,30366,30367,30368,30369,30370,30371,30372,30373,30374,30375,30376,30377,30378,30379,30379,30380,30381,30382,30382,30383,30384,30384,30385,30385,30386,30386,30387,30387,30388,30388,30388,30389,30389,30389,30390,30390,30390,30391,30391,30391,30391,30391,30392,30392,30392,30392,30392,30393,30393,30393,30393,30393,30393,30393,30393,30393,30394,30394,30394,30394,30394,30394,30394,30394,30394,30394,30394,30394,30394
43,Denmark,2538,2539,2539,2539,2540,2540,2541,2541,2541,2542,2542,2542,2543,2543,2543,2544,2544,2544,2545,2545,2545,2546,2546,2546,2547,2547,2547,2548,2548,2549,2549,2549,2550,2550,2550,2551,2551,2552,2552,2552,2553,2553,2554,2554,2554,2555,2555,2556,2556,2557,2557,2558,2558,2559,2560,2560,2561,2561,2562,2563,2564,2564,2565,2566,2567,2568,2568,2569,2570,2571,2573,2574,2575,2576,2577,2579,2580,2582,2583,2585,2587,2589,2591,2593,2595,2598,2600,2603,2606,2609,2612,2615,2619,2623,2627,2631,2636,2640,2646,2651,2657,2664
44,Djibouti,155,155,155,155,155,155,155,155,155,155,155,155,155,155,155,155,155,155,155,155,155,155,155,155,155,155,155,155,155,155,155,155,155,155,155,155,155,155,155,155,155,155,155,155,155,155,155,155,155,155,155,155,155,155,155,155,155,155,155,155,155,155,155,155,155,155,155,155,155,155,155,155,155,155,155,155,155,155,155,155,155,155,155,155,155,155,155,155,155,155,155,155,155,155,155,155,155,155,155,155,155,155
45,Dominican Republic,3852,3859,3867,3874,3881,3888,3895,3902,3909,3916,3922,3929,3936,3942,3948,3955,3961,3967,3973,3979,3985,3991,3997,4003,4008,4013,4019,4024,4029,4034,4039,4044,4048,4053,4057,4062,4066,4070,4074,4078,4082,4085,4089,4092,4096,4099,4102,4105,4108,4111,4114,4116,4119,4121,4124,4126,4128,4130,4132,4134,4136,4138,4139,4141,4142,4144,4145,4147,4148,4149,4150,4151,4152,4153,4154,4155,4156,4157,4158,4158,4159,4160,4160,4161,4161,4162,4162,4163,4163,4164,4164,4164,4165,4165,4165,4165,4166,4166,4166,4166,4166,4167
46,Ecuador,21660,21692,21724,21757,21790,21824,21859,21894,21930,21967,22004,22042,22080,22119,22158,22198,22238,22278,22318,22358,22399,22440,22481,22521,22562,22603,22644,22685,22726,22767,22808,22848,22888,22928,22968,23007,23046,23085,23123,23161,23198,23235,23271,23307,23342,23377,23411,23445,23477,23510,23541,23572,23602,23632,23661,23689,23716,23743,23769,23794,23819,23843,23866,23888,23910,23931,23951,23971,23989,24008,24025,24042,24058,24073,24088,24103,24116,24129,24142,24154,24165,24176,24186,24196,24206,24214,24223,24231,24238,24246,24252,24259,24265,24270,24276,24281,24286,24290,24294,24298,24302,24305
47,Egypt,16242,16270,16296,16322,16347,16371,16394,16416,16438,16458,16477,16496,16514,16531,16548,16564,16579,16594,16609,16623,16636,16649,16662,16674,16686,16697,16708,16719,16729,16738,16748,16757,16766,16774,16782,16790,16797,16805,16812,16818,16825,16831,16837,16843,16848,16854,16859,16864,16869,16873,16878,16882,16886,16890,16894,16898,16901,16905,16908,16911,16914,16917,16920,16923,16925,16928,16930,16932,16935,16937,16939,16941,16943,16945,16946,16948,16950,16951,16953,16954,16956,16957,16958,16959,16961,16962,16963,16964,16965,16966,16967,16968,16969,16969,16970,16971,16972,16972,16973,16974,16974,16975
48,El Salvador,2397,2402,2407,2412,2417,2421,2426,2430,2433,2437,2440,2443,2445,2447,2449,2451,2453,2454,2456,2457,2458,2459,2460,2461,2461,2462,2463,2463,2464,2464,2465,2465,2466,2466,2466,2466,2467,2467,2467,2467,2467,2468,2468,2468,2468,2468,2468,2468,2468,2468,2468,2468,2468,2468,2469,2469,2469,2469,2469,2469,2469,2469,2469,2469,2469,2469,2469,2469,2469,2469,2469,2469,2469,2469,2469,2469,2469,2469,2469,2469,2469,2469,2469,2469,2469,2469,2469,2469,2469,2469,2469,2469,2469,2469,2469,2469,2469,2469,2469,2469,2469,2469
49,Equatorial Guinea,122,122,122,122,122,122,123,123,123,123,123,123,123,123,123,123,123,123,123,124,124,124,124,124,124,124,124,124,124,124,124,124,124,124,125,125,125,125,125,125,125,125,125,125,125,125,125,125,125,125,125,125,126,126,126,126,126,126,126,126,126,126,126,126,126,126,126,126,126,126,126,126,126,126,126,126,127,127,127,127,127,127,127,127,127,127,127,127,127,127,127,127,127,127,127,127,127,127,127,127,127,127
50,Eritrea,25,25,26,26,27,27,27,28,28,29,29,30,30,30,31,31,32,32,33,33,33,34,34,35,35,36,36,36,37,37,38,38,39,39,39,40,40,41,41,42,42,43,43,43,44,44,45,45,46,46,46,47,47,48,48,49,49,50,50,50,51,51,52,52,53,53,54,54,55,55,55,56,56,57,57,58,58,59,59,59,60,60,61,61,62,62,63,63,64,64,65,65,65,66,66,67,67,68,68,69,69,70
51,Estonia,1269,1269,1269,1269,1269,1269,1269,1269,1269,1269,1270,1270,1270,1270,1270,1270,1270,1270,1270,1270,1270,1270,1270,1270,1270,1270,1270,1270,1270,1270,1270,1270,1270,1270,1270,1270,1270,1270,1270,1270,1270,1270,1270,1270,1270,1270,1270,1270,1270,1270,1270,1270,1270,1270,1271,1271,1271,1271,1271,1271,1271,1271,1271,1271,1271,1271,1271,1271,1271,1271,1271,1271,1271,1271,1271,1271,1271,1271,1271,1271,1271,1271,1271,1271,1271,1271,1271,1271,1271,1271,1271,1271,1271,1271,1271,1271,1271,1271,1271,1271,1271,1271
52,Eswatini,678,678,678,678,678,678,678,679,679,679,679,679,679,679,679,679,679,679,679,679,679,679,679,680,680,680,680,680,680,680,680,680,680,680,680,680,680,680,680,680,680,680,681,681,681,681,681,681,681,681,681,681,681,681,681,681,681,681,681,681,681,681,681,681,681,681,681,681,682,682,682,682,682,682,682,682,682,682,682,682,682,682,682,682,682,682,682,682,682,682,682,682,682,682,682,682,682,682,682,682,682,682
53,Ethiopia,4330,4334,4337,4340,4344,4347,4350,4353,4356,4358,4361,4363,4366,4368,4370,4372,4375,4377,4379,4381,4383,4384,4386,4388,4390,4391,4393,4394,4396,4397,4399,4400,4401,4403,4404,4405,4406,4407,4408,4409,4410,4411,4412,4413,4414,4415,4416,4417,4417,4418,4419,4420,4420,4421,4422,4422,4423,4423,4424,4425,4425,4426,4426,4427,4427,4428,4428,4428,4429,4429,4430,4430,4430,4431,4431,4431,4432,4432,4432,4433,4433,4433,4434,4434,4434,4434,4434,4435,4435,4435,4435,4436,4436,4436,4436,4436,4436,4437,4437,4437,4437,4437
54,Fiji,27,28,28,29,29,30,31,31,32,33,33,34,35,36,36,37,38,39,39,40,41,41,42,43,43,44,44,45,46,46,47,47,48,49,49,50,50,51,51,52,52,52,53,53,54,54,54,55,55,56,56,56,57,57,57,57,58,58,58,58,59,59,59,59,59,59,60,60,60,60,60,60,60,61,61,61,61,61,61,61,61,61,61,61,61,61,62,62,62,62,62,62,62,62,62,62,62,62,62,62,62,62
55,Finland,973,973,974,974,975,975,976,976,977,977,978,978,979,980,980,981,982,983,983,984,985,986,987,988,989,990,991,992,993,994,995,996,997,998,999,1000,1001,1002,1003,1004,1005,1006,1007,1008,1009,1010,1011,1012,1013,1014,1014,1015,1016,1017,1018,1019,1019,1020,1021,1021,1022,1023,1023,1024,1024,1025,1025,1026,1026,1027,1027,1028,1028,1028,1029,1029,1029,1029,1030,1030,1030,1030,1030,1030,1031,1031,1031,1031,1031,1031,1031,1031,1031,1031,1032,1032,1032,1032,1032,1032,1032,1032
56,France,111314,111339,111362,111384,111404,111423,111442,111459,111476,111493,111509,111524,111540,111555,111571,111586,111601,111616,111631,111645,111659,111673,111686,111698,111710,111722,111733,111744,111754,111764,111774,111783,111792,111801,111809,111817,111824,111831,111838,111845,111851,111857,111863,111868,111873,111878,111883,111888,111892,111896,111900,111903,111907,111910,111913,111916,111919,111921,111924,111926,111928,111930,111932,111934,111936,111937,111939,111940,111941,111943,111944,111945,111946,111947,111948,111948,111949,111950,111951,111951,111952,111952,111953,111953,111954,111954,111954,111955,111955,111955,111956,111956,111956,111956,111956,111957,111957,111957,111957,111957,111957,111957
57,Gabon,159,159,159,159,159,159,159,160,160,160,160,160,160,160,160,160,160,160,160,160,160,160,161,161,161,161,161,161,161,161,161,161,161,161,161,161,161,161,161,161,161,161,161,162,162,162,162,162,162,162,162,162,162,162,162,162,162,162,162,162,162,162,162,162,162,162,162,162,162,162,162,162,162,162,162,162,163,163,163,163,163,163,163,163,163,163,163,163,163,163,163,163,163,163,163,163,163,163,163,163,163,163
58,The Gambia,181,181,181,181,181,181,181,181,181,181,181,182,182,182,182,182,182,182,182,182,182,182,182,182,182,182,182,182,182,182,182,182,183,183,183,183,183,183,183,183,183,183,183,183,183,183,183,183,183,183,183,183,183,183,183,183,183,183,183,184,184,184,184,184,184,184,184,184,184,184,184,184,184,184,184,184,184,184,184,184,184,184,184,184,184,184,184,184,184,184,184,184,184,184,184,184,184,185,185,185,185,185
59,Georgia,5347,5361,5375,5389,5403,5417,5431,5445,5459,5473,5488,5502,5517,5532,5548,5563,5579,5595,5610,5626,5643,5659,5675,5692,5708,5725,5742,5759,5776,5793,5810,5827,5845,5862,5879,5897,5914,5932,5950,5967,5985,6003,6020,6038,6056,6074,6091,6109,6127,6144,6162,6180,6197,6215,6233,6250,6267,6285,6302,6319,6337,6354,6371,6387,6404,6421,6438,6454,6470,6487,6503,6519,6535,6551,6566,6582,6597,6612,6627,6642,6657,6672,6686,6700,6714,6728,6742,6756,6769,6783,6796,6809,6822,6834,6847,6859,6871,6883,6895,6906,6918,6929
60,Germany,91040,91081,91119,91154,91187,91217,91245,91271,91295,91317,91338,91358,91377,91396,91413,91431,91448,91464,91479,91494,91508,91521,91533,91544,91554,91564,91573,91582,91589,91596,91603,91609,91615,91620,91625,91629,91633,91637,91641,91644,91647,91649,91652,91654,91656,91658,91659,91661,91662,91664,91665,91666,91667,91668,91668,91669,91670,91670,91671,91671,91672,91672,91672,91673,91673,91673,91673,91673,91674,91674,91674,91674,91674,91674,91674,91674,91674,91674,91674,91674,91675,91675,91675,91675,91675,91675,91675,91675,91675,91675,91675,91675,91675,91675,91675,91675,91675,91675,91675,91675,91675,91675
61,Ghana,796,796,796,797,797,797,797,798,798,798,798,798,799,799,799,799,799,800,800,800,800,800,800,800,801,801,801,801,801,801,801,801,801,802,802,802,802,802,802,802,802,802,802,802,803,803,803,803,803,803,803,803,803,803,803,803,803,803,803,803,803,804,804,804,804,804,804,804,804,804,804,804,804,804,804,804,804,804,804,804,804,804,804,804,804,804,804,804,804,804,804,804,804,805,805,805,805,805,805,805,805,805
62,Greece,12710,12719,12727,12735,12742,12749,12756,12763,12769,12776,12782,12789,12796,12803,12809,12817,12824,12831,12838,12846,12853,12860,12867,12874,12881,12888,12895,12901,12908,12915,12921,12927,12933,12940,12946,12951,12957,12963,12968,12974,12979,12984,12989,12994,12999,13003,13008,13012,13016,13020,13024,13028,13032,13035,13038,13042,13045,13048,13051,13054,13056,13059,13061,13064,13066,13068,13070,13072,13074,13076,13077,13079,13080,13082,13083,13084,13086,13087,13088,13089,13090,13091,13091,13092,13093,13094,13094,13095,13095,13096,13096,13097,13097,13098,13098,13098,13099,13099,13099,13099,13100,13100
63,Guatemala,9419,9466,9514,9562,9610,9658,9707,9757,9807,9857,9909,9961,10013,10066,10120,10173,10228,10283,10338,10394,10450,10507,10565,10623,10681,10740,10800,10859,10920,10981,11042,11104,11167,11229,11293,11357,11421,11486,11551,11617,11683,11749,11816,11884,11952,12020,12089,12158,12228,12298,12368,12439,12510,12582,12654,12726,12799,12872,12945,13019,13093,13168,13243,13318,13393,13469,13545,13621,13698,13775,13852,13929,14007,14085,14163,14241,14320,14398,14477,14557,14636,14715,14795,14875,14955,15035,15115,15195,15276,15356,15437,15518,15598,15679,15760,15841,15922,16003,16084,16165,16246,16326
64,Guinea,172,172,173,173,174,174,175,175,175,176,177,177,178,178,179,179,180,180,181,181,182,182,183,184,184,185,185,186,186,187,188,188,189,189,190,190,191,192,192,193,193,194,195,195,196,197,197,198,198,199,200,200,201,202,202,203,204,204,205,206,206,207,208,208,209,210,210,211,212,212,213,214,214,215,216,216,217,218,218,219,220,220,221,222,223,223,224,225,225,226,227,227,228,229,230,230,231,232,232,233,234,234
65,Guyana,478,480,483,485,488,490,492,495,497,500,502,504,507,509,511,513,516,518,520,522,525,527,529,531,533,535,537,539,541,543,545,547,549,551,553,555,557,558,560,562,564,565,567,569,570,572,573,575,576,578,579,581,582,584,585,586,588,589,590,591,593,594,595,596,597,598,599,600,601,602,603,604,605,606,607,608,609,610,610,611,612,613,613,614,615,615,616,617,617,618,618,619,619,620,621,621,621,622,622,623,623,624
66,Haiti,436,441,446,451,456,461,466,471,477,482,487,492,497,503,508,513,518,523,528,533,539,544,549,554,559,564,569,574,579,584,589,594,599,604,609,614,619,624,629,634,639,643,648,653,658,663,668,673,678,682,687,692,697,702,706,711,716,721,725,730,735,740,744,749,754,759,763,768,773,777,782,786,791,796,800,805,810,814,819,823,828,832,837,841,846,850,855,859,864,868,873,877,882,886,891,895,899,904,908,913,917,921
67,Holy See,0,0,0,0,0,0,0,0,0,0,0,0,0,0,0,0,0,0,0,0,0,0,0,0,0,0,0,0,0,0,0,0,0,0,0,0,0,0,0,0,0,0,0,0,0,0,0,0,0,0,0,0,0,0,0,0,0,0,0,0,0,0,0,0,0,0,0,0,0,0,0,0,0,0,0,0,0,0,0,0,0,0,0,0,0,0,0,0,0,0,0,0,0,0,0,0,0,0,0,0,0,0
68,Honduras,7081,7105,7130,7154,7180,7205,7232,7258,7285,7313,7341,7369,7397,7427,7456,7486,7516,7546,7577,7608,7640,7671,7704,7736,7769,7802,7835,7869,7903,7937,7972,8007,8042,8077,8113,8149,8185,8221,8258,8295,8332,8369,8406,8443,8481,8519,8556,8594,8633,8671,8709,8747,8786,8824,8862,8901,8939,8978,9016,9055,9093,9132,9170,9208,9246,9284,9322,9360,9398,9436,9473,9510,9547,9584,9621,9658,9694,9730,9766,9802,9837,9872,9907,9942,9976,10010,10044,10077,10110,10143,10175,10208,10239,10271,10302,10333,10363,10393,10423,10452,10481,10510
69,Hungary,29992,29994,29997,29999,30001,30003,30005,30006,30008,30009,30011,30012,30013,30015,30016,30017,30018,30019,30020,30021,30022,30023,30024,30024,30025,30026,30026,30027,30028,30028,30029,30029,30030,30030,30031,30031,30032,30032,30032,30033,30033,30033,30034,30034,30034,30034,30035,30035,30035,30035,30035,30036,30036,30036,30036,30036,30036,30036,30037,30037,30037,30037,30037,30037,30037,30037,30037,30037,30037,30038,30038,30038,30038,30038,30038,30038,30038,30038,30038,30038,30038,30038,30038,30038,30038,30038,30038,30038,30038,30038,30038,30038,30038,30038,30038,30038,30038,30038,30039,30039,30039,30039
70,Iceland,29,29,29,29,29,29,29,29,29,29,29,29,29,29,29,29,29,29,29,29,29,29,29,29,29,29,29,29,29,29,29,29,29,29,29,29,29,29,29,29,29,29,29,29,29,29,29,29,29,29,29,29,29,29,29,29,29,29,29,29,29,29,29,29,29,29,29,29,29,29,29,29,29,29,29,29,29,29,29,29,29,29,29,29,29,29,29,29,29,29,29,29,29,29,29,29,29,29,29,29,29,29
71,India,402005,402909,403772,404598,405391,406152,406885,407593,408277,408942,409588,410219,410837,411443,412041,412631,413215,413786,414346,414891,415423,415938,416436,416915,417379,417828,418262,418681,419085,419474,419849,420210,420556,420890,421210,421517,421811,422093,422363,422622,422869,423105,423330,423545,423750,423945,424131,424308,424476,424635,424787,424930,425067,425195,425317,425433,425542,425645,425742,425833,425919,426000,426077,426148,426216,426279,426338,426394,426446,426494,426540,426582,426622,426659,426693,426725,426755,426783,426809,426833,426855,426875,426894,426912,426928,426943,426957,426970,426982,426993,427003,427012,427020,427028,427035,427042,427048,427053,427058,427063,427067,427071
72,Indonesia,60027,60373,60734,61108,61495,61892,62297,62709,63124,63542,63957,64370,64778,65180,65576,65964,66344,66719,67088,67452,67810,68162,68509,68851,69188,69519,69843,70163,70476,70783,71085,71381,71670,71954,72232,72503,72769,73029,73282,73530,73772,74008,74238,74462,74680,74892,75099,75300,75495,75685,75869,76048,76222,76390,76553,76711,76864,77012,77156,77294,77428,77557,77682,77802,77918,78029,78137,78241,78340,78436,78529,78617,78702,78784,78862,78937,79009,79078,79144,79207,79268,79326,79381,79433,79484,79532,79577,79621,79662,79702,79739,79775,79809,79841,79872,79901,79929,79955,79979,80003,80025,80046
73,Iran,84627,84756,84886,85017,85149,85283,85419,85556,85696,85836,85979,86122,86267,86414,86561,86710,86860,87010,87162,87315,87469,87623,87779,87936,88094,88253,88413,88574,88736,88899,89063,89228,89394,89560,89728,89897,90066,90237,90408,90580,90753,90927,91101,91277,91453,91630,91807,91986,92165,92345,92525,92707,92889,93071,93254,93438,93622,93807,93993,94179,94365,94552,94740,94928,95116,95305,95494,95684,95874,96064,96254,96445,96636,96828,97019,97211,97403,97595,97787,97980,98172,98365,98558,98750,98943,99135,99328,99521,99713,99905,100098,100290,100482,100673,100865,101056,101247,101438,101628,101819,102008,102198
74,Iraq,17281,17312,17344,17376,17409,17442,17476,17511,17546,17582,17619,17656,17694,17732,17771,17810,17850,17890,17930,17971,18012,18054,18096,18139,18182,18225,18269,18314,18359,18404,18450,18497,18543,18591,18638,18686,18735,18784,18834,18884,18934,18985,19036,19088,19140,19193,19246,19299,19353,19407,19462,19517,19572,19628,19684,19741,19798,19855,19913,19971,20029,20088,20147,20206,20266,20326,20387,20447,20508,20569,20631,20693,20755,20817,20880,20942,21005,21069,21132,21195,21259,21323,21387,21452,21516,21581,21645,21710,21775,21840,21905,21970,22035,22101,22166,22231,22297,22362,22427,22493,22558,22623
75,Ireland,5000,5002,5003,5005,5006,5008,5009,5011,5012,5014,5016,5017,5019,5021,5022,5024,5026,5028,5029,5031,5033,5035,5036,5038,5039,5041,5042,5043,5044,5046,5047,5048,5049,5049,5050,5051,5051,5052,5053,5053,5053,5054,5054,5054,5055,5055,5055,5055,5055,5055,5055,5055,5056,5056,5056,5056,5056,5056,5056,5056,5056,5056,5056,5056,5056,5056,5056,5056,5056,5056,5056,5056,5056,5056,5056,5056,5056,5056,5056,5056,5056,5056,5056,5056,5056,5056,5056,5056,5056,5056,5056,5056,5056,5056,5056,5056,5056,5056,5056,5056,5056,5056
76,Israel,6429,6429,6429,6429,6430,6430,6430,6430,6431,6431,6431,6432,6432,6433,6433,6434,6435,6435,6436,6436,6437,6438,6439,6439,6440,6441,6442,6443,6444,6445,6446,6447,6448,6449,6451,6452,6453,6455,6456,6457,6459,6461,6462,6464,6466,6467,6469,6471,6473,6475,6477,6480,6482,6484,6486,6489,6491,6494,6497,6499,6502,6505,6508,6511,6514,6517,6520,6523,6527,6530,6534,6537,6541,6544,6548,6552,6556,6560,6564,6568,6572,6576,6580,6584,6589,6593,6597,6602,6606,6611,6615,6620,6624,6629,6634,6638,6643,6648,6653,6657,6662,6667
77,Italy,127637,127662,127686,127708,127729,127749,127768,127786,127803,127819,127835,127850,127864,127878,127892,127905,127919,127931,127944,127956,127967,127978,127988,127998,128007,128015,128023,128031,128038,128045,128051,128057,128063,128068,128073,128077,128081,128085,128089,128092,128096,128098,128101,128104,128106,128108,128110,128112,128113,128115,128116,128117,128118,128119,128120,128121,128122,128123,128123,128124,128124,128125,128125,128125,128126,128126,128126,128127,128127,128127,128127,128127,128127,128127,128128,128128,128128,128128,128128,128128,128128,128128,128128,128128,128128,128128,128128,128128,128128,128128,128128,128128,128128,128128,128128,128128,128128,128128,128128,128128,128128,128128
78,Jamaica,1082,1086,1090,1093,1097,1101,1105,1108,1112,1115,1119,1122,1126,1129,1133,1136,1140,1143,1146,1149,1153,1156,1159,1162,1165,1168,1171,1174,1177,1180,1183,1186,1189,1191,1194,1197,1200,1202,1205,1207,1210,1213,1215,1218,1220,1223,1225,1227,1230,1232,1234,1237,1239,1241,1243,1245,1248,1250,1252,1254,1256,1258,1260,1262,1264,1266,1267,1269,1271,1273,1275,1276,1278,1280,1282,1283,1285,1287,1288,1290,1291,1293,1294,1296,1297,1299,1300,1302,1303,1305,1306,1307,1309,1310,1311,1312,1314,1315,1316,1317,1318,1320
79,Japan,14788,14817,14846,14874,14901,14928,14954,14981,15007,15033,15059,15086,15112,15138,15165,15191,15218,15244,15271,15297,15323,15349,15375,15400,15425,15449,15474,15497,15521,15544,15567,15589,15611,15632,15653,15673,15693,15712,15731,15750,15768,15785,15802,15818,15834,15850,15865,15879,15893,15906,15919,15932,15944,15955,15966,15977,15987,15997,16006,16015,16023,16031,16039,16046,16053,16060,16066,16072,16078,16083,16088,16093,16097,16101,16105,16109,16113,16116,16119,16122,16124,16127,16129,16132,16134,16135,16137,16139,16140,16142,16143,16144,16145,16146,16147,16148,16149,16150,16150,16151,16151,16152
80,Jordan,9769,9777,9785,9792,9800,9807,9815,9823,9830,9838,9845,9853,9860,9868,9875,9883,9890,9898,9905,9913,9920,9927,9934,9941,9948,9955,9962,9968,9975,9981,9987,9993,9999,10005,10011,10017,10022,10027,10032,10037,10042,10047,10052,10056,10061,10065,10069,10073,10077,10080,10084,10087,10091,10094,10097,10100,10102,10105,10108,10110,10112,10115,10117,10119,10121,10123,10124,10126,10128,10129,10131,10132,10133,10134,10135,10137,10138,10138,10139,10140,10141,10142,10142,10143,10144,10144,10145,10145,10146,10146,10146,10147,10147,10147,10148,10148,10148,10149,10149,10149,10149,10149
81,Kazakhstan,3544,3547,3549,3552,3555,3558,3561,3564,3568,3571,3575,3579,3583,3587,3591,3595,3600,3605,3609,3614,3619,3624,3629,3634,3640,3645,3651,3656,3662,3668,3674,3680,3686,3692,3698,3704,3710,3717,3723,3729,3736,3742,3749,3755,3762,3768,3775,3781,3788,3794,3801,3807,3813,3820,3826,3832,3839,3845,3851,3857,3863,3868,3874,3880,3885,3891,3896,3902,3907,3912,3917,3922,3926,3931,3936,3940,3944,3948,3952,3956,3960,3964,3967,3971,3974,3977,3981,3984,3986,3989,3992,3994,3997,3999,4001,4004,4006,4008,4010,4011,4013,4015
82,Kenya,3671,3687,3704,3721,3738,3756,3774,3791,3810,3828,3846,3864,3882,3901,3919,3937,3955,3973,3991,4009,4027,4045,4063,4081,4099,4117,4135,4153,4171,4189,4207,4225,4243,4261,4279,4297,4315,4333,4351,4369,4387,4405,4423,4441,4459,4477,4495,4513,4531,4549,4567,4585,4603,4620,4638,4656,4674,4692,4710,4728,4746,4764,4782,4800,4817,4835,4853,4871,4889,4907,4925,4942,4960,4978,4996,5014,5031,5049,5067,5085,5103,5120,5138,5156,5173,5191,5209,5227,5244,5262,5280,5297,5315,5332,5350,5368,5385,5403,5420,5438,5455,5473
83,South Korea,2026,2028,2030,2031,2033,2035,2037,2039,2041,2043,2045,2047,2049,2051,2053,2055,2057,2060,2062,2064,2067,2069,2072,2074,2076,2079,2081,2084,2086,2089,2092,2094,2097,2099,2102,2105,2107,2110,2113,2115,2118,2121,2124,2126,2129,2132,2134,2137,2140,2142,2145,2148,2150,2153,2156,2158,2161,2163,2166,2168,2171,2174,2176,2178,2181,2183,2186,2188,2190,2193,2195,2197,2199,2202,2204,2206,2208,2210,2212,2214,2216,2218,2220,2221,2223,2225,2227,2228,2230,2232,2233,2235,2236,2238,2239,2240,2242,2243,2244,2246,2247,2248
84,Kuwait,2005,2016,2027,2038,2049,2060,2071,2083,2094,2106,2118,2129,2141,2153,2165,2177,2189,2200,2212,2224,2235,2246,2256,2266,2275,2285,2293,2301,2309,2316,2322,2328,2334,2338,2343,2346,2349,2352,2354,2356,2357,2358,2359,2359,2360,2360,2360,2360,2360,2360,2360,2360,2360,2360,2360,2360,2360,2360,2360,2360,2360,2360,2360,2360,2360,2360,2360,2360,2360,2360,2360,2360,2360,2360,2360,2360,2360,2360,2360,2360,2360,2360,2360,2360,2360,2360,2360,2360,2360,2360,2360,2360,2360,2360,2360,2360,2360,2360,2360,2360,2360,2360
85,Kyrgyzstan,2027,2035,2043,2051,2059,2068,2077,2086,2096,2106,2115,2125,2136,2146,2156,2166,2177,2187,2198,2208,2219,2230,2240,2251,2262,2273,2284,2296,2307,2318,2330,2341,2353,2364,2376,2388,2400,2412,2424,2436,2448,2460,2472,2485,2497,2510,2522,2535,2547,2560,2573,2586,2599,2612,2625,2638,2651,2664,2677,2690,2704,2717,2730,2744,2757,2771,2784,2798,2811,2825,2838,2852,2866,2880,2893,2907,2921,2935,2948,2962,2976,2990,3004,3018,3032,3046,3060,3073,3087,3101,3115,3129,3143,3157,3171,3185,3198,3212,3226,3240,3254,3267
86,Latvia,2526,2528,2530,2532,2533,2535,2536,2537,2539,2540,2541,2542,2543,2544,2545,2546,2547,2548,2548,2549,2550,2551,2551,2552,2553,2553,2554,2554,2555,2555,2556,2556,2556,2557,2557,2558,2558,2558,2558,2559,2559,2559,2560,2560,2560,2560,2560,2561,2561,2561,2561,2561,2561,2561,2562,2562,2562,2562,2562,2562,2562,2562,2562,2562,2563,2563,2563,2563,2563,2563,2563,2563,2563,2563,2563,2563,2563,2563,2563,2563,2563,2563,2563,2563,2563,2563,2563,2563,2563,2563,2564,2564,2564,2564,2564,2564,2564,2564,2564,2564,2564,2564
87,Lebanon,7859,7862,7864,7867,7870,7873,7875,7878,7881,7883,7886,7889,7891,7894,7897,7900,7902,7905,7908,7911,7914,7916,7919,7922,7925,7928,7930,7933,7936,7938,7941,7944,7946,7949,7952,7954,7957,7959,7962,7964,7967,7969,7972,7974,7976,7979,7981,7983,7986,7988,7990,7992,7994,7996,7998,8000,8002,8004,8006,8008,8010,8012,8013,8015,8017,8018,8020,8022,8023,8025,8026,8028,8029,8030,8032,8033,8034,8035,8037,8038,8039,8040,8041,8042,8043,8044,8045,8046,8047,8048,8048,8049,8050,8051,8052,8052,8053,8054,8054,8055,8055,8056
88,Liberia,133,134,135,136,137,138,140,141,142,143,145,146,147,148,149,151,152,153,154,155,156,157,158,159,160,161,162,163,164,165,166,167,168,169,170,171,172,172,173,174,175,176,177,178,178,179,180,181,181,182,183,184,184,185,186,187,187,188,189,189,190,191,191,192,193,193,194,194,195,196,196,197,197,198,198,199,199,200,201,201,202,202,203,203,204,204,204,205,205,206,206,207,207,208,208,208,209,209,210,210,210,211
89,Liechtenstein,59,59,59,59,59,59,59,59,59,59,59,59,59,59,59,59,59,59,59,59,59,59,59,59,59,59,59,59,59,59,59,59,59,59,59,59,59,59,59,59,59,59,59,59,59,59,59,59,59,59,59,59,59,59,59,59,59,59,59,59,59,59,59,59,59,59,59,59,59,59,59,59,59,59,59,59,59,59,59,59,59,59,59,59,59,59,59,59,59,59,59,59,59,59,59,59,59,59,59,59,59,59
90,Lithuania,4389,4391,4392,4393,4395,4396,4397,4398,4398,4399,4400,4400,4401,4401,4402,4402,4403,4403,4404,4404,4404,4405,4405,4405,4405,4406,4406,4406,4406,4406,4407,4407,4407,4407,4407,4407,4407,4407,4407,4407,4407,4407,4408,4408,4408,4408,4408,4408,4408,4408,4408,4408,4408,4408,4408,4408,4408,4408,4408,4408,4408,4408,4408,4408,4408,4408,4408,4408,4408,4408,4408,4408,4408,4408,4408,4408,4408,4408,4408,4408,4408,4408,4408,4408,4408,4408,4408,4408,4408,4408,4408,4408,4408,4408,4408,4408,4408,4408,4408,4408,4408,4408
91,Luxembourg,818,818,818,818,818,818,818,818,818,818,818,818,818,818,818,818,818,818,818,818,818,818,818,818,818,818,818,818,818,818,818,818,818,818,818,818,818,818,818,818,818,818,818,818,818,818,818,818,818,818,818,818,818,818,818,818,818,818,818,818,818,818,818,818,818,818,818,818,818,818,818,818,818,818,818,818,818,818,818,818,818,818,818,818,818,818,818,818,818,818,818,818,818,818,818,818,818,818,818,818,818,818
92,Madagascar,921,923,924,925,927,928,929,930,931,932,933,934,935,935,936,937,937,938,939,939,940,941,941,942,942,943,943,943,944,944,945,945,945,946,946,946,947,947,947,947,948,948,948,948,948,949,949,949,949,949,949,950,950,950,950,950,950,950,950,951,951,951,951,951,951,951,951,951,951,951,951,951,951,951,952,952,952,952,952,952,952,952,952,952,952,952,952,952,952,952,952,952,952,952,952,952,952,952,952,952,952,952
93,Malaysia,5434,5507,5578,5649,5720,5790,5861,5931,6002,6072,6143,6215,6287,6360,6433,6506,6581,6655,6729,6802,6876,6949,7021,7093,7164,7234,7303,7371,7439,7505,7570,7633,7696,7757,7817,7875,7932,7987,8041,8094,8145,8194,8242,8288,8332,8375,8417,8456,8495,8531,8567,8600,8633,8663,8693,8721,8747,8772,8796,8819,8841,8861,8880,8898,8915,8931,8946,8960,8973,8986,8997,9008,9018,9027,9036,9044,9051,9058,9065,9070,9076,9081,9085,9090,9093,9097,9100,9103,9106,9108,9110,9112,9114,9116,9117,9119,9120,9121,9122,9123,9123,9124
94,Maldives,213,214,214,215,215,216,216,216,217,217,218,218,218,219,219,219,220,220,220,221,221,221,222,222,222,222,223,223,223,223,223,224,224,224,224,224,224,225,225,225,225,225,225,225,225,225,226,226,226,226,226,226,226,226,226,226,226,226,226,226,226,226,227,227,227,227,227,227,227,227,227,227,227,227,227,227,227,227,227,227,227,227,227,227,227,227,227,227,227,227,227,227,227,227,227,227,227,227,227,227,227,227
95,Malta,420,420,420,420,420,420,420,420,420,420,420,420,420,420,420,420,420,420,420,420,420,421,421,421,421,421,421,421,421,421,421,421,421,421,421,421,421,421,421,421,421,422,422,422,422,422,422,422,422,422,422,422,422,422,423,423,423,423,423,423,423,423,423,423,424,424,424,424,424,424,424,424,424,424,425,425,425,425,425,425,425,425,425,425,426,426,426,426,426,426,426,426,426,427,427,427,427,427,427,427,427,427
96,Mauritania,489,490,490,491,491,492,493,493,494,495,495,496,497,498,498,499,500,501,501,502,503,504,505,506,507,508,508,509,510,511,512,513,514,515,516,517,518,519,521,522,523,524,525,526,527,528,529,531,532,533,534,535,536,538,539,540,541,542,544,545,546,547,549,550,551,552,553,555,556,557,558,559,561,562,563,564,565,567,568,569,570,571,572,574,575,576,577,578,579,580,581,582,583,584,585,586,587,588,589,590,591,592
97,Mauritius,18,18,18,18,18,18,18,18,18,18,18,18,18,18,18,18,18,18,18,18,18,18,18,18,18,18,18,18,18,18,18,18,18,18,18,18,18,18,18,18,18,18,18,18,18,18,18,18,18,18,18,18,18,18,18,18,18,18,18,18,18,18,18,18,18,18,18,18,18,18,18,18,18,18,18,18,18,18,18,18,18,18,18,18,18,18,18,18,18,18,18,18,18,18,18,18,18,18,18,18,18,18
98,Mexico,233580,233761,233946,234134,234328,234526,234730,234940,235157,235380,235610,235846,236088,236334,236586,236842,237102,237366,237635,237908,238185,238466,238752,239042,239336,239634,239936,240241,240551,240864,241181,241501,241825,242152,242482,242815,243151,243490,243831,244175,244521,244870,245220,245573,245927,246283,246640,246998,247358,247719,248080,248442,248804,249167,249530,249893,250256,250618,250980,251341,251701,252060,252418,252774,253129,253482,253834,254183,254530,254875,255217,255557,255894,256228,256559,256887,257212,257533,257851,258165,258476,258783,259085,259384,259679,259969,260255,260537,260814,261087,261356,261619,261879,262133,262383,262628,262868,263104,263335,263561,263782,263998
99,Moldova,6195,6197,6199,6201,6203,6205,6207,6209,6211,6213,6215,6218,6220,6222,6224,6226,6229,6231,6233,6236,6238,6240,6243,6245,6247,6250,6252,6254,6257,6259,6262,6264,6266,6269,6271,6274,6276,6279,6281,6283,6286,6288,6291,6293,6296,6298,6300,6303,6305,6307,6310,6312,6315,6317,6319,6322,6324,6326,6329,6331,6333,6335,6338,6340,6342,6344,6346,6349,6351,6353,6355,6357,6359,6361,6363,6365,6367,6369,6371,6373,6375,6377,6379,6381,6382,6384,6386,6388,6390,6391,6393,6395,6396,6398,6399,6401,6402,6404,6405,6407,6408,6410
100,Monaco,33,33,33,33,33,33,33,33,33,33,33,33,33,33,33,33,33,33,33,33,33,33,33,33,33,33,33,33,33,33,33,33,33,33,33,33,33,33,33,33,33,33,33,33,33,33,33,33,33,33,33,33,33,33,33,33,33,33,33,33,33,33,33,33,33,33,33,33,33,33,33,33,33,33,33,33,33,33,33,33,33,33,33,33,33,33,33,33,33,33,33,33,33,33,33,33,33,33,33,33,33,33
101,Mongolia,617,631,646,661,676,691,707,723,739,754,771,787,803,818,834,850,866,882,897,912,928,942,957,971,985,999,1012,1025,1038,1050,1062,1073,1084,1094,1105,1114,1124,1133,1141,1150,1157,1165,1172,1178,1185,1191,1196,1202,1207,1211,1216,1220,1224,1227,1231,1234,1237,1239,1242,1244,1246,1248,1250,1251,1253,1254,1256,1257,1258,1259,1260,1260,1261,1262,1262,1263,1263,1264,1264,1264,1265,1265,1265,1265,1266,1266,1266,1266,1266,1266,1266,1266,1266,1266,1267,1267,1267,1267,1267,1267,1267,1267
102,Montenegro,1614,1615,1615,1616,1616,1617,1618,1618,1619,1619,1620,1620,1621,1622,1622,1623,1623,1624,1625,1625,1626,1626,1627,1628,1628,1629,1630,1630,1631,1631,1632,1633,1633,1634,1634,1635,1636,1636,1637,1638,1638,1639,1639,1640,1641,1641,1642,1642,1643,1644,1644,1645,1645,1646,1647,1647,1648,1648,1649,1650,1650,1651,1651,1652,1653,1653,1654,1654,1655,1655,1656,1657,1657,1658,1658,1659,1659,1660,1660,1661,1661,1662,1663,1663,1664,1664,1665,1665,1666,1666,1667,1667,1668,1668,1669,1669,1670,1670,1671,1671,1671,1672
103,Morocco,9315,9321,9327,9333,9339,9345,9351,9357,9364,9370,9377,9383,9390,9396,9403,9410,9417,9423,9430,9437,9444,9451,9458,9465,9472,9479,9485,9492,9499,9506,9513,9520,9527,9534,9541,9548,9555,9562,9569,9576,9583,9590,9597,9603,9610,9617,9624,9630,9637,9644,9650,9657,9663,9669,9676,9682,9688,9695,9701,9707,9713,9719,9725,9731,9736,9742,9748,9753,9759,9764,9769,9775,9780,9785,9790,9795,9800,9805,9809,9814,9819,9823,9827,9832,9836,9840,9844,9848,9852,9856,9860,9864,9867,9871,9874,9878,9881,9884,9887,9890,9893,9896
104,Namibia,1626,1660,1695,1729,1763,1797,1830,1864,1898,1932,1966,2001,2037,2074,2111,2150,2189,2229,2270,2311,2353,2395,2438,2482,2526,2570,2615,2661,2707,2754,2801,2848,2896,2945,2994,3043,3093,3143,3193,3244,3295,3346,3397,3449,3501,3553,3606,3658,3711,3764,3817,3870,3923,3976,4029,4082,4136,4189,4242,4294,4347,4400,4452,4504,4556,4608,4660,4711,4762,4813,4863,4913,4963,5012,5061,5109,5157,5205,5252,5299,5345,5390,5435,5480,5524,5568,5611,5653,5695,5736,5777,5817,5856,5895,5934,5971,6008,6045,6081,6116,6151,6185
105,Nepal,9198,9223,9246,9268,9290,9311,9331,9350,9369,9387,9405,9423,9441,9458,9475,9492,9509,9525,9542,9558,9573,9589,9604,9619,9633,9647,9661,9675,9688,9701,9714,9726,9738,9750,9762,9773,9785,9795,9806,9817,9827,9837,9847,9856,9865,9874,9883,9892,9901,9909,9917,9925,9933,9940,9948,9955,9962,9969,9975,9982,9988,9994,10001,10006,10012,10018,10023,10029,10034,10039,10044,10049,10054,10058,10063,10067,10072,10076,10080,10084,10088,10092,10095,10099,10102,10106,10109,10112,10115,10118,10121,10124,10127,10130,10133,10135,10138,10140,10143,10145,10147,10149
106,Netherlands,18039,18041,18042,18044,18045,18046,18048,18049,18050,18051,18052,18053,18054,18055,18056,18057,18058,18059,18060,18061,18062,18063,18064,18064,18065,18066,18066,18067,18067,18068,18068,18069,18069,18069,18070,18070,18070,18070,18071,18071,18071,18071,18071,18071,18071,18071,18072,18072,18072,18072,18072,18072,18072,18072,18072,18072,18072,18072,18072,18072,18072,18072,18072,18072,18072,18072,18072,18072,18072,18072,18072,18072,18072,18072,18072,18072,18072,18072,18072,18072,18072,18072,18072,18072,18072,18072,18072,18072,18072,18072,18072,18072,18072,18072,18072,18072,18072,18072,18072,18072,18072,18072
107,New Zealand,26,26,26,26,26,26,26,26,26,26,26,26,26,26,26,26,26,26,26,26,26,26,26,26,26,26,26,26,26,26,26,26,26,26,26,26,26,26,26,26,26,26,26,26,26,26,26,26,26,26,26,26,26,26,26,26,26,26,26,26,26,26,26,26,26,26,26,26,26,26,26,26,26,26,26,26,26,26,26,26,26,26,26,26,26,26,26,26,26,26,26,26,26,26,26,26,26,26,26,26,26,26
108,Nicaragua,191,191,191,191,191,192,192,192,192,192,192,192,192,193,193,193,193,193,193,194,194,194,194,194,195,195,195,195,195,196,196,196,196,197,197,197,197,198,198,198,198,199,199,199,200,200,200,201,201,201,202,202,202,203,203,203,204,204,205,205,206,206,206,207,207,208,208,209,209,210,210,211,212,212,213,213,214,215,215,216,217,217,218,219,220,220,221,222,223,223,224,225,226,227,228,229,230,231,232,233,234,235
109,Niger,194,194,194,194,194,194,194,194,194,194,194,194,194,194,194,194,194,194,194,194,194,194,194,194,194,194,194,194,194,194,194,194,194,194,194,194,194,194,194,194,194,194,194,194,194,194,194,194,194,194,194,194,194,194,194,194,194,194,194,194,194,194,194,194,194,194,194,194,194,194,194,194,194,194,194,194,194,194,194,194,194,194,194,194,194,194,194,194,194,194,194,194,194,194,194,194,194,194,194,194,194,194
110,Nigeria,2121,2121,2122,2122,2122,2122,2123,2123,2123,2123,2124,2124,2124,2125,2125,2125,2126,2126,2126,2127,2127,2127,2128,2128,2129,2129,2129,2130,2130,2131,2131,2132,2132,2132,2133,2133,2134,2134,2135,2135,2136,2136,2137,2138,2138,2139,2139,2140,2141,2141,2142,2142,2143,2144,2144,2145,2146,2147,2147,2148,2149,2150,2150,2151,2152,2153,2154,2155,2156,2156,2157,2158,2159,2160,2161,2162,2163,2164,2165,2166,2167,2169,2170,2171,2172,2173,2174,2176,2177,2178,2180,2181,2182,2184,2185,2186,2188,2189,2191,2192,2194,2196
111,Macedonia,5486,5487,5487,5488,5489,5489,5490,5490,5491,5491,5491,5492,5492,5493,5493,5493,5494,5494,5494,5494,5495,5495,5495,5495,5496,5496,5496,5496,5496,5496,5497,5497,5497,5497,5497,5497,5497,5497,5497,5498,5498,5498,5498,5498,5498,5498,5498,5498,5498,5498,5498,5498,5498,5498,5498,5498,5498,5498,5498,5498,5498,5498,5498,5498,5498,5499,5499,5499,5499,5499,5499,5499,5499,5499,5499,5499,5499,5499,5499,5499,5499,5499,5499,5499,5499,5499,5499,5499,5499,5499,5499,5499,5499,5499,5499,5499,5499,5499,5499,5499,5499,5499
112,Norway,794,794,795,795,795,795,796,796,796,796,797,797,797,798,798,798,798,799,799,799,799,800,800,800,800,801,801,801,801,801,802,802,802,802,802,802,803,803,803,803,803,803,803,803,803,803,803,804,804,804,804,804,804,804,804,804,804,804,804,804,804,804,804,804,804,804,804,804,804,804,804,804,804,804,804,804,804,804,804,804,804,804,804,804,804,804,804,804,804,804,804,804,804,804,804,804,804,804,804,804,804,804
113,Oman,3140,3162,3185,3208,3232,3256,3280,3305,3329,3354,3379,3403,3427,3451,3475,3498,3522,3545,3568,3590,3613,3635,3656,3677,3698,3719,3738,3758,3777,3795,3813,3831,3848,3864,3880,3895,3910,3924,3938,3951,3964,3976,3988,3999,4010,4020,4030,4039,4048,4056,4064,4071,4078,4085,4091,4097,4103,4108,4113,4117,4122,4126,4129,4133,4136,4139,4142,4145,4147,4149,4151,4153,4155,4156,4158,4159,4160,4162,4163,4163,4164,4165,4166,4166,4167,4168,4168,4168,4169,4169,4169,4170,4170,4170,4170,4171,4171,4171,4171,4171,4171,4171
114,Pakistan,22408,22434,22459,22484,22508,22531,22554,22577,22600,22623,22646,22668,22691,22714,22737,22760,22783,22807,22830,22853,22876,22899,22921,22944,22966,22989,23011,23033,23055,23076,23098,23119,23140,23161,23181,23202,23222,23242,23262,23282,23301,23320,23339,23358,23376,23395,23413,23431,23448,23466,23483,23499,23516,23532,23549,23564,23580,23595,23611,23625,23640,23654,23669,23682,23696,23709,23722,23735,23748,23760,23773,23784,23796,23808,23819,23830,23840,23851,23861,23871,23881,23890,23900,23909,23918,23927,23935,23943,23951,23959,23967,23974,23982,23989,23996,24002,24009,24015,24021,24027,24033,24039
115,Panama,6567,6574,6582,6590,6597,6605,6613,6622,6630,6639,6647,6656,6665,6674,6683,6692,6702,6711,6720,6730,6740,6749,6759,6769,6779,6789,6799,6809,6819,6829,6839,6849,6859,6870,6880,6890,6900,6911,6921,6931,6941,6952,6962,6972,6982,6993,7003,7013,7023,7033,7043,7052,7062,7072,7082,7091,7101,7110,7120,7129,7138,7147,7156,7165,7174,7182,7191,7199,7207,7216,7224,7232,7239,7247,7255,7262,7270,7277,7284,7291,7297,7304,7311,7317,7323,7329,7336,7341,7347,7353,7358,7364,7369,7374,7379,7384,7388,7393,7397,7402,7406,7410
116,Papua New Guinea,173,173,173,173,174,174,174,174,174,174,174,174,174,174,174,174,174,174,175,175,175,175,175,175,175,175,175,175,175,175,175,175,175,175,175,175,175,175,175,175,175,175,175,175,175,175,175,175,175,175,175,175,175,175,175,175,175,175,175,175,175,175,175,175,175,175,175,175,175,175,175,175,175,175,175,175,175,175,175,175,175,175,175,175,175,175,175,175,175,175,175,175,175,175,175,175,175,175,175,175,175,175
117,Paraguay,13235,13340,13443,13542,13639,13733,13824,13913,13999,14083,14166,14246,14326,14404,14481,14557,14632,14706,14778,14850,14920,14989,15057,15123,15188,15251,15313,15374,15434,15492,15549,15605,15659,15713,15765,15816,15866,15914,15962,16008,16054,16098,16141,16183,16224,16264,16303,16342,16379,16415,16450,16485,16518,16551,16583,16614,16644,16673,16701,16729,16756,16782,16808,16833,16857,16880,16903,16925,16947,16968,16988,17008,17027,17045,17063,17081,17098,17114,17130,17146,17161,17175,17190,17203,17216,17229,17242,17254,17265,17277,17288,17298,17309,17319,17328,17337,17346,17355,17364,17372,17380,17387
118,Peru,192687,192870,193050,193227,193403,193575,193745,193912,194075,194234,194391,194543,194692,194838,194981,195121,195257,195391,195521,195649,195773,195895,196013,196129,196242,196352,196459,196564,196665,196765,196861,196955,197047,197136,197223,197307,197389,197469,197546,197621,197694,197765,197834,197901,197965,198028,198089,198148,198205,198260,198314,198366,198416,198465,198512,198557,198601,198644,198685,198725,198763,198800,198836,198870,198904,198936,198967,198997,199025,199053,199080,199105,199130,199154,199177,199199,199220,199241,199260,199279,199297,199315,199331,199347,199363,199377,199392,199405,199418,199431,199443,199454,199465,199475,199486,199495,199504,199513,199522,199530,199537,199545
119,Philippines,25063,25174,25284,25394,25502,25609,25715,25819,25923,26026,26129,26230,26332,26432,26533,26633,26733,26832,26931,27030,27128,27225,27321,27417,27512,27606,27699,27791,27883,27974,28063,28152,28240,28327,28413,28499,28583,28666,28748,28829,28909,28988,29066,29142,29218,29293,29366,29439,29510,29580,29649,29717,29784,29850,29915,29978,30040,30102,30162,30221,30279,30335,30391,30445,30499,30551,30603,30653,30702,30750,30797,30843,30888,30932,30975,31017,31057,31097,31136,31174,31211,31247,31283,31317,31350,31383,31414,31445,31475,31504,31533,31560,31587,31613,31638,31662,31686,31709,31732,31753,31774,31794
120,Poland,75083,75101,75118,75134,75149,75163,75177,75189,75201,75212,75222,75232,75241,75250,75259,75267,75275,75283,75291,75298,75304,75311,75316,75322,75327,75331,75336,75340,75344,75348,75351,75354,75357,75360,75362,75365,75367,75369,75371,75372,75374,75376,75377,75378,75379,75381,75382,75383,75383,75384,75385,75386,75386,75387,75388,75388,75389,75389,75389,75390,75390,75390,75391,75391,75391,75391,75392,75392,75392,75392,75392,75392,75393,75393,75393,75393,75393,75393,75393,75393,75393,75393,75393,75393,75393,75394,75394,75394,75394,75394,75394,75394,75394,75394,75394,75394,75394,75394,75394,75394,75394,75394
121,Portugal,17112,17116,17120,17124,17129,17133,17138,17142,17147,17152,17157,17162,17167,17172,17178,17183,17188,17193,17198,17203,17208,17213,17218,17222,17227,17231,17236,17240,17244,17248,17252,17256,17260,17263,17267,17270,17273,17276,17279,17281,17284,17286,17289,17291,17293,17295,17296,17298,17300,17301,17302,17303,17305,17306,17307,17307,17308,17309,17310,17310,17311,17311,17312,17312,17312,17313,17313,17313,17314,17314,17314,17314,17314,17314,17314,17315,17315,17315,17315,17315,17315,17315,17315,17315,17315,17315,17315,17315,17315,17315,17315,17315,17315,17315,17315,17315,17315,17315,17315,17315,17315,17315
122,Qatar,592,593,593,594,595,595,596,596,597,597,598,599,599,600,600,601,601,602,602,603,603,604,604,605,605,606,606,606,607,607,607,608,608,608,609,609,609,610,610,610,610,610,611,611,611,611,611,611,612,612,612,612,612,612,612,612,612,612,613,613,613,613,613,613,613,613,613,613,613,613,613,613,613,613,613,613,613,613,613,613,613,613,613,613,613,613,613,613,613,613,613,613,613,613,613,613,613,613,613,613,613,613
123,Romania,33925,34043,34153,34257,34355,34447,34535,34618,34696,34772,34844,34915,34983,35049,35114,35178,35241,35303,35363,35420,35476,35530,35582,35631,35679,35725,35769,35812,35853,35892,35930,35967,36002,36036,36068,36100,36130,36159,36187,36213,36239,36264,36288,36311,36333,36354,36375,36394,36413,36431,36449,36465,36482,36497,36512,36526,36540,36553,36566,36578,36590,36601,36612,36622,36632,36642,36651,36660,36669,36677,36685,36692,36700,36707,36713,36720,36726,36732,36738,36743,36748,36753,36758,36763,36767,36772,36776,36780,36783,36787,36790,36794,36797,36800,36803,36806,36809,36811,36814,36816,36819,36821
124,Russian Federation,134987,135575,136180,136801,137434,138077,138729,139385,140045,140704,141360,142011,142656,143293,143922,144542,145154,145759,146356,146945,147527,148100,148665,149222,149770,150310,150840,151361,151873,152376,152869,153353,153827,154292,154747,155192,155627,156053,156468,156874,157270,157657,158033,158400,158757,159105,159443,159772,160091,160401,160702,160994,161277,161551,161816,162073,162322,162562,162794,163018,163235,163443,163644,163838,164025,164205,164377,164544,164703,164857,165004,165145,165280,165410,165534,165653,165766,165875,165979,166078,166173,166263,166349,166431,166509,166584,166654,166722,166785,166846,166904,166958,167010,167059,167105,167149,167191,167230,167267,167302,167335,167366
125,Rwanda,465,468,472,476,481,486,491,496,501,507,513,519,525,531,538,544,550,556,562,568,575,581,587,594,600,607,613,620,626,633,640,647,654,660,667,674,682,689,696,703,710,718,725,732,740,747,755,763,770,778,786,794,802,810,818,826,834,842,850,858,867,875,884,892,901,909,918,927,935,944,953,962,971,980,989,998,1008,1017,1026,1036,1045,1055,1064,1074,1083,1093,1103,1113,1123,1133,1143,1153,1163,1173,1183,1193,1204,1214,1224,1235,1245,1256
126,Saint Lucia,84,84,84,84,85,85,85,85,85,85,86,86,86,86,86,86,87,87,87,87,87,87,88,88,88,88,88,88,88,89,89,89,89,89,89,89,90,90,90,90,90,90,90,90,91,91,91,91,91,91,91,91,92,92,92,92,92,92,92,92,92,93,93,93,93,93,93,93,93,93,93,94,94,94,94,94,94,94,94,94,94,94,94,95,95,95,95,95,95,95,95,95,95,95,95,95,95,96,96,96,96,96
127,Saint Vincent and the Grenadines,12,12,12,12,12,12,12,12,12,12,12,12,12,12,12,12,12,12,12,12,12,12,12,12,12,12,12,12,12,12,12,12,12,12,12,12,12,12,12,12,12,12,12,12,12,12,12,12,12,12,12,12,12,12,12,12,12,12,12,12,12,12,12,12,12,12,12,12,12,12,12,12,12,12,12,12,12,12,12,12,12,12,12,12,12,12,12,12,12,12,12,12,12,12,12,12,12,12,12,12,12,12
128,San Marino,90,90,90,90,90,90,90,90,90,90,90,90,90,90,90,90,90,90,90,90,90,90,90,90,90,90,90,90,90,90,90,90,90,90,90,90,90,90,90,90,90,90,90,90,90,90,90,90,90,90,90,90,90,90,90,90,90,90,90,90,90,90,90,90,90,90,90,90,90,90,90,90,90,90,90,90,90,90,90,90,90,90,90,90,90,90,90,90,90,90,90,90,90,90,90,90,90,90,90,90,90,90
129,Saudi Arabia,7863,7877,7892,7906,7921,7935,7950,7965,7979,7994,8009,8025,8040,8055,8070,8086,8101,8117,8133,8148,8164,8179,8194,8209,8224,8239,8253,8267,8282,8295,8309,8322,8335,8348,8360,8372,8384,8396,8407,8418,8428,8438,8448,8457,8466,8475,8483,8491,8499,8506,8513,8520,8526,8532,8538,8543,8549,8553,8558,8562,8566,8570,8574,8577,8580,8583,8586,8588,8591,8593,8595,8597,8599,8600,8602,8603,8604,8605,8606,8607,8608,8609,8610,8610,8611,8611,8612,8612,8613,8613,8613,8614,8614,8614,8614,8615,8615,8615,8615,8615,8615,8615
130,Senegal,1171,1172,1173,1175,1176,1178,1179,1181,1182,1184,1186,1187,1189,1191,1193,1195,1197,1199,1201,1203,1205,1207,1209,1212,1214,1216,1219,1221,1223,1226,1229,1231,1234,1237,1239,1242,1245,1248,1251,1254,1258,1261,1264,1268,1271,1274,1278,1282,1285,1289,1293,1297,1301,1305,1309,1314,1318,1322,1327,1332,1336,1341,1346,1351,1356,1361,1367,1372,1377,1383,1389,1395,1400,1406,1413,1419,1425,1432,1438,1445,1452,1459,1466,1474,1481,1489,1496,1504,1512,1520,1529,1537,1546,1554,1563,1572,1582,1591,1601,1610,1620,1630
131,Serbia,7055,7059,7063,7066,7070,7073,7077,7080,7083,7085,7088,7091,7093,7096,7098,7100,7103,7105,7107,7109,7111,7113,7115,7117,7119,7121,7123,7124,7126,7127,7129,7130,7132,7133,7135,7136,7137,7138,7139,7141,7142,7143,7144,7145,7146,7147,7148,7148,7149,7150,7151,7152,7152,7153,7154,7154,7155,7156,7156,7157,7157,7158,7159,7159,7160,7160,7160,7161,7161,7162,7162,7163,7163,7163,7164,7164,7164,7165,7165,7165,7166,7166,7166,7166,7167,7167,7167,7167,7168,7168,7168,7168,7168,7169,7169,7169,7169,7169,7169,7170,7170,7170
132,Seychelles,71,72,73,75,76,77,78,79,80,81,82,84,85,86,87,88,89,90,91,92,93,93,94,95,96,97,98,98,99,100,100,101,101,102,103,103,104,104,105,105,106,106,106,107,107,108,108,108,109,109,109,110,110,110,110,111,111,111,111,112,112,112,112,112,113,113,113,113,113,113,113,114,114,114,114,114,114,114,114,114,114,115,115,115,115,115,115,115,115,115,115,115,115,115,115,115,115,115,115,115,116,116
133,Singapore,36,36,36,36,36,36,36,36,36,36,36,36,36,36,36,36,36,36,36,36,36,36,36,36,36,36,36,36,36,36,36,36,36,36,36,36,36,36,36,36,36,36,36,36,36,36,36,36,36,36,36,36,36,36,36,36,36,36,36,36,36,36,36,36,36,36,36,36,36,36,36,36,36,36,36,36,36,36,36,36,36,36,36,36,36,36,36,36,36,36,36,36,36,36,36,36,36,36,36,36,36,36
134,Slovakia,12513,12515,12518,12520,12522,12524,12526,12527,12529,12530,12532,12533,12534,12536,12537,12538,12539,12541,12542,12543,12544,12545,12546,12547,12547,12548,12549,12550,12551,12551,12552,12553,12553,12554,12554,12555,12555,12556,12556,12557,12557,12557,12558,12558,12559,12559,12559,12559,12560,12560,12560,12560,12561,12561,12561,12561,12561,12562,12562,12562,12562,12562,12562,12562,12563,12563,12563,12563,12563,12563,12563,12563,12563,12563,12563,12563,12564,12564,12564,12564,12564,12564,12564,12564,12564,12564,12564,12564,12564,12564,12564,12564,12564,12564,12564,12564,12564,12564,12564,12564,12564,12564
135,Slovenia,4419,4419,4420,4420,4420,4421,4421,4421,4421,4421,4422,4422,4422,4422,4422,4422,4422,4422,4423,4423,4423,4423,4423,4423,4423,4423,4423,4423,4423,4423,4423,4423,4423,4423,4423,4423,4423,4423,4423,4424,4424,4424,4424,4424,4424,4424,4424,4424,4424,4424,4424,4424,4424,4424,4424,4424,4424,4424,4424,4424,4424,4424,4424,4424,4424,4424,4424,4424,4424,4424,4424,4424,4424,4424,4424,4424,4424,4424,4424,4424,4424,4424,4424,4424,4424,4424,4424,4424,4424,4424,4424,4424,4424,4424,4424,4424,4424,4424,4424,4424,4424,4424
136,Somalia,775,775,775,775,775,775,775,775,775,775,775,775,775,775,775,775,775,775,775,775,775,775,775,775,775,775,775,775,775,775,775,775,775,775,775,775,775,775,775,775,775,775,775,775,775,775,775,775,775,775,775,775,775,775,775,775,775,775,775,775,775,775,775,775,775,775,775,775,775,775,775,775,775,775,775,775,775,775,775,775,775,775,775,775,775,775,775,775,775,775,775,775,775,775,775,775,775,775,775,775,775,775
137,South Africa,61507,61715,61934,62164,62407,62661,62926,63204,63492,63791,64100,64419,64745,65079,65420,65765,66115,66471,66831,67197,67568,67945,68328,68717,69111,69510,69915,70325,70740,71161,71586,72015,72449,72888,73331,73778,74229,74683,75141,75603,76067,76535,77005,77478,77953,78430,78909,79390,79872,80355,80840,81325,81811,82297,82783,83268,83754,84239,84723,85205,85687,86167,86645,87121,87595,88066,88535,89001,89464,89923,90379,90832,91281,91725,92166,92602,93034,93461,93883,94300,94713,95120,95522,95918,96309,96695,97075,97449,97817,98179,98535,98886,99230,99568,99901,100227,100546,100860,101168,101469,101764,102053
138,Spain,80911,80928,80946,80963,80980,80998,81015,81033,81051,81070,81090,81110,81131,81152,81175,81197,81221,81245,81269,81294,81320,81345,81371,81397,81423,81450,81476,81503,81529,81556,81583,81609,81635,81662,81688,81713,81739,81764,81789,81813,81837,81861,81884,81907,81929,81950,81971,81992,82011,82030,82049,82067,82084,82101,82117,82132,82147,82161,82174,82187,82199,82210,82221,82232,82241,82250,82259,82267,82275,82282,82289,82295,82301,82306,82311,82316,82320,82324,82328,82331,82334,82337,82339,82342,82344,82346,82348,82349,82351,82352,82353,82354,82355,82356,82357,82357,82358,82359,82359,82359,82360,82360
139,Sri Lanka,3191,3235,3279,3322,3363,3404,3444,3483,3522,3560,3597,3633,3669,3704,3739,3774,3808,3841,3874,3907,3939,3970,4001,4031,4061,4090,4118,4146,4173,4200,4226,4251,4276,4300,4324,4347,4370,4391,4413,4434,4454,4474,4493,4512,4530,4548,4565,4582,4598,4614,4629,4644,4658,4672,4686,4699,4712,4724,4736,4747,4758,4769,4779,4789,4799,4808,4817,4826,4834,4842,4850,4858,4865,4872,4878,4885,4891,4897,4903,4908,4913,4918,4923,4928,4932,4936,4940,4944,4948,4951,4955,4958,4961,4964,4967,4970,4972,4975,4977,4979,4981,4983
140,Sudan,2760,2761,2763,2764,2765,2766,2767,2768,2769,2769,2770,2771,2772,2773,2773,2774,2775,2775,2776,2777,2777,2778,2779,2779,2780,2780,2781,2781,2782,2782,2782,2783,2783,2784,2784,2784,2785,2785,2785,2786,2786,2786,2787,2787,2787,2788,2788,2788,2788,2788,2789,2789,2789,2789,2790,2790,2790,2790,2790,2790,2791,2791,2791,2791,2791,2791,2791,2791,2792,2792,2792,2792,2792,2792,2792,2792,2792,2792,2793,2793,2793,2793,2793,2793,2793,2793,2793,2793,2793,2793,2793,2793,2793,2793,2793,2794,2794,2794,2794,2794,2794,2794
141,Suriname,541,547,553,559,565,570,576,581,586,591,596,601,606,610,615,619,624,628,632,637,641,645,648,652,656,659,663,666,669,672,675,678,681,684,687,689,692,694,696,699,701,703,705,707,708,710,712,713,715,717,718,719,721,722,723,724,725,726,727,728,729,730,731,732,732,733,734,734,735,735,736,736,737,737,738,738,738,739,739,739,740,740,740,741,741,741,741,741,742,742,742,742,742,742,742,742,743,743,743,743,743,743
142,Sweden,14631,14634,14636,14639,14641,14643,14645,14647,14649,14651,14653,14655,14657,14659,14661,14662,14664,14666,14667,14669,14671,14672,14673,14675,14676,14677,14678,14679,14680,14681,14681,14682,14683,14684,14684,14685,14685,14686,14686,14686,14687,14687,14687,14687,14688,14688,14688,14688,14688,14688,14689,14689,14689,14689,14689,14689,14689,14689,14689,14689,14689,14689,14689,14689,14689,14689,14689,14689,14689,14689,14689,14689,14689,14689,14689,14689,14689,14689,14689,14689,14689,14689,14689,14689,14689,14689,14689,14689,14689,14689,14689,14689,14689,14689,14689,14689,14689,14689,14689,14689,14689,14689
143,Switzerland,10894,10895,10896,10897,10898,10899,10900,10900,10901,10902,10902,10903,10903,10904,10904,10905,10905,10906,10906,10906,10907,10907,10907,10908,10908,10908,10909,10909,10909,10909,10909,10910,10910,10910,10910,10910,10910,10910,10910,10911,10911,10911,10911,10911,10911,10911,10911,10911,10911,10911,10911,10911,10911,10911,10911,10911,10911,10911,10911,10911,10911,10911,10911,10911,10911,10911,10911,10911,10911,10911,10911,10911,10911,10911,10911,10911,10911,10911,10911,10911,10911,10911,10911,10911,10911,10911,10911,10911,10911,10911,10911,10911,10911,10911,10911,10911,10911,10911,10911,10911,10911,10911
144,Tanzania,21,21,21,21,21,21,21,21,21,21,21,21,21,21,21,21,21,21,21,21,21,21,21,21,21,21,21,21,21,21,21,21,21,21,21,21,21,21,21,21,21,21,21,21,21,21,21,21,21,21,21,21,21,21,21,21,21,21,21,21,21,21,21,21,21,21,21,21,21,21,21,21,21,21,21,21,21,21,21,21,21,21,21,21,21,21,21,21,21,21,21,21,21,21,21,21,21,21,21,21,21,21
145,Thailand,2182,2225,2269,2314,2360,2407,2456,2507,2558,2612,2667,2724,2783,2843,2904,2967,3030,3095,3161,3228,3297,3366,3437,3508,3581,3655,3731,3807,3884,3963,4042,4123,4204,4286,4370,4454,4539,4625,4711,4799,4887,4976,5065,5155,5246,5337,5429,5521,5614,5707,5800,5894,5988,6082,6176,6270,6365,6459,6553,6648,6742,6836,6930,7023,7116,7209,7302,7394,7485,7576,7667,7757,7846,7935,8022,8109,8196,8281,8366,8450,8532,8614,8695,8775,8854,8931,9008,9084,9158,9231,9304,9375,9444,9513,9580,9646,9711,9775,9837,9898,9958,10016
146,Togo,130,130,130,131,131,131,131,132,132,132,132,133,133,133,134,134,134,135,135,136,136,137,137,138,138,139,139,140,140,141,142,142,143,144,145,145,146,147,148,149,150,151,152,153,154,155,157,158,159,161,162,164,165,167,168,170,172,174,176,178,180,182,185,187,190,192,195,198,201,204,207,210,214,217,221,225,229,233,237,242,246,251,256,262,267,273,279,285,291,298,305,312,319,327,335,344,352,361,371,381,391,401
147,Trinidad and Tobago,879,888,897,906,914,923,931,938,946,953,960,968,975,981,988,995,1001,1008,1014,1021,1027,1033,1038,1044,1050,1055,1060,1065,1070,1075,1080,1084,1089,1093,1097,1101,1105,1109,1113,1116,1120,1123,1126,1129,1132,1135,1138,1141,1143,1146,1148,1150,1153,1155,1157,1159,1161,1162,1164,1166,1167,1169,1170,1172,1173,1174,1175,1176,1178,1179,1180,1180,1181,1182,1183,1184,1184,1185,1186,1186,1187,1188,1188,1189,1189,1190,1190,1190,1191,1191,1191,1192,1192,1192,1192,1193,1193,1193,1193,1194,1194,1194
148,Tunisia,15261,15358,15460,15565,15676,15791,15913,16040,16173,16313,16459,16611,16769,16932,17100,17272,17447,17627,17811,18000,18193,18390,18593,18801,19013,19231,19453,19680,19911,20148,20390,20636,20887,21143,21404,21669,21939,22214,22493,22776,23064,23356,23652,23952,24256,24564,24875,25190,25508,25830,26155,26483,26813,27146,27482,27819,28159,28501,28844,29189,29535,29882,30230,30578,30927,31276,31626,31975,32323,32671,33018,33365,33710,34053,34395,34735,35073,35409,35742,36073,36401,36726,37048,37367,37682,37994,38302,38607,38908,39204,39497,39785,40069,40349,40624,40894,41160,41422,41678,41930,42177,42419
149,Turkey,49874,49926,49978,50030,50081,50131,50182,50232,50282,50331,50381,50429,50478,50527,50575,50623,50671,50717,50763,50808,50851,50892,50932,50969,51005,51039,51071,51102,51131,51158,51183,51206,51228,51249,51268,51285,51301,51316,51329,51341,51352,51362,51372,51380,51387,51394,51400,51405,51409,51413,51417,51420,51423,51425,51427,51429,51430,51432,51433,51434,51435,51435,51436,51436,51437,51437,51437,51438,51438,51438,51438,51438,51438,51438,51438,51438,51438,51438,51438,51438,51438,51438,51438,51438,51438,51438,51438,51438,51438,51438,51438,51438,51438,51438,51438,51438,51438,51438,51438,51438,51438,51438
150,Uganda,1111,1131,1150,1169,1188,1207,1226,1244,1262,1280,1298,1315,1333,1350,1366,1383,1399,1416,1432,1448,1464,1480,1495,1511,1526,1541,1556,1571,1586,1601,1615,1629,1644,1658,1672,1685,1699,1713,1726,1739,1752,1765,1778,1791,1803,1816,1828,1840,1853,1865,1876,1888,1900,1911,1923,1934,1945,1956,1967,1978,1989,1999,2010,2020,2030,2040,2050,2060,2070,2080,2090,2099,2109,2118,2127,2136,2145,2154,2163,2172,2181,2189,2198,2206,2214,2222,2231,2239,2247,2254,2262,2270,2277,2285,2292,2300,2307,2314,2321,2328,2335,2342
151,Ukraine,54735,54776,54816,54854,54891,54926,54961,54995,55029,55061,55094,55126,55157,55189,55220,55251,55283,55314,55344,55375,55405,55434,55463,55492,55521,55549,55576,55603,55630,55657,55683,55708,55734,55759,55783,55807,55831,55855,55878,55901,55923,55945,55967,55988,56009,56030,56050,56070,56090,56109,56128,56147,56166,56184,56201,56219,56236,56253,56270,56286,56302,56318,56333,56348,56363,56378,56392,56406,56420,56433,56447,56460,56473,56485,56497,56510,56521,56533,56544,56556,56566,56577,56588,56598,56608,56618,56628,56637,56646,56655,56664,56673,56681,56690,56698,56706,56714,56721,56729,56736,56743,56750
152,United Arab Emirates,1831,1836,1842,1847,1852,1857,1863,1868,1873,1878,1883,1888,1894,1899,1904,1909,1914,1919,1923,1927,1930,1933,1935,1937,1938,1939,1940,1940,1940,1941,1941,1941,1941,1941,1941,1941,1941,1941,1941,1941,1941,1941,1941,1941,1941,1941,1941,1941,1941,1941,1941,1941,1941,1941,1941,1941,1941,1941,1941,1941,1941,1941,1941,1941,1941,1941,1941,1941,1941,1941,1941,1941,1941,1941,1941,1941,1941,1941,1941,1941,1941,1941,1941,1941,1941,1941,1941,1941,1941,1941,1941,1941,1941,1941,1941,1941,1941,1941,1941,1941,1941,1941
153,United Kingdom,128471,128489,128509,128529,128550,128572,128595,128618,128643,128669,128695,128722,128750,128778,128806,128835,128865,128894,128924,128954,128984,129015,129046,129076,129107,129138,129169,129201,129232,129263,129293,129324,129355,129385,129415,129445,129474,129504,129532,129561,129589,129616,129643,129670,129696,129721,129746,129771,129794,129817,129840,129862,129883,129904,129924,129943,129962,129980,129998,130014,130030,130046,130061,130075,130089,130102,130114,130126,130138,130148,130159,130168,130178,130186,130195,130203,130210,130217,130223,130230,130235,130241,130246,130251,130255,130259,130263,130267,130270,130273,130276,130279,130281,130283,130286,130287,130289,130291,130292,130294,130295,130296
154,Uruguay,5663,5691,5719,5745,5770,5794,5816,5838,5858,5878,5896,5914,5931,5947,5962,5977,5992,6006,6019,6032,6044,6055,6066,6076,6086,6095,6104,6112,6119,6127,6134,6140,6146,6152,6157,6162,6167,6171,6175,6179,6182,6186,6189,6192,6194,6197,6199,6201,6203,6205,6207,6209,6210,6211,6213,6214,6215,6216,6217,6217,6218,6219,6220,6220,6221,6221,6222,6222,6222,6223,6223,6223,6223,6224,6224,6224,6224,6224,6225,6225,6225,6225,6225,6225,6225,6225,6225,6225,6225,6225,6225,6225,6225,6225,6226,6226,6226,6226,6226,6226,6226,6226
155,United States,605493,605748,605999,606248,606495,606740,606984,607227,607472,607717,607963,608211,608461,608712,608965,609220,609477,609734,609993,610252,610511,610771,611031,611290,611550,611809,612068,612327,612585,612842,613099,613355,613611,613865,614118,614370,614621,614871,615119,615366,615612,615855,616097,616338,616576,616813,617047,617280,617510,617738,617964,618188,618410,618628,618845,619059,619270,619479,619685,619889,620089,620287,620483,620675,620864,621051,621235,621415,621593,621768,621940,622109,622274,622437,622597,622754,622908,623058,623206,623351,623493,623631,623767,623900,624030,624157,624281,624402,624520,624636,624748,624858,624965,625070,625171,625270,625367,625461,625552,625640,625727,625810
156,Uzbekistan,745,747,750,752,754,757,760,762,765,768,771,774,777,780,784,787,790,793,797,800,803,807,810,814,817,821,825,828,832,836,839,843,847,851,855,859,863,867,871,875,879,883,887,891,895,899,903,907,912,916,920,924,928,933,937,941,945,950,954,958,962,967,971,975,979,984,988,992,996,1000,1004,1009,1013,1017,1021,1025,1029,1033,1037,1041,1045,1049,1053,1056,1060,1064,1068,1071,1075,1079,1082,1086,1089,1093,1096,1100,1103,1106,1110,1113,1116,1119
157,Venezuela,3173,3189,3206,3222,3238,3254,3270,3285,3301,3317,3332,3348,3363,3378,3394,3409,3424,3439,3455,3470,3485,3500,3515,3530,3544,3559,3574,3589,3603,3618,3632,3647,3661,3675,3689,3704,3718,3732,3746,3759,3773,3787,3800,3814,3827,3841,3854,3867,3880,3893,3906,3919,3932,3945,3957,3970,3982,3995,4007,4019,4031,4043,4055,4067,4079,4091,4102,4114,4125,4136,4148,4159,4170,4181,4191,4202,4213,4223,4234,4244,4255,4265,4275,4285,4295,4305,4314,4324,4334,4343,4352,4362,4371,4380,4389,4398,4407,4415,4424,4433,4441,4449
158,Vietnam,84,85,87,88,90,92,93,95,97,98,100,102,104,106,108,111,113,115,117,120,122,125,127,130,132,135,138,141,144,147,150,153,156,159,163,166,170,173,177,181,184,188,192,196,201,205,209,214,218,223,227,232,237,242,247,252,258,263,268,274,280,285,291,297,303,309,316,322,329,335,342,349,356,363,370,377,385,392,400,407,415,423,431,439,448,456,464,473,482,491,499,509,518,527,536,546,555,565,575,585,595,605
159,Zambia,2397,2428,2460,2493,2526,2561,2595,2630,2665,2700,2735,2771,2806,2841,2877,2912,2948,2983,3019,3054,3090,3125,3161,3197,3233,3269,3305,3341,3377,3413,3450,3486,3522,3559,3595,3631,3668,3704,3741,3778,3814,3851,3887,3924,3961,3998,4034,4071,4108,4144,4181,4218,4254,4291,4328,4365,4401,4438,4474,4511,4548,4584,4621,4657,4693,4730,4766,4802,4839,4875,4911,4947,4983,5019,5055,5091,5127,5162,5198,5233,5269,5304,5340,5375,5410,5445,5480,5515,5550,5584,5619,5653,5688,5722,5756,5790,5824,5858,5892,5925,5959,5992
160,Zimbabwe,1859,1871,1883,1898,1913,1929,1947,1966,1985,2006,2027,2048,2070,2093,2115,2137,2159,2182,2204,2227,2250,2273,2296,2319,2343,2367,2391,2415,2440,2464,2489,2514,2540,2565,2591,2617,2643,2669,2696,2722,2749,2777,2804,2831,2859,2887,2915,2943,2972,3001,3030,3059,3088,3117,3147,3177,3207,3237,3267,3298,3329,3360,3391,3422,3453,3485,3517,3549,3581,3613,3645,3678,3711,3744,3777,3810,3843,3876,3910,3944,3978,4012,4046,4080,4114,4149,4183,4218,4253,4288,4323,4358,4394,4429,4464,4500,4536,4571,4607,4643,4679,4715
161,Dominica,0,0,0,0,0,0,0,0,0,0,0,0,0,0,0,0,0,0,0,0,0,0,0,0,0,0,0,0,0,0,0,0,0,0,0,0,0,0,0,0,0,0,0,0,0,0,0,0,0,0,0,0,0,0,0,0,0,0,0,0,0,0,0,0,0,0,0,0,0,0,0,0,0,0,0,0,0,0,0,0,0,0,0,0,0,0,0,0,0,0,0,0,0,0,0,0,0,0,0,0,0,0
162,Grenada,1,1,1,1,1,1,1,1,1,1,1,1,1,1,1,1,1,1,1,1,1,1,1,1,1,1,1,1,1,1,1,1,1,1,1,1,1,1,1,1,1,1,1,1,1,1,1,1,1,1,1,1,1,1,1,1,1,1,1,1,1,1,1,1,1,1,1,1,1,1,1,1,1,1,1,1,1,1,1,1,1,1,1,1,1,1,1,1,1,1,1,1,1,1,1,1,1,1,1,1,1,1
163,Mozambique,897,901,905,909,914,919,925,932,938,945,953,961,969,978,987,996,1005,1014,1024,1033,1043,1054,1064,1075,1086,1098,1109,1121,1134,1147,1160,1173,1187,1201,1215,1230,1245,1261,1277,1294,1311,1328,1346,1364,1383,1403,1422,1443,1464,1485,1507,1530,1553,1577,1601,1626,1652,1678,1706,1733,1762,1791,1821,1852,1884,1916,1949,1983,2018,2054,2091,2129,2168,2207,2248,2290,2333,2377,2422,2468,2515,2564,2614,2665,2717,2771,2826,2882,2940,2999,3060,3122,3186,3251,3318,3387,3457,3529,3603,3679,3756,3835
164,Syria,1885,1888,1891,1895,1898,1902,1905,1909,1913,1916,1920,1924,1928,1931,1935,1939,1942,1946,1950,1953,1957,1960,1964,1968,1971,1975,1978,1982,1986,1989,1993,1996,2000,2003,2007,2010,2014,2017,2021,2024,2028,2031,2035,2038,2042,2045,2049,2052,2056,2059,2062,2066,2069,2073,2076,2079,2083,2086,2089,2093,2096,2100,2103,2106,2109,2113,2116,2119,2123,2126,2129,2132,2136,2139,2142,2145,2149,2152,2155,2158,2161,2164,2168,2171,2174,2177,2180,2183,2186,2189,2192,2196,2199,2202,2205,2208,2211,2214,2217,2220,2223,2226
165,Timor-Leste,24,24,25,25,25,26,26,26,27,27,27,28,28,28,29,29,29,30,30,30,31,31,31,31,32,32,32,33,33,33,34,34,34,34,35,35,35,36,36,36,36,37,37,37,37,38,38,38,39,39,39,39,40,40,40,40,41,41,41,41,42,42,42,42,43,43,43,43,43,44,44,44,44,45,45,45,45,45,46,46,46,46,46,47,47,47,47,47,48,48,48,48,48,49,49,49,49,49,50,50,50,50
166,Belize,330,330,330,330,331,331,331,331,331,331,331,331,332,332,332,332,332,332,332,332,332,333,333,333,333,333,333,333,333,333,333,334,334,334,334,334,334,334,334,334,334,334,334,335,335,335,335,335,335,335,335,335,335,335,335,335,335,335,335,336,336,336,336,336,336,336,336,336,336,336,336,336,336,336,336,336,336,336,336,336,336,336,336,336,336,337,337,337,337,337,337,337,337,337,337,337,337,337,337,337,337,337
167,Laos,3,3,3,3,3,3,3,3,3,3,3,3,3,3,3,3,3,3,3,3,3,3,3,3,3,3,3,3,3,3,3,3,3,3,3,3,3,3,3,3,3,3,3,3,3,3,3,3,3,3,3,3,3,3,3,3,3,3,3,3,3,3,3,3,3,3,3,3,3,3,3,3,3,3,3,3,3,3,3,3,3,3,3,3,3,3,3,3,3,3,3,3,3,3,3,3,3,3,3,3,3,3
168,Libya,3205,3207,3209,3211,3213,3216,3218,3220,3222,3224,3227,3229,3231,3233,3236,3238,3240,3243,3245,3248,3250,3252,3255,3257,3260,3262,3265,3268,3270,3273,3275,3278,3281,3283,3286,3288,3291,3294,3297,3299,3302,3305,3308,3310,3313,3316,3319,3322,3325,3327,3330,3333,3336,3339,3342,3345,3348,3351,3354,3357,3360,3363,3366,3369,3372,3375,3378,3381,3384,3387,3390,3394,3397,3400,3403,3406,3409,3412,3415,3419,3422,3425,3428,3431,3434,3438,3441,3444,3447,3450,3453,3457,3460,3463,3466,3469,3473,3476,3479,3482,3485,3489
169,West Bank and Gaza,3570,3571,3573,3574,3576,3577,3578,3579,3580,3582,3583,3584,3585,3586,3587,3588,3589,3590,3591,3592,3593,3594,3595,3596,3597,3598,3599,3600,3601,3602,3603,3604,3604,3605,3606,3607,3608,3608,3609,3610,3611,3611,3612,3613,3614,3614,3615,3616,3616,3617,3618,3618,3619,3619,3620,3621,3621,3622,3622,3623,3623,3624,3624,3625,3625,3626,3626,3627,3627,3628,3628,3629,3629,3630,3630,3631,3631,3631,3632,3632,3633,3633,3633,3634,3634,3635,3635,3635,3636,3636,3636,3637,3637,3637,3638,3638,3638,3639,3639,3639,3639,3640
170,Guinea-Bissau,69,69,69,69,69,69,69,69,69,69,69,69,69,69,69,69,69,69,69,69,69,69,69,69,69,69,69,69,69,69,69,69,69,69,69,69,69,69,69,69,69,69,69,69,69,69,69,69,69,69,69,69,69,69,69,69,69,69,69,69,69,69,69,69,69,69,69,69,69,69,69,69,69,69,69,69,69,69,69,69,69,69,69,69,69,69,69,69,69,69,69,69,69,69,69,69,69,69,69,69,69,69
171,Mali,526,526,526,526,527,527,527,527,527,527,527,527,527,528,528,528,528,528,528,528,528,528,529,529,529,529,529,529,529,529,529,529,530,530,530,530,530,530,530,530,530,530,531,531,531,531,531,531,531,531,531,531,531,531,532,532,532,532,532,532,532,532,532,532,532,532,533,533,533,533,533,533,533,533,533,533,533,533,533,533,534,534,534,534,534,534,534,534,534,534,534,534,534,534,534,535,535,535,535,535,535,535
172,Saint Kitts and Nevis,3,3,3,3,3,3,3,3,3,3,3,3,3,3,3,3,3,3,3,3,3,3,3,3,3,3,3,3,3,3,3,3,3,3,3,3,3,3,3,3,3,3,3,3,3,3,3,3,3,3,3,3,3,3,3,3,3,3,3,3,3,3,3,3,3,3,3,3,3,3,3,3,3,3,3,3,3,3,3,3,3,3,3,3,3,3,3,3,3,3,3,3,3,3,3,3,3,3,3,3,3,3
173,Kosovo,2262,2262,2263,2263,2264,2265,2265,2266,2267,2268,2269,2271,2272,2274,2275,2277,2279,2281,2283,2285,2288,2290,2293,2296,2298,2302,2305,2309,2312,2316,2320,2325,2330,2335,2340,2346,2351,2358,2364,2371,2378,2386,2394,2403,2412,2421,2431,2442,2453,2464,2477,2489,2503,2517,2532,2547,2563,2580,2598,2617,2636,2656,2678,2700,2723,2747,2772,2798,2825,2854,2883,2914,2946,2979,3013,3048,3085,3123,3162,3203,3245,3289,3333,3380,3427,3476,3527,3578,3632,3686,3742,3800,3859,3919,3980,4043,4107,4172,4239,4307,4376,4445
174,Myanmar,3384,3390,3395,3402,3408,3415,3423,3430,3438,3446,3453,3461,3469,3476,3483,3490,3497,3504,3511,3518,3524,3530,3537,3543,3549,3556,3562,3568,3574,3579,3585,3591,3597,3602,3608,3613,3619,3624,3629,3634,3640,3645,3650,3655,3660,3664,3669,3674,3679,3683,3688,3692,3697,3701,3706,3710,3714,3718,3722,3726,3731,3735,3738,3742,3746,3750,3754,3757,3761,3765,3768,3772,3775,3779,3782,3786,3789,3792,3796,3799,3802,3805,3808,3811,3814,3817,3820,3823,3826,3829,3832,3834,3837,3840,3843,3845,3848,3850,3853,3855,3858,3860
175,MS Zaandam,2,2,2,2,2,2,2,2,2,2,2,2,2,2,2,2,2,2,2,2,2,2,2,2,2,2,2,2,2,2,2,2,2,2,2,2,2,2,2,2,2,2,2,2,2,2,2,2,2,2,2,2,2,2,2,2,2,2,2,2,2,2,2,2,2,2,2,2,2,2,2,2,2,2,2,2,2,2,2,2,2,2,2,2,2,2,2,2,2,2,2,2,2,2,2,2,2,2,2,2,2,2
176,Botswana,1158,1167,1176,1185,1195,1204,1214,1224,1234,1243,1253,1263,1273,1282,1292,1301,1311,1320,1330,1339,1348,1357,1366,1375,1384,1393,1402,1411,1420,1429,1437,1446,1454,1463,1471,1480,1488,1496,1504,1512,1520,1528,1536,1544,1552,1559,1567,1574,1582,1589,1596,1604,1611,1618,1625,1632,1639,1645,1652,1659,1665,1672,1678,1685,1691,1697,1703,1709,1715,1721,1727,1732,1738,1744,1749,1755,1760,1765,1770,1776,1781,1786,1791,1796,1800,1805,1810,1814,1819,1823,1828,1832,1836,1841,1845,1849,1853,1857,1861,1865,1868,1872
177,Burundi,8,8,8,8,8,8,8,8,8,8,8,8,8,8,8,8,8,8,8,8,8,8,8,8,8,8,8,8,8,8,8,8,8,8,8,8,8,8,8,8,8,8,8,8,8,8,8,8,8,8,8,8,8,8,8,8,8,8,8,8,8,8,8,8,8,8,8,8,8,8,8,8,8,8,8,8,8,8,8,8,8,8,8,8,8,8,8,8,8,8,8,8,8,8,8,8,8,8,8,8,8,8
178,Sierra Leone,104,105,106,107,108,109,111,112,113,114,115,117,118,119,121,122,124,125,126,128,129,131,133,134,136,137,139,141,143,144,146,148,150,152,154,156,158,160,162,164,166,168,170,173,175,177,180,182,184,187,190,192,195,197,200,203,206,209,212,215,218,221,224,227,230,234,237,240,244,247,251,255,258,262,266,270,274,278,282,286,290,295,299,304,308,313,317,322,327,332,337,342,347,353,358,364,369,375,380,386,392,398
179,Malawi,1205,1208,1212,1216,1220,1225,1230,1235,1240,1246,1251,1257,1263,1268,1274,1280,1286,1291,1297,1302,1308,1314,1319,1325,1331,1337,1342,1348,1354,1360,1366,1372,1378,1383,1389,1395,1401,1407,1413,1419,1425,1431,1437,1444,1450,1456,1462,1468,1474,1481,1487,1493,1499,1506,1512,1518,1525,1531,1538,1544,1550,1557,1563,1570,1576,1583,1590,1596,1603,1609,1616,1623,1629,1636,1643,1650,1656,1663,1670,1677,1684,1691,1698,1705,1711,1718,1725,1732,1739,1747,1754,1761,1768,1775,1782,1789,1796,1804,1811,1818,1826,1833
180,South Sudan,117,117,117,117,117,117,117,117,117,117,117,117,117,117,117,117,117,117,117,117,117,117,117,117,117,117,117,117,117,117,117,117,117,117,117,117,117,117,117,117,117,117,117,117,117,117,117,117,117,117,117,117,117,117,117,117,117,117,117,117,117,117,117,117,117,117,117,117,117,117,117,117,117,117,117,117,117,117,117,117,117,117,117,117,117,117,117,117,117,117,117,117,117,117,117,117,117,117,117,117,117,117
181,Western Sahara,0,0,0,0,0,0,0,0,0,0,0,0,0,0,0,0,0,0,0,0,0,0,0,0,0,0,0,0,0,0,0,0,0,0,0,0,0,0,0,0,0,0,0,0,0,0,0,0,0,0,0,0,0,0,0,0,0,0,0,0,0,0,0,0,0,0,0,0,0,0,0,0,0,0,0,0,0,0,0,0,0,0,0,0,0,0,0,0,0,0,0,0,0,0,0,0,0,0,0,0,0,0
182,Sao Tome and Principe,37,37,37,37,37,37,37,37,37,37,37,37,37,37,37,37,37,37,37,37,37,37,37,37,37,37,37,37,37,37,37,37,37,37,37,37,37,37,37,37,37,37,37,37,37,37,37,37,37,37,37,37,37,37,37,37,37,37,37,37,37,37,37,37,37,37,37,37,37,37,37,37,37,37,37,37,37,37,37,37,37,37,37,37,37,37,37,37,37,37,37,37,37,37,37,37,37,37,37,37,37,37
183,Yemen,1361,1362,1362,1363,1363,1363,1364,1364,1364,1365,1365,1365,1366,1366,1366,1367,1367,1367,1367,1368,1368,1368,1368,1369,1369,1369,1369,1370,1370,1370,1370,1370,1370,1371,1371,1371,1371,1371,1371,1372,1372,1372,1372,1372,1372,1372,1372,1372,1373,1373,1373,1373,1373,1373,1373,1373,1373,1373,1373,1373,1374,1374,1374,1374,1374,1374,1374,1374,1374,1374,1374,1374,1374,1374,1374,1374,1374,1374,1374,1374,1375,1375,1375,1375,1375,1375,1375,1375,1375,1375,1375,1375,1375,1375,1375,1375,1375,1375,1375,1375,1375,1375
