id,Country,2020-01-25,2020-02-01,2020-02-08,2020-02-15,2020-02-22,2020-02-29,2020-03-07,2020-03-14,2020-03-21,2020-03-28,2020-04-04,2020-04-11,2020-04-18,2020-04-25,2020-05-02,2020-05-09,2020-05-16,2020-05-23,2020-05-30,2020-06-06,2020-06-13,2020-06-20,2020-06-27,2020-07-04,2020-07-11,2020-07-18,2020-07-25,2020-08-01,2020-08-08,2020-08-15,2020-08-22,2020-08-29,2020-09-05,2020-09-12,2020-09-19,2020-09-26,2020-10-03,2020-10-10,2020-10-17,2020-10-24,2020-10-31,2020-11-07,2020-11-14,2020-11-21,2020-11-28,2020-12-05,2020-12-12,2020-12-19,2020-12-26,2021-01-02,2021-01-09,2021-01-16,2021-01-23,2021-01-30,2021-02-06,2021-02-13,2021-02-20,2021-02-27,2021-03-06,2021-03-13,2021-03-20,2021-03-27,2021-04-03,2021-04-10,2021-04-17,2021-04-24,2021-05-01,2021-05-08,2021-05-15,2021-05-22,2021-05-29,2021-06-05,2021-06-12,2021-06-19,2021-06-26,2021-07-03,2021-07-10,2021-07-17,2021-07-24,2021-07-31,2021-08-07,2021-08-14,2021-08-21,2021-08-28,2021-09-04,2021-09-11
0,"Afghanistan",0,0,0,0,0,5,8,14,24,106,270,521,908,1330,2469,3563,6402,9952,14529,19637,24188,28383,30702,32758,34437,35375,36122,36796,37101,37637,37980,38229,38390,38727,39005,39278,39383,39789,40227,40687,41334,41975,42969,44443,45839,47388,48826,50456,51764,52586,53400,53938,54559,55008,55330,55473,55580,55707,55840,55959,56093,56290,56595,57144,57721,58730,59939,61755,63412,65486,70111,77963,88740,100521,113124,123485,132777,140224,143666,147154,150240,151941,152497,153007,153395,153982
1,"Albania",0,0,0,0,0,0,0,38,76,197,333,433,548,712,789,856,933,989,1122,1232,1464,1891,2330,2819,3371,4008,4637,5396,6275,7260,8275,9279,10102,11185,12226,13153,14117,15231,16774,18858,20875,23705,27233,32196,36790,42148,47742,52542,55755,58991,63033,67216,71441,77251,84212,91987,99062,106215,112078,116821,120541,123641,126183,128155,129456,130409,131185,131666,131978,132176,132297,132374,132449,132488,132509,132534,132587,132665,132853,133081,133730,135550,138790,144079,150101,156162
2,"Algeria",0,0,0,0,0,1,17,37,139,454,1251,1825,2534,3256,4295,5558,6821,8113,9267,10050,10810,11631,12968,15500,18712,22549,26764,30950,34693,38133,41068,43781,46071,48007,49623,50914,51995,52940,54203,55880,57942,61381,66819,73774,81212,87502,91638,94781,97857,100159,101913,103611,105369,107122,108629,110513,111764,112960,114104,115143,116066,116750,117524,118378,119486,120736,122311,123900,125194,126651,128456,130681,133070,135586,138113,141007,145296,152210,160868,171392,180356,186655,191171,194671,197659,199822
3,"Andorra",0,0,0,0,0,0,1,1,88,308,466,601,704,738,747,754,761,762,764,852,853,855,855,855,855,880,897,925,955,989,1045,1124,1215,1344,1564,1836,2110,2696,3377,4038,4756,5319,5725,6207,6610,7005,7288,7560,7806,8166,8586,9038,9499,9885,10206,10463,10672,10849,11019,11228,11481,11809,12174,12497,12771,13024,13232,13406,13510,13569,13693,13758,13813,13842,13882,13918,14075,14273,14498,14678,14836,14924,14988,15025,15055,15083
4,"Angola",0,0,0,0,0,0,0,0,2,5,10,19,24,25,35,43,48,61,84,88,138,176,259,346,462,687,916,1164,1572,1879,2134,2551,2935,3335,3901,4672,5370,6246,7462,9026,10805,12335,13374,14413,15087,15536,16161,16626,17149,17608,18156,18765,19367,19782,20062,20329,20499,20782,21055,21323,21696,22031,22579,23331,24300,25492,26815,28477,30354,32149,34180,35594,36600,37604,38528,39172,39881,40707,41736,42777,43592,44534,45817,47079,48475,50348
5,"Antigua and Barbuda",0,0,0,0,0,0,0,1,1,7,15,21,23,24,25,25,25,25,25,26,26,26,65,68,74,76,82,91,92,93,94,94,95,95,96,98,107,111,119,124,128,131,134,139,141,144,148,152,155,159,169,187,195,218,288,427,598,726,813,962,1033,1122,1170,1197,1216,1227,1232,1232,1241,1257,1259,1263,1263,1263,1263,1264,1266,1268,1280,1303,1328,1378,1490,1638,1759,2166
6,"Argentina",0,0,0,0,0,0,8,34,158,690,1451,1975,2758,3780,4681,5776,7805,11353,16214,22020,30295,41204,57744,75376,97509,122524,158334,196543,241811,289100,336802,401239,471806,546481,622934,702484,790818,883882,979119,1081336,1166924,1236851,1304846,1366182,1413375,1459832,1494602,1537169,1578267,1634834,1714409,1791979,1862192,1922264,1976689,2021553,2060625,2104197,2146714,2192025,2241739,2301389,2383537,2517300,2677747,2845872,2993865,3136158,3290935,3514683,3732263,3939024,4111147,4258394,4393142,4526473,4639098,4749443,4839109,4929764,5012754,5080908,5130852,5171458,5202405,5223604
7,"Armenia",0,0,0,0,0,0,1,18,160,407,770,967,1248,1677,2273,3175,4283,6302,8927,12364,16004,19708,23909,27900,31392,34462,36996,38841,40185,41495,42616,43626,44649,45675,47154,49072,51925,55736,63000,75523,89813,104249,115855,124839,133594,140959,147312,153173,157349,159798,161794,164235,165909,166901,167937,169022,170234,171793,174257,177899,183127,189540,196044,202167,207973,212878,216596,219092,220729,221880,222555,223143,223643,224167,224728,225464,226285,227298,228632,230110,231923,234227,237249,240953,244602,248397
8,"Australia",0,12,15,15,15,25,63,250,1071,3640,5550,6303,6568,6694,6799,6939,7044,7114,7192,7259,7320,7461,7686,8443,9797,11802,14403,17895,21084,23287,24811,25670,26278,26651,26898,27040,27135,27263,27390,27513,27595,27658,27711,27821,27892,27965,28030,28168,28308,28484,28595,28708,28766,28811,28851,28898,28926,28970,29034,29117,29196,29259,29348,29405,29519,29663,29824,29922,29975,30007,30096,30173,30248,30331,30499,30753,31100,31899,32918,34383,36328,39097,44026,51256,61619,73603
9,"Austria",0,0,0,0,0,9,79,655,2814,8271,11781,13806,14671,15148,15558,15833,16201,16486,16685,16898,17078,17323,17580,18165,18783,19573,20338,21212,21919,23179,25062,26985,29087,32696,37474,42214,47432,54423,63134,78029,104925,147220,198291,241962,275661,300689,319822,337209,350484,364302,379071,392511,403512,413208,422522,432303,443536,457317,472871,491065,511440,533786,556012,574755,591347,606954,620485,630050,636424,640876,644207,646438,648387,649445,650192,650662,651453,653412,655938,659056,662529,667841,675405,684541,695131,708173
10,"Azerbaijan",0,0,0,0,0,0,9,15,53,182,521,1058,1373,1617,1894,2422,3138,3982,5246,7239,9570,12238,15890,19801,23521,27133,29633,32157,33481,34107,35105,36174,37192,38172,39042,39895,40561,41752,44317,49013,55269,63748,73429,89898,114025,142323,171423,199127,213192,219462,224050,226951,228688,230066,231022,231995,232973,234267,236365,239692,245490,254370,268174,283579,298522,311465,320322,326056,329371,332235,333723,334647,335126,335437,335796,336318,337098,338183,340057,343849,350605,365009,388437,413986,439562,455044
11,"Bahamas",0,0,0,0,0,0,0,0,4,10,28,46,55,78,83,92,96,100,102,103,103,104,104,104,111,138,326,599,878,1252,1765,2135,2476,2928,3214,3790,4332,5023,5628,6268,6714,6947,7163,7395,7496,7570,7648,7733,7788,7887,7969,8032,8101,8174,8256,8311,8403,8519,8600,8658,8800,8935,9171,9364,9634,9976,10453,10773,11024,11396,11745,11930,12092,12295,12467,12735,13024,13404,13781,14840,15419,16141,16962,17940,18694,19335
12,"Bahrain",0,0,0,0,0,41,85,210,305,476,688,1040,1773,2588,3284,4774,6747,8802,10793,14383,17713,21331,25267,28857,32470,36004,38747,41190,43629,46430,49038,51391,54771,59586,64499,68775,72310,75287,77571,79975,81645,83264,84523,85591,86645,87732,88965,90062,91518,93184,95317,97268,99456,102626,106713,112102,117234,121778,126126,130404,135326,140818,147770,155402,163113,170335,177997,187905,199093,214870,235698,249582,257852,262427,264995,266286,267112,267796,268413,269186,269949,270816,271534,272246,272916,273622
13,"Bangladesh",0,0,0,0,0,0,0,3,25,48,70,482,2144,4998,8790,13770,20995,32078,44608,63026,84379,108775,133978,159679,181129,202066,221178,239860,255113,274525,292625,308925,323565,336044,347372,357873,367565,377073,387295,397507,407684,418764,430496,445281,460619,475789,489178,499560,508099,515184,521382,527063,531326,534770,537770,540266,543024,545831,549724,556236,568706,591806,630277,678937,715252,742400,760584,772127,779796,787726,797386,809314,824486,848027,883138,936256,1009315,1092411,1153344,1249484,1343396,1412218,1457194,1489589,1512026,1528542
14,"Barbados",0,0,0,0,0,0,0,0,6,26,52,68,75,79,81,84,86,92,92,92,96,97,97,97,103,104,108,122,138,150,158,170,178,180,185,190,196,206,219,227,237,242,249,255,270,285,292,307,352,395,808,1095,1341,1523,1676,2061,2715,3038,3264,3404,3533,3609,3668,3719,3773,3820,3863,3933,3965,3991,4012,4030,4036,4041,4074,4082,4136,4251,4339,4390,4455,4525,4628,4881,5248,5844
15,"Belarus",0,0,0,0,0,1,6,27,76,94,440,2226,5297,9590,15828,22052,28681,35244,41658,47751,53241,57936,61095,63270,64767,65953,67002,67946,68738,69308,70285,71523,72663,73975,75461,77289,79852,82471,87063,91978,98482,105283,112870,122435,133324,145279,158334,171579,184922,198125,210368,223537,235859,246570,256959,267029,276990,285959,294432,301328,309293,317631,326065,334863,342923,351674,359982,367674,374714,384773,392629,398909,404740,410096,414730,420406,426886,433409,439828,446040,452953,459998,468415,477901,488963,501166
16,"Belgium",0,0,1,1,1,1,169,689,2815,9134,18431,28018,37183,45325,49517,52596,54989,56810,58186,59072,59918,60550,61209,61838,62469,63706,65727,69402,73401,77869,81468,84599,87825,92478,100748,112803,127623,156931,213115,305409,429229,494168,531280,556904,574448,589942,603159,623760,638030,649169,662694,677209,691854,707837,723870,737115,752379,769414,785809,805321,827941,866063,897474,922487,947000,972041,993434,1014351,1030071,1047128,1059763,1069874,1075765,1079084,1082476,1086508,1093700,1103413,1113465,1124715,1136726,1149869,1163726,1177909,1192008,1205516
17,"Benin",0,0,0,0,0,0,0,0,2,6,16,35,35,54,90,284,339,135,224,261,412,650,1124,1199,1378,1602,1694,1805,1936,2063,2115,2145,2213,2242,2280,2325,2357,2411,2496,2557,2643,2745,2844,2916,2974,3055,3090,3152,3205,3251,3304,3413,3643,3786,4193,4560,5143,5434,6071,6501,6818,7100,7313,7515,7611,7720,7821,7884,7995,8025,8058,8082,8109,8140,8170,8199,8227,8244,8324,8394,8608,9065,10183,13366,16946,19841
18,"Bhutan",0,0,0,0,0,0,1,1,2,3,5,5,5,7,7,7,21,24,33,48,66,68,75,78,82,87,92,102,108,133,155,195,228,244,259,271,283,306,325,340,349,359,375,379,396,426,437,443,597,710,810,842,854,858,861,863,866,867,868,868,869,871,891,910,952,1018,1106,1202,1279,1392,1603,1682,1808,1903,2027,2133,2266,2411,2482,2515,2544,2570,2585,2594,2596,2596
19,"Bolivia",0,0,0,0,0,0,0,10,19,74,139,275,493,866,1470,2437,3826,5915,9592,13358,17842,23512,30676,38071,47200,58138,68281,78793,89055,99146,108427,115354,120241,125982,130470,133592,136569,138463,139710,140779,141757,142427,143181,143922,144592,145492,147030,149770,154349,162055,172798,185680,199989,215397,227128,236036,241771,248547,253950,259004,264411,269302,274467,281570,287360,297185,306527,317547,329733,346070,366714,385734,405347,420961,433013,444090,453595,461714,467975,473506,477262,481631,486394,489802,492509,494664
20,"Bosnia and Herzegovina",0,0,0,0,0,0,3,18,93,258,624,946,1268,1486,1839,2090,2267,2391,2494,2606,2893,3273,3935,4962,6719,8161,9767,11876,13687,15801,17715,19550,21439,23138,25217,26797,27975,30345,33561,39758,50090,61212,70900,79309,86710,93768,100306,105524,109330,112143,115379,117011,119420,121497,123434,125402,127537,130979,135513,142160,151337,162032,173478,181927,188994,194733,198461,200693,202143,203150,203839,204304,204597,204814,204945,205047,205145,205285,205420,205655,206106,207076,209073,212306,216124,220636
21,"Brazil",0,0,0,0,0,2,13,151,1021,3904,10360,20727,36658,59324,97100,156061,233511,347398,498440,672846,850514,1067579,1313667,1577004,1839850,2074860,2394513,2707877,3012412,3317096,3582362,3846153,4123000,4315687,4528240,4717991,4906833,5082637,5224362,5380635,5535605,5653561,5848959,6052786,6290272,6577177,6880127,7213155,7465806,7716405,8075998,8455059,8816254,9176975,9447165,9809754,10139148,10517232,10938836,11439558,11950459,12490362,12953597,13445006,13900091,14308215,14725975,15145879,15586534,16047439,16471600,16907425,17374818,17883750,18386894,18742025,19069003,19342448,19670534,19917855,20151779,20350142,20556487,20728605,20877864,20989164
22,"Brunei",0,0,0,0,0,0,0,40,83,120,135,136,137,138,138,141,141,141,141,141,141,141,141,141,141,141,141,141,142,142,143,144,145,145,145,146,146,146,147,148,148,148,148,148,150,151,152,152,152,157,173,174,175,180,181,184,185,186,189,192,205,206,214,219,221,223,227,230,232,235,241,244,248,251,259,262,268,283,321,337,339,640,1455,2380,3093,4035
23,"Bulgaria",0,0,0,0,0,0,0,41,163,331,503,661,878,1247,1594,1921,2175,2408,2499,2711,3266,3872,4625,5677,7175,8638,10312,11836,13343,14333,15131,16164,17050,17891,18819,19997,21518,24319,29108,37562,52844,74485,97435,120697,141747,160844,178952,191029,197384,202880,208406,211736,214696,218618,223552,229516,236439,246706,259811,277878,302480,327770,352259,371531,385963,397100,404846,409961,414041,416565,418221,419426,420294,421005,421515,422034,422446,422930,423629,425054,427873,432962,440911,451148,461545,470835
24,"Burkina Faso",0,0,0,0,0,0,0,2,64,207,318,484,565,629,652,748,782,814,847,888,892,901,941,987,1033,1047,1086,1143,1175,1240,1297,1352,1408,1514,1816,1973,2154,2271,2343,2444,2500,2565,2635,2703,2816,3156,3894,4954,6255,6940,7866,9000,9967,10580,11227,11588,11783,11982,12153,12350,12516,12673,12803,12956,13114,13231,13319,13377,13395,13414,13430,13452,13459,13468,13478,13494,13506,13536,13538,13573,13610,13671,13699,13759,13827,13929
25,"Cabo Verde",0,0,0,0,0,0,0,0,3,5,7,8,58,90,152,236,328,371,421,542,726,863,1091,1421,1623,2014,2258,2480,2835,3163,3455,3778,4275,4711,5186,5701,6296,6913,7638,8322,8793,9291,9780,10234,10700,11036,11302,11567,11698,11883,12316,12901,13414,13981,14380,14700,14999,15324,15724,16035,16440,17018,17821,18629,19975,22094,24127,26111,27951,29198,30273,31003,31571,31964,32344,32705,32969,33270,33541,33791,34010,34344,34686,35147,35739,36519
26,"Cambodia",0,1,1,1,1,1,1,7,53,99,114,120,122,122,122,122,122,124,125,125,128,129,141,141,156,171,225,240,248,273,273,273,274,275,275,276,278,283,283,287,291,295,302,306,315,346,359,362,364,381,391,439,458,465,474,479,533,805,987,1305,1578,2147,2689,4081,5771,9359,13790,18717,21834,24645,28825,33613,37959,42052,46810,53298,59978,66336,72104,77243,81335,84860,88735,91770,94839,98842
27,"Cameroon",0,0,0,0,0,0,1,2,27,91,555,820,1017,1518,2077,2274,3105,4400,5904,7599,8681,11610,12592,12592,15173,16157,16708,17255,18042,18469,18762,19142,19604,20009,20431,20735,20924,21203,21441,21570,21793,22342,22692,23528,24117,24752,25143,25724,26277,26848,26848,28010,29617,29617,31394,32098,33749,35714,35714,40622,40622,47669,57337,61731,64809,65998,72250,74946,74946,77733,78929,78929,80090,80328,80487,80858,80858,81467,82003,82064,82064,82454,82454,83425,84210,84210
28,"Canada",0,4,7,7,9,21,64,236,1653,6085,14906,24084,36358,48570,60023,69645,77871,85823,91805,96497,99959,102652,104975,107116,109133,111976,115554,118523,121084,123670,126421,129582,133587,138515,145137,154948,168178,183792,199523,216935,238191,264545,296394,330240,369510,414131,460332,508674,551184,598091,659647,708263,748123,780147,806010,828335,848060,869058,889255,911560,935714,966076,1005978,1061369,1122116,1180681,1235669,1288676,1332229,1364195,1384928,1399231,1408935,1416009,1420724,1424502,1427899,1430437,1433525,1438457,1445915,1458326,1474854,1495859,1520892,1547067
29,"Central African Republic",0,0,0,0,0,0,0,0,3,3,8,8,12,16,72,143,327,552,962,1570,2057,2686,3429,3969,4288,4485,4598,4614,4641,4652,4679,4700,4729,4749,4786,4806,4845,4854,4855,4862,4866,4879,4896,4911,4913,4922,4936,4936,4948,4963,4969,4973,4974,4981,4989,4996,5001,5004,5018,5023,5075,5088,5245,5491,5728,6224,6411,6674,6866,7010,7085,7091,7101,7101,7139,7141,7142,7142,7147,7151,7151,11251,11251,11270,11296,11309
30,"Chad",0,0,0,0,0,0,0,0,1,3,9,11,33,46,117,322,474,648,759,836,848,858,865,871,874,889,915,936,942,952,982,1008,1034,1083,1149,1177,1214,1291,1365,1434,1483,1543,1591,1633,1663,1722,1751,1867,1986,2169,2510,2855,3137,3347,3473,3622,3794,3973,4161,4288,4410,4501,4589,4625,4691,4752,4824,4874,4901,4923,4928,4939,4942,4946,4951,4951,4954,4964,4969,4973,4977,4982,4985,4990,4995,5014
31,"Chile",0,0,0,0,0,2,13,88,592,2015,4355,7366,10598,14537,21213,32208,50016,80287,118720,160351,201634,236748,267766,291847,312029,328846,343592,357658,371023,383902,395708,408009,420434,432666,444674,455979,468471,479595,490003,500542,510256,519977,529676,539143,548941,558668,569781,583355,598394,615902,637742,665493,694647,722900,748082,772396,795845,821418,850483,885379,925089,969913,1019478,1068522,1117348,1162811,1203755,1241976,1280252,1323413,1369597,1420266,1468992,1511275,1542642,1566461,1585160,1598481,1607749,1615771,1622509,1628293,1633153,1637234,1640666,1643630
32,"China",1406,11891,36814,68413,77001,79356,80770,80977,81305,81999,82543,83014,83787,83909,83959,83990,84044,84084,84128,84186,84286,84553,84743,84857,85071,85418,86381,87827,88672,89279,89654,89863,90025,90168,90334,90456,90604,90778,90955,91128,91366,91622,91828,92037,92681,93467,94217,94953,95541,96086,96690,97775,99047,99968,100348,100578,100727,100924,101097,101349,101518,101663,101821,102027,102201,102367,102517,102613,102717,102853,102960,103150,103357,103525,103696,103841,104020,104257,104562,105050,105775,106474,106746,106982,107186,107404
33,"Colombia",0,0,0,0,0,0,1,22,196,608,1406,2709,3621,5142,7285,10495,14939,20177,28236,38027,48746,65633,88591,113389,145632,190700,240795,306181,376870,456689,533103,599884,658456,708964,758398,806038,848147,902747,952371,1007711,1074184,1136447,1191634,1240493,1299613,1362249,1417072,1496062,1584903,1666408,1771363,1891034,2002969,2086806,2151207,2190116,2222018,2248135,2273245,2299082,2331187,2375591,2437197,2518715,2636076,2757274,2877746,2985536,3103333,3210787,3363061,3547017,3724705,3917348,4126340,4324230,4492537,4621260,4716798,4785320,4834634,4864629,4886897,4903304,4916980,4928578
34,"Congo (Brazzaville)",0,0,0,0,0,0,0,0,3,4,22,60,143,200,229,274,391,487,571,683,728,883,1087,1557,2028,2633,3038,3200,3664,3745,3850,3979,4628,4928,4986,5005,5089,5118,5156,5253,5290,5379,5515,5632,5774,5774,6049,6200,6908,7107,7127,7709,7794,7887,8060,8419,8419,8820,9179,9329,9564,9681,9681,10084,10084,10084,10678,11147,11343,11476,11658,11920,12121,12298,12485,12695,12790,12933,13117,13186,13216,13356,13398,13533,13588,13701
35,"Congo (Kinshasa)",0,0,0,0,0,0,0,2,23,65,154,223,307,416,674,937,1455,2025,2966,3878,4724,5672,6690,7379,7971,8324,8801,9084,9436,9638,9811,10007,10178,10385,10488,10593,10752,10841,11000,11143,11306,11550,11760,12180,12608,13413,14342,15397,16763,17998,19159,20693,21713,22604,23485,24240,25080,25792,26469,26938,27468,27887,28292,28542,28894,29498,29904,30285,30546,30863,31416,32796,34949,37519,39758,41959,43970,45426,47786,49917,51523,53136,53899,54508,55307,56096
36,"Costa Rica",0,0,0,0,0,0,1,26,117,295,435,577,655,693,733,780,853,918,1047,1263,1662,2127,2979,4621,7231,10551,14600,18187,22802,27737,33084,39699,46920,55454,63712,72049,79182,87439,95514,103088,109971,116363,123223,129418,137093,143685,150947,157472,162990,169321,177614,184187,189308,193276,196438,199187,201678,204341,206640,209093,211903,215178,216764,222544,228577,238760,250991,265486,282741,299219,314102,327979,339900,350630,361005,371206,380482,389798,398608,406814,416677,428295,440647,455784,472315,489784
37,"Cote d'Ivoire",0,0,0,0,0,0,0,1,14,101,245,533,801,1077,1362,1667,2061,2366,2799,3557,4848,7276,8944,10462,12443,13912,15494,16109,16620,16993,17374,17893,18472,18916,19269,19600,19849,20128,20301,20429,20716,20813,20945,21126,21261,21441,21639,21890,22081,22563,23482,24856,26612,28178,29567,30884,31914,32631,34935,37304,39913,42861,44618,45089,45519,45820,46114,46385,46535,46942,47233,47476,47662,48031,48176,48513,48776,49125,49554,50135,51198,52202,53456,54856,56735,57784
38,"Croatia",0,0,0,0,0,6,12,38,206,657,1126,1534,1832,2016,2088,2176,2224,2243,2246,2247,2251,2299,2624,3094,3672,4253,4792,5224,5543,6420,7900,9861,11739,13368,14725,16007,17401,19932,24761,33959,49316,64704,81844,100410,123693,147454,172523,192987,204312,212262,219347,224575,228568,232090,235126,237459,239685,242617,246120,250484,256805,265901,278650,290899,306225,321372,334229,343829,349910,353735,355955,357408,358504,359115,359607,360181,360768,361488,362496,363615,364832,366724,369392,372814,377299,383108
39,"Diamond Princess",0,0,61,285,634,705,706,706,712,712,712,712,712,712,712,712,712,712,712,712,712,712,712,712,712,712,712,712,712,712,712,712,712,712,712,712,712,712,712,712,712,712,712,712,712,712,712,712,712,712,712,712,712,712,712,712,712,712,712,712,712,712,712,712,712,712,712,712,712,712,712,712,712,712,712,712,712,712,712,712,712,712,712,712,712,712
40,"Cuba",0,0,0,0,0,0,0,4,21,119,288,620,986,1337,1611,1754,1862,1931,2025,2173,2238,2309,2330,2369,2420,2445,2478,2633,2888,3292,3617,3925,4298,4653,5055,5412,5780,5948,6170,6534,6887,7267,7568,7798,8173,8714,9354,10024,11038,12225,14188,17501,20627,25674,32011,37483,43484,49161,54835,60558,65962,71584,78382,85572,92474,100318,107622,114912,123221,131832,140087,147831,156238,166368,179656,200728,231568,275608,324115,384596,448792,509032,573751,634161,680453,737168
41,"Cyprus",0,0,0,0,0,0,0,26,84,179,426,616,761,810,864,892,914,927,944,960,980,985,994,1002,1014,1037,1053,1124,1233,1332,1417,1483,1507,1523,1590,1684,1811,1986,2581,3444,4366,5871,7051,8456,10231,12181,14476,17476,19391,23445,27011,28811,29887,30770,31644,32390,33153,34424,36575,39277,41882,44305,47282,51035,55407,61576,65909,69163,70899,71836,72363,72750,73115,73582,74569,77445,83423,90338,96991,101419,105593,108707,111140,113069,114899,116109
42,"Czechia",0,0,0,0,0,0,19,189,995,2631,4472,5831,6606,7352,7755,8095,8455,8890,9230,9567,9991,10448,11298,12440,13115,13855,15212,16699,18235,19891,21790,24094,27752,35401,48306,63294,80605,114005,168827,250797,335102,411220,458229,490750,518649,544179,575422,618836,667569,735469,822716,883906,933361,980714,1030112,1082849,1146321,1227595,1312164,1392108,1459406,1511021,1549734,1577972,1600341,1618068,1632932,1644335,1652238,1657558,1660935,1663363,1665022,1665961,1666821,1667796,1669182,1670823,1672340,1673576,1674726,1676080,1677378,1678731,1680354,1682926
43,"Denmark",0,0,0,0,0,3,24,836,1420,2366,4269,6191,7437,8643,9605,10517,11056,11487,11833,12124,12339,12591,12875,13032,13147,13374,13643,14028,14751,15867,16637,17204,18163,19989,22881,26687,29789,32575,35440,39918,46863,54742,61593,70152,78874,89382,107660,132164,151764,168182,180915,188878,194599,198779,201871,204754,207769,211420,215015,220609,225540,227741,233410,237793,242424,247704,252740,258881,266240,273366,280183,286420,290358,292273,293590,295756,299511,306452,311935,317909,324120,331163,338039,344679,349702,353364
44,"Djibouti",0,0,0,0,0,0,0,0,1,14,50,187,732,1008,1112,1189,1331,2270,3194,4169,4449,4565,4643,4736,4968,5003,5039,5084,5338,5367,5382,5385,5387,5394,5403,5409,5418,5423,5452,5530,5561,5605,5645,5661,5676,5692,5725,5781,5805,5841,5866,5903,5918,5931,5941,5968,6022,6065,6134,6252,6518,7249,8509,9722,10412,10746,11121,11335,11414,11491,11523,11556,11572,11587,11600,11604,11614,11622,11634,11651,11659,11676,11690,11728,11775,11845
45,"Dominican Republic",0,0,0,0,0,0,2,11,112,719,1488,2759,4335,5926,7578,9882,12110,14422,16908,19195,22572,25778,30619,36184,43114,51519,60896,71415,78778,85545,90561,93732,98776,103092,107700,110957,113926,118014,120925,124018,127018,129645,133225,137770,142653,147655,153585,159064,165940,172965,180644,191339,202507,212553,222148,228895,234502,239009,242660,245616,248989,251582,254136,257186,260627,263944,266861,270600,276272,282685,290526,299681,307847,315815,322071,328376,333053,337147,339669,341905,344151,345960,347637,349620,351453,353071
46,"Ecuador",0,0,0,0,0,0,13,28,506,1823,3465,7257,9022,22719,27464,29071,32763,36258,38571,42728,46356,49731,54574,61535,67209,73382,80036,86232,93572,100688,107089,112906,118045,116451,125620,133981,140351,146828,152422,159614,168192,173486,179627,184876,190909,197391,201524,205920,209274,214513,220349,230808,238232,249779,257115,265527,273097,284347,292943,300666,310868,322699,333175,344877,358157,372754,384589,398921,409520,417840,424741,431429,438108,445586,453365,462142,467976,475215,480720,487372,491185,493767,495115,501049,502146,505262
47,"Egypt",0,0,0,1,1,1,15,109,294,576,1070,1939,3032,4319,6193,8964,11719,16513,23449,32612,42980,53758,63923,74035,81158,87172,91583,94316,95314,96336,97237,98497,99712,100856,101900,102736,103575,104387,105297,106397,107555,108962,110547,112676,115183,118014,121089,124891,131315,140878,148799,155507,161143,165418,169106,173202,177543,181829,185922,190280,194771,199364,204256,209677,215484,221570,228584,236272,244520,252690,260659,267171,272491,276756,280005,281903,282985,283636,283985,284262,284641,285257,286168,287644,289684,292476
48,"El Salvador",0,0,0,0,0,0,0,0,3,19,56,118,190,274,446,784,1265,1819,2395,2934,3603,4475,5727,7507,9391,11508,14221,17050,19978,22619,24420,25537,26206,26851,27428,28722,29358,30070,31456,32585,33826,35145,36358,37404,38586,39930,41394,43195,44892,46803,48574,50784,52949,54723,56237,57638,58903,60021,61101,62086,63188,64168,65180,65491,67404,68468,69198,70255,71330,72220,73246,74141,75351,76697,77484,79790,80932,82852,84691,86620,88371,90129,92686,94060,96067,98122
49,"Equatorial Guinea",0,0,0,0,0,0,0,0,6,12,16,18,79,258,315,439,594,960,1306,1306,1306,1664,2001,3071,3071,3071,3071,4821,4821,4821,4926,4941,4972,4996,5002,5028,5045,5063,5070,5079,5088,5092,5104,5130,5153,5159,5185,5214,5236,5277,5289,5356,5401,5516,5578,5694,5798,6005,6329,6562,6736,6902,7008,7219,7259,7559,7694,7694,7694,8436,8529,8626,8650,8698,8723,8759,8790,8828,8863,8880,8940,8972,9049,9173,9760,10498
50,"Eritrea",0,0,0,0,0,0,0,0,1,6,29,34,39,39,39,39,39,39,39,39,65,143,191,215,232,251,263,279,285,285,306,318,330,361,364,375,398,414,452,461,463,491,493,551,577,632,711,754,992,1320,1556,1877,1940,2135,2326,2429,2685,2847,2944,3038,3118,3208,3334,3447,3491,3605,3671,3742,3844,3932,4061,4427,4848,5336,5780,6074,6277,6402,6495,6547,6576,6601,6620,6639,6647,6655
51,"Estonia",0,0,0,0,0,1,10,115,306,645,1039,1304,1512,1635,1699,1733,1770,1821,1865,1931,1973,1981,1986,1993,2014,2021,2033,2072,2147,2184,2265,2363,2491,2655,2875,3165,3577,3846,4052,4351,4905,5933,7412,9375,11698,14500,17713,21219,25027,28789,33089,36691,40184,43747,47512,51749,57033,64399,73684,83872,94028,102738,108937,113736,117011,120000,122450,124901,126922,128489,129424,130068,130473,130781,130941,131161,131460,131807,132368,133557,134950,136790,138706,141014,143533,146378
52,"Eswatini",0,0,0,0,0,0,0,1,1,9,9,12,22,56,108,163,202,238,283,322,486,627,745,954,1311,1729,2142,2706,3128,3745,4189,4510,4819,5050,5245,5419,5530,5660,5765,5847,5917,5989,6093,6205,6406,6495,6714,7305,8367,9711,11180,12736,14330,15666,16181,16488,16764,17002,17173,17234,17283,17318,17349,17373,18415,18440,18458,18477,18519,18550,18589,18636,18732,18811,19018,19084,19870,21062,22687,25979,30787,35851,40283,42719,44134,44831
53,"Ethiopia",0,0,0,0,0,0,0,1,9,16,38,69,105,122,133,210,306,494,1063,1934,3166,4469,5570,5846,7402,9147,13248,17999,22253,28894,39033,49654,57466,63888,68131,72700,77860,83429,88434,92858,96169,99201,102321,105352,108930,112740,116297,119494,122413,125049,127792,130772,133298,137021,141453,145704,151857,158053,165029,174054,185641,198794,213311,227255,240236,250955,258062,262217,265832,268901,271200,272805,274028,275036,275881,276368,276984,277615,278446,280365,283667,288788,295019,305077,313468,322632
54,"Fiji",0,0,0,0,0,0,0,0,1,5,12,16,17,18,18,18,18,18,18,18,18,18,18,18,26,26,27,27,27,28,28,28,31,32,32,32,32,32,32,33,34,34,35,35,38,44,44,46,46,49,53,55,55,55,56,56,56,59,63,66,67,67,67,68,72,87,119,136,166,224,360,604,1014,1798,3329,5639,10027,16471,22513,29781,36322,39770,43294,45631,47709,48858
55,"Finland",0,1,1,1,1,3,15,225,523,1167,1882,2905,3681,4475,5176,5880,6286,6568,6826,6964,7087,7142,7198,7248,7291,7318,7388,7443,7568,7720,7906,8049,8261,8557,8922,9577,10391,11849,13293,14652,16113,17385,19102,21216,24307,27218,30450,32853,34821,36604,38392,40101,42334,44871,47262,50007,53285,57052,61552,66006,71123,75545,79094,81707,83633,85607,87096,88561,89878,91405,92244,93158,93774,94269,94989,96372,97944,99976,102612,106802,110885,116996,121543,125474,129192,132662
56,"France",3,6,11,12,12,100,948,4496,14463,37693,47376,58045,150861,161647,170179,178155,181563,184698,190743,193022,196477,200147,203564,206670,210386,214174,220016,227301,237402,254974,277763,312665,357927,415174,482964,568588,647868,761384,910711,1131551,1414396,1798573,2006228,2179640,2262760,2336681,2421068,2516939,2607677,2700484,2824882,2952392,3093740,3236658,3376340,3507843,3642576,3795736,3942286,4105444,4312451,4569179,4802711,5001723,5321180,5534651,5703499,5829199,5925104,5655335,5719877,5769287,5799565,5817403,5830476,5845760,5870560,5917548,6041313,6190621,6351003,6522212,6683078,6813680,6910865,6982683
57,"Gabon",0,0,0,0,0,0,0,1,4,7,21,46,108,176,335,661,1320,1934,2655,3101,3463,4428,5209,5620,5942,6315,6984,7531,7923,8225,8388,8505,8601,8643,8696,8728,8797,8835,8881,8919,8968,9022,9062,9131,9191,9254,9330,9400,9497,9571,9694,9899,10278,10748,11457,12577,13553,14564,15625,16660,17711,18777,19863,20636,21858,22433,23075,23432,23799,24107,24365,24591,24736,24864,24984,25076,25164,25260,25325,25384,25462,25564,25667,25819,26079,26638
58,"Gambia",0,0,0,0,0,0,0,0,1,3,4,9,9,10,17,20,23,25,25,26,28,37,44,57,64,93,277,498,1090,1689,2437,2895,3150,3376,3504,3555,3590,3628,3649,3659,3672,3684,3702,3726,3731,3770,3779,3786,3791,3800,3841,3897,3958,4090,4237,4302,4554,4691,4759,4985,5153,5365,5505,5602,5720,5857,5898,5925,5940,5968,5990,5999,6008,6024,6069,6079,6282,6610,7333,7709,8603,8920,9364,9533,9736,9820
59,"Georgia",0,0,0,0,0,1,4,30,49,90,162,242,388,456,582,626,683,728,757,808,851,898,921,948,981,1018,1117,1171,1216,1321,1394,1462,1621,2075,3306,4960,7564,11271,16285,26503,38936,54852,76658,100684,127942,158154,187006,206907,220508,228752,238086,247025,252972,257632,261620,265200,268097,270510,272617,274721,277218,279936,283369,287689,294540,302785,311457,320830,329407,336840,342880,348594,353443,358360,362937,369048,376200,386195,400698,419534,444569,477264,510941,540449,562627,579031
60,"Germany",0,8,13,16,16,79,799,4585,22213,57695,96092,124908,143342,156513,164967,171324,175752,179986,183189,185450,187267,190670,194458,197198,199709,202426,206278,211005,216903,224488,233861,242835,251058,260817,272932,285026,300027,323463,364664,427808,531790,668114,799733,927990,1052494,1183640,1336101,1508518,1646240,1773540,1928462,2038645,2137691,2224911,2285003,2336906,2388421,2444177,2502151,2569864,2669233,2782925,2886029,3009452,3154305,3291293,3423900,3530887,3595872,3653019,3684672,3706934,3722295,3729597,3734153,3738059,3743164,3751253,3761869,3776724,3795609,3824546,3870095,3933585,4014858,4080180
61,"Ghana",0,0,0,0,0,0,0,3,19,141,205,408,834,1279,2169,4263,5735,6617,7768,9462,11118,13717,16431,19388,24248,27060,31851,37014,40533,42210,43325,44118,44777,45434,45877,46222,46803,47005,47232,47690,48055,48904,50018,50717,51379,52096,52933,53653,54286,55064,55772,56981,60115,65427,70046,75836,79655,82586,86092,87480,89276,90287,90674,91260,91663,91928,92601,92856,93243,93583,93775,94188,94493,94913,95259,96067,97130,98435,100747,103019,106750,110306,113957,117636,120452,122779
62,"Greece",0,0,0,0,0,4,46,228,530,1061,1673,2081,2235,2506,2620,2710,2819,2876,2915,2980,3112,3256,3366,3511,3772,3983,4166,4587,5421,6858,8381,9977,11386,13036,14978,17228,19613,22078,24932,29992,39251,54809,72510,90121,103034,114568,123842,130485,135114,139709,144293,148370,151646,156473,163213,171466,178918,189831,203978,219521,235611,252590,273459,293763,313444,331730,346422,360577,375831,388929,400395,408789,414636,418095,420670,425347,437345,455754,474366,493304,512342,535237,557239,579734,598667,613838
63,"Guatemala",0,0,0,0,0,0,0,1,17,34,61,137,235,473,688,967,1763,3054,4739,6792,9491,12755,16397,22501,28598,38042,44492,50979,56189,62313,67856,73679,77481,81658,85152,89702,93748,97544,101028,104632,107939,111050,114719,118417,121798,125352,129099,132595,135171,138316,143127,148598,153890,159118,162937,167071,170931,174335,178337,182679,187659,193050,195239,202640,212307,221307,228477,234883,241117,247106,253837,261392,271131,279947,290852,301189,317311,333126,350816,368484,389510,411731,437919,463753,486819,509654
64,"Guinea",0,0,0,0,0,0,0,1,2,8,111,250,518,996,1586,2042,2658,3176,3706,4117,4484,4960,5291,5570,6044,6491,6927,7308,7875,8343,8932,9251,9649,10020,10286,10512,10735,10996,11478,11635,12072,12400,12585,12798,13039,13233,13420,13532,13646,13784,13942,14098,14300,14475,14665,14895,15395,15894,16540,17592,18562,19501,20319,20807,21460,21885,22247,22602,22746,22988,23172,23255,23389,23450,23692,23807,24065,24509,24993,25688,26847,27837,28647,29209,29842,30001
65,"Guyana",0,0,0,0,0,0,0,1,7,8,23,45,63,73,82,94,117,127,152,154,159,183,230,272,291,327,360,430,554,674,925,1184,1459,1812,2168,2725,2968,3405,3710,3994,4162,4484,4794,5093,5338,5637,5879,6105,6289,6351,6541,6851,7222,7581,7939,8207,8399,8550,8772,9121,9585,10072,10540,11044,11762,12600,13404,14203,15168,16014,16822,17617,18303,18973,19774,20305,20924,21471,22090,22523,22932,23455,24224,24967,26295,27782
66,"Haiti",0,0,0,0,0,0,0,0,2,8,18,30,43,72,81,129,273,734,1443,2640,3941,4916,5543,6101,6582,6948,7197,7412,7582,7810,8016,8161,8326,8457,8556,8684,8792,8854,8925,8999,9054,9109,9168,9211,9264,9347,9465,9648,9846,10015,10241,10635,11035,11460,11758,12016,12254,12430,12536,12632,12700,12736,12788,12840,12885,12944,13056,13164,13353,13624,14128,15123,16079,16859,17963,18658,19220,19374,19762,20077,20326,20507,20689,20833,20977,21162
67,"Holy See",0,0,0,0,0,0,1,1,1,6,7,8,8,9,11,12,12,12,12,12,12,12,12,12,12,12,12,12,12,12,12,12,12,12,12,12,12,12,27,27,27,27,27,27,27,27,27,27,27,27,27,27,27,27,27,27,27,27,27,27,27,27,27,27,27,27,27,27,27,27,27,27,27,27,27,27,27,27,27,27,27,27,27,27,27,27
68,"Honduras",0,0,0,0,0,0,0,2,24,95,264,392,457,627,1010,1830,2565,3477,5094,6155,8455,12306,17007,22921,27583,32793,38438,42685,46973,49979,53983,59645,64352,67136,71143,74548,78788,83146,87594,92724,96888,100041,102555,104435,107513,109960,114043,116212,119097,123144,126943,133507,140238,147100,153905,159788,164495,169754,173020,177832,181931,187015,190142,195525,200259,205696,213167,219288,225964,232141,236952,241574,247074,253128,259628,266918,273702,279257,286635,297111,305936,316235,326830,335398,343807,350879
69,"Hungary",0,0,0,0,0,0,4,30,103,343,678,1310,1834,2443,2942,3213,3473,3713,3867,3990,4064,4086,4138,4174,4229,4315,4424,4526,4653,4877,5133,5669,7892,11825,16920,23077,29717,36596,44816,56098,75321,104943,136723,170298,204708,243581,276247,300022,315362,326688,340459,350587,358317,366279,375125,385755,400111,424130,459816,507627,560971,624779,679413,713868,746802,767190,781299,790564,797429,801672,804032,805871,806790,807428,807910,808197,808437,808725,809101,809491,809855,810316,810781,811706,813040,814732
70,"Iceland",0,0,0,0,0,1,50,156,473,963,1417,1689,1760,1790,1798,1801,1802,1804,1806,1806,1808,1815,1820,1830,1833,1838,1843,1893,1955,1999,2058,2100,2136,2162,2307,2601,2872,3460,3998,4394,4865,5063,5186,5269,5371,5476,5552,5621,5683,5754,5880,5956,5981,6002,6021,6033,6045,6049,6059,6072,6097,6163,6225,6258,6286,6390,6472,6506,6537,6555,6576,6597,6616,6627,6637,6654,6675,6718,7148,7959,8738,9458,10053,10605,11010,11234
71,"India",0,1,3,3,3,3,34,102,330,987,3082,8446,15722,26283,39699,62808,90648,131423,181827,246622,320922,410451,528859,673165,849522,1077781,1385635,1750723,2153010,2589952,3044940,3542733,4113811,4754356,5400619,5992532,6549373,7053806,7494551,7864811,8184082,8507754,8814579,9095806,9392919,9644222,9857029,10031223,10187850,10323965,10450284,10557985,10654533,10746174,10826363,10904940,10991651,11096731,11210799,11359048,11599130,11971624,12485509,13358805,14788003,16960172,19557457,22296081,24684077,26530132,27894800,28809339,29439989,29881772,30233183,30545433,30837222,31106065,31371901,31655824,31934455,32192576,32424234,32695030,32988673,33236921
72,"Indonesia",0,0,0,0,0,0,4,96,450,1155,2092,3842,6248,8607,10843,13645,17025,21745,25773,30514,37420,45029,52812,62142,74018,84882,97286,109936,123503,137468,151498,169195,190665,214746,240687,271339,299506,328952,357762,385980,410088,433836,463007,493308,527999,569707,611631,657948,706837,758473,818386,896642,977474,1066313,1147010,1210703,1271353,1329074,1373836,1414741,1455788,1492002,1527524,1562868,1599763,1636792,1672880,1709762,1736670,1769940,1809926,1850206,1901490,1976172,2093962,2256851,2491006,2832755,3127826,3409658,3639616,3833541,3967048,4066404,4123617,4163732
73,"Iran",0,0,0,0,28,593,5823,12729,20610,35408,55743,70029,80868,89328,96448,106220,118392,133521,148950,169425,184955,202584,220180,237878,255117,271606,288839,306752,324692,341070,356792,371816,384666,399940,419043,443086,468119,496253,526490,562705,612772,673250,749525,841308,935799,1028986,1100818,1152072,1194963,1237474,1280438,1324395,1367032,1411731,1459370,1510873,1566081,1623159,1681682,1739360,1793805,1846923,1920394,2049078,2215445,2377039,2516157,2640670,2739875,2823887,2893218,2960751,3020522,3086974,3157983,3241037,3355786,3501079,3664286,3871008,4119110,4389085,4640695,4895448,5103537,5275567
74,"Iraq",0,0,0,0,0,13,54,110,214,506,878,1318,1513,1763,2219,2679,3260,4272,6179,11098,18950,29222,43262,58354,75194,90220,107573,126704,147389,172583,201050,227446,256719,286778,315597,345969,375931,400124,423524,449153,472630,496019,516915,533555,548821,562520,573622,583118,590779,597033,602331,607587,612870,618922,627416,641628,664750,692241,723189,754318,789390,827157,868200,918155,970987,1025288,1070366,1108558,1136917,1164149,1193608,1221678,1250691,1283305,1321232,1365211,1421746,1483014,1543501,1626599,1704363,1768753,1819455,1868352,1912395,1947211
75,"Ireland",0,0,0,0,0,1,18,129,785,2415,4604,8928,14758,18561,21176,22760,24048,24582,24929,25183,25295,25374,25437,25509,25611,25750,25869,26109,26644,27191,27908,28720,29534,30730,32538,34560,37668,41714,48678,56108,61456,64855,67526,70143,71942,73948,75756,78776,85394,96926,140727,169780,186184,195303,202548,208796,214378,218980,222699,226358,229831,233937,237695,240643,243238,246204,249437,252303,255331,258363,261306,264185,266489,268644,270920,273744,277316,283331,291870,300976,310628,322989,335429,348067,355639,365313
76,"Israel",0,0,0,0,1,6,47,138,843,3901,8157,10952,13537,15302,16069,16359,16528,16648,16992,17744,19000,20676,23510,29316,38100,49531,61416,72359,82481,92342,102040,113627,129140,153045,185672,228769,264793,289974,302765,309696,314349,318883,323463,328551,334908,343826,355786,372886,398664,434799,485434,543499,593961,638789,685583,721846,744513,773335,799727,817799,827220,831383,834070,835813,836883,837974,838481,838886,839118,839308,839453,839566,839661,839830,840823,842648,845811,850968,859398,874018,897326,934896,985489,1045800,1112964,1165682
77,"Italy",0,2,3,3,62,1128,5883,21157,53578,92472,124632,152271,175925,195351,209328,218268,224760,229327,232664,234801,236651,238275,240136,241419,242827,244216,245864,247832,250103,253438,258136,266853,276338,286297,296569,308104,322751,349494,402536,504509,679430,902490,1144552,1380531,1564532,1709991,1825775,1938083,2038759,2141201,2257866,2368733,2455185,2541783,2625098,2710819,2795796,2907825,3046762,3201838,3356331,3512453,3650247,3754077,3857443,3949517,4035617,4102921,4153374,4188190,4213055,4230153,4243482,4252095,4257289,4262511,4269885,4284332,4312673,4350028,4390684,4435008,4478691,4524292,4566126,4601749
78,"Jamaica",0,0,0,0,0,0,0,8,16,30,53,65,163,305,463,490,517,550,581,596,615,657,690,728,758,774,837,883,1003,1082,1346,2113,3024,3623,4758,5854,6795,7559,8195,8670,9094,9472,9780,10240,10669,11063,11608,12135,12684,12931,13455,14096,14772,15527,16841,18830,20924,22817,25303,29912,34665,37747,40449,42119,43684,44867,45777,46588,47233,47899,48374,48901,49232,49607,49964,50242,50629,51052,51686,52895,54480,57289,61282,65734,70657,75297
79,"Japan",2,20,24,54,137,245,466,795,1059,1728,3525,6951,10548,13186,14861,15755,16202,16410,16716,17000,17293,17725,18254,19461,21430,24946,29684,37804,47342,55051,61916,67353,71467,75206,78662,81703,85345,88962,92670,96599,101327,107439,117113,130871,145457,160870,178272,196815,218467,242097,282737,324942,361928,387499,404128,414803,423952,431093,437634,446312,455212,466563,482704,503537,531109,563998,599253,635568,679870,715880,742539,760953,774240,784384,794805,805696,819051,838953,866325,927058,1017728,1130841,1283857,1440812,1562476,1634758
80,"Jordan",0,0,0,0,0,0,1,1,85,246,323,381,413,444,460,522,607,704,734,795,953,1015,1111,1150,1176,1214,1154,1208,1246,1339,1576,1893,2353,3062,4540,8061,14749,23998,36053,50750,72607,104802,141305,178161,210709,237513,257275,272797,286356,296668,305959,313557,319519,325674,333855,344803,359811,386496,421415,469000,526666,582133,626875,662395,683466,700423,712077,719233,722754,726432,734659,739319,742831,745978,749319,752617,756354,760550,763922,770712,776178,782210,788088,794350,800240,806012
81,"Kazakhstan",0,0,0,0,0,0,0,6,53,228,531,865,1615,2601,3857,4975,5850,7919,10382,12511,14238,17225,20319,47171,58253,68703,81720,90367,109939,119781,126243,130040,133028,135964,138013,139882,141484,143280,145019,146982,149699,154321,159756,166468,172805,179344,185513,190969,197142,202880,208596,214927,224395,234569,243404,250399,256388,262093,267657,273469,281798,290792,303922,320881,338764,358834,378441,396130,412236,427873,438715,449858,457404,464010,473282,491277,512685,547386,582013,633469,697580,745138,804711,849557,884224,912241
82,"Kenya",0,0,0,0,0,0,0,1,7,38,126,191,262,343,435,649,830,1192,1888,2600,3457,4478,5811,7577,9726,12750,16643,21363,25837,29849,32118,33794,35020,35969,36829,37871,39184,41158,44196,48790,55192,61769,69273,76404,82605,87984,91526,94151,95843,96678,98184,99082,99898,100675,101690,102792,103993,105648,108362,112805,120163,129330,138077,145184,151287,156318,160053,163238,165379,168108,170485,172325,175176,178792,182393,185591,188513,192435,196745,203213,211028,219938,228363,234589,239692,243456
83,"Korea, South",2,12,24,28,433,3150,7041,8086,8799,9478,10156,10480,10653,10728,10793,10874,11050,11190,11468,11776,12085,12421,12715,13091,13417,13745,14150,14366,14598,15318,17399,19699,21177,22176,22975,23611,24091,24606,25199,25836,26635,27427,28546,30733,33824,37546,42766,49665,56872,63244,68664,72340,75084,78205,80896,83525,86992,89676,92471,95635,98665,101757,105279,109559,114115,118887,123240,127309,131671,135929,139910,144152,147874,151149,155071,160084,168046,177951,188848,199787,210956,223928,236366,248568,260404,272982
84,"Kuwait",0,0,0,0,0,45,61,104,176,235,479,1154,1751,2892,4619,7623,13802,20464,26192,31131,35466,39145,44391,49303,54058,58904,63309,67448,71199,75697,79957,84224,88963,94211,99049,103199,106458,110568,115483,120927,125926,131205,136341,139734,142195,144164,146044,147775,149449,151074,153900,157399,160901,164622,170036,176903,183322,189890,199428,208460,217933,227178,235989,245704,255860,265404,275270,284076,290801,298223,306717,315900,326451,337371,349923,362018,374104,384573,391781,397831,402794,406234,408078,409363,410270,410734
85,"Kyrgyzstan",0,0,0,0,0,0,0,0,14,58,144,339,506,665,769,931,1117,1365,1722,1974,2207,2981,4513,7094,10410,24606,32124,36299,39571,41645,42889,43712,44293,44828,45335,46090,47184,48924,51490,55144,58878,62304,65953,69149,71971,74774,77059,78911,80182,81214,82138,83109,83796,84529,84992,85441,85831,86185,86506,86818,87389,87946,88842,90019,91639,93603,95752,98079,100249,102186,104222,106636,109812,114300,119873,129232,138353,147656,156152,162892,168415,171758,173676,175224,176347,177083
86,"Latvia",0,0,0,0,0,0,1,26,124,305,509,630,712,804,871,930,997,1046,1065,1086,1097,1111,1115,1123,1173,1189,1206,1238,1288,1315,1333,1381,1425,1464,1515,1654,2019,2596,3392,4467,5894,7880,10231,12744,16561,20787,25046,30297,35819,41929,48952,55097,60496,65708,71320,76282,81109,85810,90009,93484,97149,100716,103867,107240,110997,114955,119370,123331,127597,130712,132918,134677,135940,136736,137169,137600,137863,138126,138425,138863,139347,140049,140944,142123,144160,146800
87,"Lebanon",0,0,0,0,1,4,22,93,187,412,520,619,672,704,733,809,902,1097,1191,1320,1442,1536,1719,1855,2168,2775,3582,4730,6223,8442,12191,16275,20011,23669,28297,35242,43494,52558,61284,69906,81228,93097,104267,115283,125678,134295,145245,156570,169472,186408,215553,249158,276587,298913,317836,336999,353371,372792,393228,415362,436575,458338,477113,494633,508503,519615,527508,532269,535446,538218,540132,541423,542375,543371,544291,545363,547497,550492,554458,561380,570098,581497,590983,599298,606536,612713
88,"Liberia",0,0,0,0,0,0,0,0,3,3,7,37,76,117,152,199,219,249,273,334,421,581,684,833,963,1070,1135,1186,1230,1254,1285,1290,1306,1311,1334,1338,1343,1360,1377,1393,1426,1436,1491,1539,1595,1663,1676,1779,1800,1800,1800,1882,1914,1939,1945,1969,1988,2010,2017,2030,2042,2052,2053,2066,2071,2086,2099,2113,2128,2142,2179,2251,2484,2767,3529,4520,4994,5306,5404,5404,5461,5482,5518,5538,5727,5727
89,"Liechtenstein",0,0,0,0,0,0,1,4,37,56,77,79,79,81,82,82,82,82,82,82,82,82,82,83,84,86,86,88,89,91,99,107,107,111,113,117,123,142,217,340,533,765,970,1109,1253,1378,1482,1711,2000,2202,2329,2383,2437,2493,2518,2538,2545,2566,2589,2602,2627,2649,2679,2738,2804,2866,2936,2967,2984,2998,3008,3020,3026,3026,3032,3042,3056,3061,3075,3085,3099,3146,3219,3259,3314,3376
90,"Lithuania",0,0,0,0,0,1,1,6,69,339,683,926,1091,1301,1394,1459,1536,1612,1662,1700,1758,1790,1808,1826,1860,1910,1996,2087,2225,2379,2588,2833,3034,3291,3659,4290,5075,5953,7258,9586,14815,22660,33351,44699,58211,72463,90412,109989,129914,146937,160238,169194,175929,181740,186278,190241,193562,197343,201799,204954,208650,213447,218878,225308,232829,240522,248655,256906,264724,270376,273866,276256,277623,278328,278655,278863,279167,279662,280774,282818,285726,289346,293342,297334,302014,307622
91,"Luxembourg",0,0,0,0,0,1,2,51,670,1831,2729,3270,3537,3711,3812,3877,3930,3990,4016,4035,4063,4105,4217,4476,4842,5483,6189,6793,7169,7439,7762,6625,6896,7159,7718,8233,8709,9514,10471,12851,17134,21806,25931,29762,33409,37017,40755,43728,45209,46415,47744,48630,49438,50388,51512,52539,53782,55110,56296,57503,58955,60465,62105,63467,64746,66007,67205,68153,68922,69545,69830,70182,70406,70516,70600,71031,72010,72759,73412,73870,74262,74595,74985,75517,76102,76632
92,"Madagascar",0,0,0,0,0,0,0,0,3,26,70,102,120,123,135,193,283,488,758,1026,1252,1503,2005,2728,4578,6849,8866,11273,12922,13724,14277,14791,15269,15737,16020,16257,16529,16702,16810,16968,17111,17111,17223,17310,17341,17473,17587,17587,17633,17767,17767,18001,18301,18743,19065,19360,19598,19831,20155,21356,22275,23424,25262,27548,31617,35262,37296,38874,40005,40780,41234,41631,41894,42087,42194,42288,42392,42520,42590,42663,42685,42811,42842,42862,42881,42894
93,"Malaysia",3,8,16,22,22,25,93,238,1183,2320,3483,4530,5305,5742,6176,6589,6872,7185,7762,8303,8445,8556,8616,8658,8706,8764,8884,8985,9070,9175,9257,9317,9391,9868,10167,10769,12088,15096,19627,25742,31548,39357,46209,53679,63176,71359,82246,91969,103900,117373,133559,155095,180455,209661,238721,261805,280272,298315,311777,322409,331713,340642,349610,359117,372859,390252,411594,436944,466330,505115,558534,610574,652204,691115,728462,772607,827191,905851,996393,1113272,1243852,1384353,1535286,1685510,1824439,1960500
94,"Maldives",0,0,0,0,0,0,0,10,13,16,19,19,35,177,519,790,1078,1313,1672,1901,2013,2187,2305,2435,2664,2930,3252,3949,4898,5679,6660,7578,8486,9052,9649,10045,10465,10859,11178,11421,11659,11962,12154,12578,12947,13159,13348,13474,13618,13834,14065,14426,14885,15736,16656,17716,18612,19597,20663,21476,22373,23403,24651,25524,26145,27621,30237,34724,43782,54365,62906,67538,70077,71709,73094,74224,74993,75816,76627,77432,78243,79000,79864,80678,81810,82684
95,"Malta",0,0,0,0,0,0,3,18,73,149,213,370,426,448,468,490,546,609,618,627,646,664,670,672,674,675,686,845,1035,1348,1577,1847,2014,2274,2699,2958,3204,3681,4486,5373,6042,7039,7917,8822,9609,10423,11101,11621,12241,12997,14212,15447,16542,17721,18576,19651,20762,22219,24216,26267,27904,28808,29189,29548,29927,30149,30307,30438,30478,30499,30529,30568,30581,30588,30606,30640,30960,32275,33541,34295,34787,35286,35721,36039,36426,36708
96,"Mauritania",0,0,0,0,0,0,0,1,2,5,6,7,7,7,8,8,40,227,483,947,1682,2813,4025,4827,5275,5813,6151,6319,6510,6693,6894,7012,7134,7274,7365,7462,7517,7550,7607,7663,7703,7814,7948,8096,8458,9359,10780,12278,13516,14677,15429,15999,16357,16608,16792,16965,17083,17196,17309,17424,17587,17756,17917,18012,18121,18240,18429,18636,18806,19114,19463,19785,20040,20314,20604,21027,21590,22508,23555,25691,27957,29884,31642,33158,34111,34771
97,"Mauritius",0,0,0,0,0,0,0,0,14,102,196,319,325,331,332,332,332,332,335,337,337,337,341,341,342,343,344,344,344,346,346,355,356,361,366,367,385,395,417,435,441,453,470,494,501,508,515,524,527,527,539,547,556,569,584,595,603,610,639,739,796,871,1104,1190,1203,1206,1211,1240,1280,1293,1363,1421,1566,1773,1852,1913,2131,2364,3388,3913,4592,5607,7070,8667,11181,13114
98,"Mexico",0,0,0,0,0,4,6,41,251,848,1890,4219,7497,13842,22088,33460,47144,65856,87512,113619,142690,175202,212802,252165,295268,338913,385036,434193,475902,517714,556216,591712,629409,663973,694121,726431,757953,814328,847108,886800,924962,961938,1003253,1032688,1101403,1168395,1241436,1313675,1377217,1443544,1524036,1630258,1752347,1857230,1926080,1988695,2038276,2084128,2125866,2163875,2193639,2224904,2249195,2278420,2304096,2326738,2347780,2364617,2380690,2395330,2411503,2431702,2452469,2471741,2503408,2537457,2586721,2654699,2741983,2848252,2964244,3091971,3217415,3328863,3420880,3506743
99,"Moldova",0,0,0,0,0,0,0,12,80,231,752,1560,2378,3304,4052,4867,5934,6994,8098,9511,11459,13953,16080,17672,19208,20794,22828,25113,27443,29905,33072,36404,39473,42714,46336,50534,55888,61762,66652,71089,76040,81675,88772,96689,105852,115557,125723,134578,140996,145694,149093,152640,155937,159513,164243,169805,176245,184856,194605,203710,214203,225660,234394,240886,245494,248898,251160,252604,253736,254601,255105,255432,255758,256103,256527,256931,257419,257903,258581,259478,260555,261947,264283,266784,269986,274599
100,"Monaco",0,0,0,0,0,1,1,2,11,42,66,92,94,94,95,96,96,98,99,99,99,99,103,106,109,109,116,120,131,146,154,154,147,169,192,210,222,233,260,296,359,483,545,581,607,637,668,723,797,901,1053,1194,1345,1475,1647,1755,1862,1953,2019,2106,2173,2254,2326,2374,2395,2429,2457,2479,2493,2501,2503,2508,2524,2548,2570,2587,2622,2680,2779,2889,2973,3058,3129,3183,3232,3275
101,"Mongolia",0,0,0,0,0,0,0,1,10,12,14,16,31,37,39,42,135,141,179,193,197,206,219,220,230,287,288,293,293,298,298,301,310,311,312,313,313,315,320,338,346,357,428,608,784,849,907,961,1121,1263,1429,1517,1627,1779,2023,2351,2638,2907,3228,3961,4806,6693,9598,14183,21995,30483,37285,44820,48642,52470,56621,63978,73896,91151,109694,125260,137788,147253,155224,164155,172069,181291,191904,206457,228685,252648
102,"Montenegro",0,0,0,0,0,0,0,0,14,84,201,263,307,320,322,324,324,324,324,324,324,359,469,720,1164,2072,2747,3198,3588,3960,4313,4727,5422,6530,7898,10197,11934,13641,15427,16629,18341,22379,26686,30653,34454,37879,40948,43709,46327,48856,51999,55136,57929,61202,64739,68476,71593,75332,79237,83165,86782,89732,92222,94035,95377,96499,97517,98237,98778,99203,99566,99791,99928,100055,100168,100316,100459,100622,101061,101927,103443,105750,109340,113808,117632,121351
103,"Morocco",0,0,0,0,0,0,2,17,96,402,919,1545,2685,3897,4729,5910,6741,7406,7780,8151,8692,9839,11877,13822,15542,17015,19645,25015,32007,41017,50812,60056,70160,84435,99816,115241,131228,149841,170911,194461,219084,252185,288211,320962,349688,376738,397597,415226,430562,442141,451637,458865,465769,470691,474966,478135,480948,483410,485974,488632,491463,494358,497832,501688,505447,509037,511562,513628,514817,516812,518868,521195,523620,526363,529224,533945,541405,555488,575162,623528,687292,752076,806288,849532,881042,902694
104,"Namibia",0,0,0,0,0,0,0,2,3,8,14,16,16,16,16,16,16,20,23,29,32,46,136,375,668,1203,1687,2224,2802,3907,5538,7116,8514,9604,10292,10918,11572,11891,12263,12579,12935,13170,13449,13811,14285,14950,16269,18437,21398,24654,27723,30198,32213,33832,34844,35797,37295,38642,39877,41025,42203,43499,44683,45323,46515,47671,48654,49893,50949,52712,54659,58057,64205,71761,83698,94047,104099,111417,115793,118922,120814,122227,123483,124618,125494,126203
105,"Nepal",1,1,1,1,1,1,1,1,1,5,9,9,31,49,59,110,291,584,1401,3235,5335,8605,12309,15491,16719,17502,18483,20086,22592,26019,31117,37340,45277,53120,62797,71821,84570,105684,129304,155233,170743,191636,208299,218639,230723,239885,247593,253184,257700,261438,264521,267056,269180,270854,271806,272614,273351,274065,274655,275178,275829,276750,277768,279725,283658,297087,328893,385890,447704,505643,553422,585100,606778,619635,632326,643580,654212,665886,679017,695389,712740,730479,745731,758008,768295,776325
106,"Netherlands",0,0,0,0,0,6,188,962,3640,9819,16727,24571,31766,37384,40434,42581,44070,45265,46460,47541,48847,49710,50282,50761,51136,51809,52984,55021,58717,63889,68051,72128,76907,84709,96261,113518,137194,173894,225970,287229,357640,411107,449501,486820,521639,559716,613630,687250,764907,825249,878443,919712,957213,988350,1015757,1040070,1066522,1098875,1130694,1166923,1211447,1263882,1316913,1366024,1419871,1478144,1528753,1580300,1620702,1649960,1671967,1688925,1699213,1705905,1710474,1715655,1746965,1816689,1867907,1895343,1914609,1932361,1950315,1969330,1987793,2005482
107,"New Zealand",0,0,0,0,0,1,5,6,52,451,950,1312,1422,1470,1487,1494,1499,1504,1504,1504,1504,1511,1526,1533,1544,1553,1556,1565,1569,1622,1674,1729,1772,1797,1815,1833,1854,1871,1886,1935,1959,1982,2001,2028,2050,2078,2096,2116,2144,2181,2219,2256,2283,2304,2320,2330,2350,2376,2399,2423,2453,2482,2501,2574,2595,2601,2618,2642,2646,2669,2673,2683,2709,2719,2730,2752,2768,2815,2863,2874,2887,2920,3017,3465,3769,3914
108,"Nicaragua",0,0,0,0,0,0,0,0,2,4,5,8,9,12,14,16,25,279,759,1118,1464,1823,2170,2519,2846,3147,3439,3672,3902,4115,4311,4494,4668,4818,4961,5073,5170,5264,5353,5434,5514,5591,5661,5725,5784,5838,5887,5938,5991,6046,6097,6152,6204,6253,6299,6347,6398,6445,6489,6537,6582,6629,6677,6727,6778,6835,6898,6989,7086,7193,7324,7481,7662,7696,7920,8178,8461,8767,9108,9470,9853,10251,10672,11167,11735,12350
109,"Niger",0,0,0,0,0,0,0,0,1,10,144,491,639,684,736,815,889,943,956,970,980,1035,1062,1082,1099,1104,1124,1136,1157,1165,1172,1175,1177,1178,1183,1194,1200,1201,1209,1215,1220,1242,1301,1351,1484,1789,2199,2612,3057,3437,3819,4132,4321,4516,4598,4690,4733,4740,4740,4857,4918,4972,5028,5072,5116,5158,5229,5313,5330,5369,5410,5438,5446,5469,5478,5498,5538,5573,5598,5623,5682,5722,5767,5833,5880,5919
110,"Nigeria",0,0,0,0,0,1,1,2,22,89,214,318,542,1182,2388,4151,5621,7526,9855,12233,15682,19808,24077,28167,31987,36107,39977,43537,46140,48770,51905,53727,54905,56177,57145,58198,59287,60103,61307,61930,62853,63790,64996,66228,67330,68937,72757,77933,83576,89163,99063,108943,120602,130557,139242,145664,151553,155417,158237,160537,161651,162489,163113,163736,164207,164684,165110,165370,165702,165979,166285,166756,167059,167206,167465,167803,168540,169329,170895,173908,177615,181962,185571,190983,195052,198786
111,"North Macedonia",0,0,0,0,0,1,3,14,85,241,483,760,1170,1367,1506,1622,1762,1941,2164,2915,3895,5005,5906,6932,7975,9026,9934,10891,11754,12653,13458,14293,14998,15694,16557,17483,18602,20555,23201,26394,31572,38782,46062,53631,60723,67311,73025,77949,81425,83789,86150,88749,90471,92518,94599,96872,99031,102482,106832,112107,118736,126230,134134,141157,146733,150274,152581,153891,154636,155028,155246,155407,155528,155616,155669,155706,155783,155901,156054,156380,157627,161359,167991,174667,179587,183059
112,"Norway",0,0,0,0,0,15,147,1090,2118,4015,5550,6409,7036,7499,7809,8099,8237,8346,8437,8531,8628,8742,8846,8926,8977,9028,9111,9253,9599,9965,10299,10611,11296,12079,12858,13627,14362,15466,16369,17749,20331,24243,28434,32352,35546,38073,40803,43582,46678,50266,54919,58445,60803,62793,64653,66392,68315,70826,74546,79800,86362,92469,98102,102974,107144,110390,113259,116134,119052,121963,124655,126689,127986,129225,130491,131861,133100,134230,135631,137627,140466,144035,148055,156133,166200,175489
113,"Oman",0,0,0,0,0,6,16,19,52,152,277,546,1180,1905,2483,3224,5029,7257,10423,16016,22077,28566,36953,45106,54697,65504,74858,79159,81357,82924,83769,85005,86380,88337,91753,95907,98585,104129,108296,111837,114434,117167,119442,121360,122579,124329,125669,127019,128290,128867,130070,131264,132486,133728,135041,136622,138494,140588,142896,145257,149135,153838,160018,168005,176668,185278,193253,199344,202713,208607,213784,220702,230219,242723,256542,270504,281688,289042,289042,295857,298020,299642,300914,301784,302466,302924
114,"Pakistan",0,0,0,0,0,4,6,53,776,1597,3157,5230,8348,13328,20084,30334,40151,54601,69496,98943,132405,176617,202955,225283,248872,263496,273113,278305,283487,288047,292174,295372,298025,301481,305671,310275,314616,318932,323019,327895,333970,343189,356904,374173,395185,416499,438425,457288,471335,486634,502416,519291,532412,544813,554474,563029,571174,579973,590508,605200,626802,654591,687908,721018,756285,795627,829933,858026,877130,900552,918936,932140,941170,947218,954743,962313,973284,989275,1004694,1034837,1067580,1098410,1123812,1152481,1179305,1204520
115,"Panama",0,0,0,0,0,0,0,36,200,786,1673,2974,4210,5538,7090,8282,9449,10577,13018,16004,20059,25222,30658,36983,44332,52261,58864,66383,73651,80665,85480,91337,96305,101041,105601,110108,114653,119666,124107,128515,133598,138506,145309,153577,163453,175907,190585,209584,228724,251764,276772,296269,309851,319453,326464,331692,336037,340445,344477,347641,350665,353497,356073,358377,360597,362696,364844,367270,370533,373774,377428,381949,387127,393144,399877,407330,414647,421957,429083,435655,441316,447261,451984,456203,459519,462010
116,"Papua New Guinea",0,0,0,0,0,0,0,0,1,1,1,2,7,8,8,8,8,8,8,8,8,8,11,11,11,16,39,91,188,271,361,453,488,508,516,532,540,549,581,583,589,597,600,604,645,671,720,760,780,780,811,834,835,851,891,914,970,1275,1492,1819,3085,4660,6619,8342,9343,10602,11119,11630,13707,14910,15772,16258,16661,16933,17098,17098,17292,17340,17637,17717,17774,17806,17832,17838,17926,18381
117,"Paraguay",0,0,0,0,0,0,0,7,22,59,104,134,206,228,370,689,778,850,964,1090,1261,1362,1942,2385,2820,3629,4328,5485,6705,9381,12974,16474,21871,27325,33015,37922,43452,48978,54015,59043,63185,66941,71065,75857,81131,87213,92913,99157,104162,108718,115026,121648,127081,132548,137603,143443,150731,158537,166969,179072,192599,206597,219393,233745,248364,265296,281023,296306,311746,330457,350613,371021,389650,405075,416843,427542,436624,444427,448918,452388,454865,456589,457612,458361,458844,459207
118,"Peru",0,0,0,0,0,0,1,38,318,671,1746,6848,14420,25331,42534,65015,88541,115754,155671,191758,220749,251338,275989,299080,322710,349500,375961,407492,463875,516296,576067,629961,676848,716670,756412,794584,821564,846088,862417,883116,900180,917503,932650,948081,960368,970860,980943,989457,1005546,1015137,1026180,1056023,1082907,1133022,1173045,1220748,1269523,1323863,1358294,1402610,1451645,1520973,1573961,1639767,1697626,1754150,1799445,1845056,1879049,1920851,1947555,1980391,1998056,2023179,2043262,2057554,2078815,2092125,2102904,2111393,2124128,2132834,2141235,2147285,2154132,2160327
119,"Philippines",0,1,3,3,3,3,6,111,307,1075,3094,4428,6087,7294,8928,10610,12305,13777,17224,21340,25392,29400,34803,41830,54222,65304,78412,98232,126885,157918,187249,213131,234570,257863,283460,301256,319330,336926,354338,367819,380729,393961,406337,416852,427797,438069,448331,458044,469005,476916,485797,498691,511679,523516,535521,547255,559288,574247,591138,616611,656056,712442,784043,853209,926052,989380,1046653,1094849,1138187,1178217,1216582,1262273,1308352,1353220,1391911,1430419,1467119,1502359,1543281,1588965,1649341,1727231,1824051,1935700,2061084,2206021
120,"Poland",0,0,0,0,0,0,5,103,536,1638,3627,6356,8742,11273,13375,15651,18257,20931,23571,25986,29017,31620,33714,35719,37521,39746,42622,46346,51167,56090,61181,66239,70387,73650,78330,85980,98140,121638,167230,241946,362731,521640,691118,843475,973593,1054273,1126700,1194110,1253957,1312780,1376389,1429612,1470879,1508674,1545530,1583621,1631727,1696885,1781345,1889360,2036700,2221725,2415584,2552898,2675874,2751632,2798617,2829196,2851911,2864546,2871371,2874824,2877243,2878634,2879569,2880215,2880755,2881355,2882066,2882939,2883976,2885185,2886513,2888028,2890161,2893173
121,"Portugal",0,0,0,0,0,0,20,169,1280,5170,10524,15987,19685,23392,25190,27406,28810,30471,32203,34351,36463,38841,41189,43569,46221,48390,49955,51310,52537,53981,55452,57448,59943,63310,68025,72939,78247,85574,98055,116109,141279,173540,211266,255970,290706,318640,344700,370787,392996,423870,476187,539416,624469,711018,761906,784079,796339,803844,809412,813716,817080,820042,823142,826928,830560,833964,836947,839258,841848,844811,848213,852034,856740,864109,873051,887047,905651,927424,950434,968631,984985,1001118,1017308,1033165,1045857,1054673
122,"Qatar",0,0,0,0,0,1,8,337,481,590,1325,2728,5008,9358,14872,21331,30972,42213,55262,67195,78416,86488,93663,99183,103128,106308,109036,110911,112650,114809,116765,118407,119864,121523,123146,124850,126339,127778,129227,130965,132556,134013,135570,137062,138477,139783,140827,141858,142903,144240,145672,147089,148772,150984,153690,156804,159967,163197,166475,169767,173206,177135,182548,189064,195757,201496,206302,210603,212927,215160,217041,218455,219613,220693,221590,222453,223272,224160,225072,226239,227472,228981,230632,232187,233437,234509
123,"Romania",0,0,0,0,0,3,9,123,367,1452,3613,5990,8418,10635,12732,15131,16704,17857,19133,20290,21679,23730,26022,28582,32079,36691,43678,52111,60623,69374,77544,85833,93864,102386,111550,121235,134065,152403,176468,205793,241339,296999,353185,412808,465982,508345,551900,587944,613760,637395,668202,691488,709194,726918,743343,760091,777276,799164,824995,855326,892848,932179,970224,1002865,1027039,1044722,1056572,1065254,1071334,1075236,1077426,1078742,1079657,1080203,1080584,1080918,1081210,1081588,1082183,1083189,1084711,1086900,1090408,1095885,1104766,1118549
124,"Russia",0,2,2,2,2,2,13,59,306,1264,4731,13584,36793,74588,124054,198676,272043,335882,396575,458102,519458,576162,626779,673564,719449,764215,805332,843890,880563,915808,949531,982573,1017131,1053663,1092915,1138509,1198663,1278245,1376020,1487260,1606267,1740172,1887836,2047563,2223500,2410462,2602048,2792615,2992123,3179898,3344175,3507201,3658447,3790265,3907653,4012538,4105424,4187166,4263785,4331396,4397816,4460348,4520879,4580633,4640537,4699988,4759902,4816331,4875308,4935302,4995613,5058221,5133938,5237847,5367317,5519516,5688807,5860113,6025698,6185249,6340370,6490421,6633521,6766667,6894113,7019200
125,"Rwanda",0,0,0,0,0,0,0,1,17,60,102,120,144,183,255,280,289,325,359,431,541,702,878,1092,1299,1539,1752,2042,2134,2352,2889,3843,4349,4565,4689,4811,4852,4892,4971,5060,5137,5213,5394,5620,5891,6084,6528,7232,7817,8567,9461,10850,12647,15118,16337,17267,17988,18790,19509,20143,20761,21370,22243,23343,23866,24535,25225,25586,26099,26658,26892,27211,28146,30517,35886,41696,47667,54549,62328,70698,75643,79284,82630,86242,89524,92025
126,"Saint Lucia",0,0,0,0,0,0,0,1,2,3,14,15,15,15,17,18,18,18,18,19,19,19,19,22,22,23,24,25,25,25,26,26,26,27,27,27,27,29,33,52,78,123,160,204,252,265,274,282,305,353,438,611,770,1195,1813,2487,2860,3356,3843,3989,4113,4191,4273,4347,4401,4463,4560,4654,4818,4935,5035,5108,5179,5211,5269,5302,5399,5470,5516,5610,5779,6287,6955,8050,9025,9527
127,"Saint Vincent and the Grenadines",0,0,0,0,0,0,0,1,1,1,7,12,12,14,16,17,17,18,26,26,27,29,29,29,29,38,52,54,56,57,58,60,61,64,64,64,64,64,67,73,74,76,78,84,85,87,94,100,109,122,225,450,720,896,1202,1418,1498,1556,1645,1680,1696,1723,1755,1790,1819,1830,1864,1912,1932,1973,2027,2068,2147,2192,2218,2229,2241,2260,2271,2291,2298,2308,2320,2331,2361,2446
128,"San Marino",0,0,0,0,0,1,24,77,151,228,252,344,426,513,580,632,652,672,687,695,695,713,713,713,716,716,716,716,717,719,726,733,735,741,742,746,750,766,784,819,958,1101,1253,1395,1554,1756,1908,2049,2264,2428,2628,2767,2861,2996,3127,3278,3440,3671,3896,4126,4328,4603,4802,4944,5010,5047,5066,5079,5087,5089,5090,5090,5090,5091,5091,5092,5092,5094,5107,5143,5183,5222,5255,5314,5345,5373
129,"Saudi Arabia",0,0,0,0,0,0,5,103,392,1203,2179,4033,8274,16299,25459,37136,52016,70161,83384,98869,123308,154233,178504,205929,229480,248416,264973,277478,287262,297315,306370,313911,319932,325050,329271,332790,335997,338944,341854,344552,347282,350229,352950,355034,356911,358526,359749,360848,362066,362979,363692,364753,366185,367813,369961,372410,374691,377061,379474,382059,384653,387794,392009,397636,404054,411263,418411,425442,432269,439847,448284,456562,464780,473112,482003,491612,500083,508521,516949,525730,531935,537374,541201,543318,543318,545829
130,"Senegal",0,0,0,0,0,0,4,10,47,130,219,278,350,614,1115,1634,2429,2976,3535,4249,4996,5783,6459,7272,8014,8669,9552,10284,11003,12032,12850,13456,13948,14237,14688,14869,15068,15244,15392,15543,15616,15693,15779,15865,16027,16397,17061,17670,18523,19511,21000,22738,24459,26213,28489,30641,32630,34255,35632,36726,37693,38456,38953,39364,39731,40082,40388,40665,40828,41062,41331,41631,41952,42333,42851,43627,45646,50374,56573,62290,66898,70413,71772,72618,73104,73440
131,"Serbia",0,0,0,0,0,0,1,46,171,659,1624,3380,5994,7779,9362,10032,10496,11092,11381,11741,12251,12803,13792,15829,18073,20498,22852,25882,27863,29471,30548,31282,31849,32300,32840,33312,33842,34685,35946,38872,46954,60635,81086,116125,163035,213843,261437,296528,323367,341904,356125,371216,382285,393897,406352,419493,434122,456450,482397,512051,546896,581617,614365,639476,660299,677972,690931,698518,705890,709673,712046,713562,714753,715693,716238,716796,717480,718465,719913,721918,725245,731227,741071,755895,776923,811909
132,"Seychelles",0,0,0,0,0,0,0,0,7,7,10,11,11,11,11,11,11,11,11,11,11,11,20,81,100,108,107,114,126,127,127,131,135,135,139,141,142,147,148,152,152,154,158,161,167,182,185,202,211,267,448,626,972,1157,1289,1802,2264,2562,2890,3132,3566,3996,4259,4395,4765,5016,5966,8069,9440,10433,11271,12158,13200,14301,15265,15986,16793,17305,17941,18328,18617,19082,19530,19910,20230,20593
133,"Singapore",3,16,33,72,85,102,138,212,432,802,1189,2299,5992,12693,17548,22460,27356,31068,34366,37527,40197,41833,43246,44664,45783,47655,49888,52512,54929,55661,56266,56717,56982,57357,57558,57685,57800,57866,57904,57965,58015,58054,58116,58148,58205,58255,58313,58403,58519,58662,58865,59083,59260,59507,59675,59786,59858,59925,60020,60088,60184,60288,60468,60633,60808,60966,61179,61331,61536,61799,62003,62176,62263,62403,62530,62606,62684,62981,64054,64981,65686,66119,66443,67171,68469,71167
134,"Slovakia",0,0,0,0,0,0,1,44,178,292,471,728,1089,1373,1407,1455,1493,1504,1521,1528,1545,1586,1657,1749,1893,1976,2141,2337,2566,2855,3316,3842,4526,5453,6546,8600,12321,18797,28268,40801,57664,73667,85567,95257,104632,115462,130794,149275,166649,186244,205236,222752,234571,248190,261774,276234,290457,306268,322104,336235,347944,356985,364622,370473,375336,379476,382720,385395,387420,388719,389440,390340,390984,391248,391531,391696,391893,392034,392259,392647,393007,393455,393977,394657,395861,398278
135,"Slovenia",0,0,0,0,0,0,7,181,383,684,977,1188,1317,1388,1439,1454,1465,1468,1473,1484,1492,1519,1572,1679,1827,1940,2066,2171,2247,2401,2617,2834,3122,3603,4309,5191,6330,8252,12416,21274,34307,44270,54122,64284,74257,84775,95481,105013,114184,124343,138518,148556,157293,165887,173201,179148,184352,189627,195086,199854,205509,212040,219420,225950,231593,236613,241309,245793,249014,251531,253493,255218,256352,256956,257221,257413,257838,258169,258619,259215,260041,261333,263303,266241,269990,275615
136,"Somalia",0,0,0,0,0,0,0,0,1,3,7,21,135,390,671,997,1357,1594,1916,2289,2579,2755,2878,2961,3051,3111,3178,3212,3227,3250,3269,3310,3332,3376,3401,3588,3593,3847,3864,3897,3941,4229,4301,4382,4451,4525,4579,4662,4690,4714,4726,4744,4754,4784,4854,5092,5889,6991,8041,8946,9968,10838,11504,12271,12837,13459,13915,14415,14486,14623,14653,14729,14779,14852,14892,14946,14995,15085,15203,15403,15788,16265,16535,17210,17726,18373
137,"South Africa",0,0,0,0,0,0,1,38,240,1187,1585,2028,3034,4361,6336,9420,14355,21343,30967,45973,65736,92681,131800,187977,264184,350879,434200,503290,553188,583653,607045,622551,636884,648214,659656,669498,679716,690896,702131,714246,725452,735906,749182,765409,785139,810449,852965,912477,994911,1088889,1214176,1325659,1404839,1449236,1473700,1490063,1502367,1512225,1520206,1528414,1536801,1544466,1551501,1557527,1565680,1574370,1582842,1592626,1611143,1632571,1659070,1691491,1739425,1810164,1913861,2046311,2179297,2283880,2368105,2447454,2523488,2595447,2680225,2757191,2814014,2854234
138,"Spain",0,1,1,2,2,45,500,6391,25374,73235,126168,163027,191726,205905,216582,223578,230698,235290,239228,241310,243605,245938,248469,250545,253908,260255,272421,288522,314362,342813,386054,439286,498989,566326,640040,716481,789932,861112,936560,1046132,1185678,1328832,1458591,1556730,1628208,1684647,1730575,1797236,1854951,1928265,2050360,2252164,2499560,2743119,2941990,3056035,3133122,3188553,3149012,3183704,3212332,3255324,3300965,3347512,3407283,3468617,3524077,3567408,3604799,3636453,3668658,3697981,3733600,3757442,3782463,3833868,3937192,4100222,4280429,4447044,4588132,4693540,4770453,4831809,4877755,4907461
139,"Sri Lanka",0,1,1,1,1,1,1,10,77,113,166,198,254,460,705,847,960,1089,1620,1814,1884,1950,2033,2074,2511,2703,2770,2815,2841,2890,2947,2995,3121,3195,3283,3349,3395,4628,5475,7521,10663,13419,16583,19771,22988,27228,32135,36667,40380,44371,47840,52313,57587,63293,68576,74852,79480,82890,85150,87600,89655,91839,93295,94848,96354,100586,109862,123234,140471,161242,180593,202357,221277,237661,251751,264057,273031,283512,294850,308812,326043,351533,385696,421557,451401,483280
140,"Sudan",0,0,0,0,0,0,0,1,2,5,10,19,66,213,533,1111,1964,3378,4521,5866,6879,8416,9257,9689,10204,10527,11302,11644,11894,12314,12836,13189,13407,13532,13555,13606,13658,13682,13700,13733,13804,14090,14626,16052,17627,19468,21386,22990,24588,25882,26279,28179,28522,29291,29634,29933,30128,30316,30479,30873,30989,31407,31833,31833,33022,33673,33944,34461,34889,34889,35289,35656,36203,36347,36574,36658,36805,36986,37138,37138,37138,37543,37620,37699,37886,37931
141,"Suriname",0,0,0,0,0,0,0,1,4,8,10,10,10,10,10,10,10,11,14,100,196,303,467,565,741,1001,1381,1760,2306,2961,3569,3954,4320,4579,4709,4831,4924,5035,5123,5166,5203,5234,5274,5295,5312,5324,5340,5511,5938,6343,6948,7469,8000,8403,8650,8794,8856,8919,8971,9022,9061,9095,9153,9278,9545,9996,10428,11020,11828,12928,14515,16292,18110,19748,21060,22203,23293,24176,24797,25351,25917,26539,27371,28684,30535,33076
142,"Sweden",0,1,1,1,1,14,179,994,1868,3663,6832,10448,14275,18563,22432,26568,30461,34171,38396,44224,51409,58597,65972,70366,72773,74435,75819,77379,79359,81421,83114,83958,84985,86505,88237,90923,94283,98451,103200,110594,124355,146461,177355,208295,243129,278912,320098,367120,396048,437379,489471,523486,547166,566957,588062,608411,631166,657309,684961,712527,744272,780018,813191,857401,900138,938343,973604,1007792,1037126,1058341,1068473,1078062,1083456,1084636,1088896,1090880,1092540,1094287,1096799,1100040,1104538,1110147,1116584,1123413,1130525,1138017
143,"Switzerland",0,0,0,0,0,18,268,1359,6575,14076,20505,25107,27404,28894,29817,30251,30572,30725,30845,30956,31094,31243,31555,32198,32817,33492,34302,35412,36451,37924,39627,41722,43957,46704,49283,51864,54384,60368,74422,103653,154251,211913,257135,290601,318290,344497,373831,403989,428197,452296,477983,495228,509279,521320,531873,540727,547775,554932,562290,570645,580609,592217,605342,617543,632399,646509,659974,670613,679510,687353,693023,697292,700051,701627,702507,703334,704943,707976,712668,717665,723968,735375,752761,770765,785696,808058
144,"Tanzania",0,0,0,0,0,0,0,0,6,14,20,32,147,299,480,509,509,509,509,509,509,509,509,509,509,509,509,509,509,509,509,509,509,509,509,509,509,509,509,509,509,509,509,509,509,509,509,509,509,509,509,509,509,509,509,509,509,509,509,509,509,509,509,509,509,509,509,509,509,509,509,509,509,509,509,509,509,509,509,1017,1017,1367,1367,1367,1367,1367
145,"Thailand",6,19,32,34,35,42,50,82,411,1245,2067,2518,2733,2907,2966,3004,3025,3040,3077,3104,3134,3147,3162,3185,3216,3246,3282,3312,3348,3376,3390,3411,3438,3466,3500,3523,3585,3636,3679,3736,3784,3837,3874,3922,3977,4086,4209,4907,6141,7694,10298,12054,13302,18782,23371,24405,25323,25951,26305,26757,27713,28657,29031,31658,40585,53022,67044,81274,99145,126118,151842,174796,193105,214449,240452,277151,326832,391989,481967,597287,736522,885275,1030281,1157555,1265082,1368144
146,"Togo",0,0,0,0,0,0,1,1,16,25,41,76,84,96,123,153,298,373,433,487,530,561,615,676,710,774,853,958,1046,1130,1275,1390,1477,1555,1659,1736,1840,1935,2049,2187,2331,2483,2651,2829,2946,3051,3221,3396,3555,3683,3932,4272,4636,5041,5436,5823,6268,6851,7521,7953,8839,9676,11064,11947,12496,12787,12992,13106,13265,13363,13432,13533,13597,13715,13788,14039,14232,14602,15072,15798,16728,17581,19128,20698,22234,23618
147,"Trinidad and Tobago",0,0,0,0,0,0,0,2,49,74,103,112,114,115,116,116,116,116,117,117,117,123,126,130,133,137,147,173,275,497,930,1645,2230,2993,3853,4312,4715,5043,5281,5503,5692,5838,6077,6324,6630,6751,6864,6974,7104,7162,7244,7370,7462,7542,7612,7642,7676,7705,7732,7769,7839,7954,8136,8382,8806,9487,11072,13122,15899,19444,23001,26192,28422,30513,32069,33313,34577,35914,37365,38811,40104,41676,42962,44296,45487,46995
148,"Tunisia",0,0,0,0,0,0,1,18,60,278,553,685,864,939,1009,1032,1037,1048,1076,1087,1094,1156,1168,1186,1245,1348,1443,1552,1678,2023,2738,3572,4776,6635,9110,14392,20944,31259,40542,48799,59813,69543,79339,87471,94980,102991,110393,119151,130230,141979,157514,177231,195314,207468,216176,222504,227643,232615,237028,241257,245405,249703,258335,270297,283976,298572,310734,319512,325832,334099,343374,353782,367047,381175,403493,438945,491021,540798,563930,589565,608114,622262,638072,658322,672236,683700
149,"Turkey",0,0,0,0,0,0,0,5,670,7402,23934,52167,82329,107773,124375,137115,148067,155686,163103,169218,176677,186493,195883,204610,211981,218717,225173,231869,239622,248117,257032,267064,278228,289635,301348,312966,323014,334031,345678,359784,375367,391739,411055,440805,578347,797893,1809809,2004285,2133373,2232035,2317118,2380665,2424328,2470901,2524786,2579896,2631876,2693164,2769230,2866012,2992694,3179115,3445052,3798333,4212645,4591416,4849408,5016141,5106862,5178648,5235978,5282594,5325435,5365208,5404144,5440368,5476294,5522039,5587378,5727045,5895841,6059776,6197011,6329519,6478633,6636869
150,"Uganda",0,0,0,0,0,0,0,0,1,30,48,53,55,75,88,116,227,198,413,593,694,763,848,927,1013,1062,1103,1176,1267,1434,2166,2847,3539,4703,6017,7364,8662,9701,10455,11297,12495,14066,15789,17667,19944,22188,27071,30702,33563,35712,37554,38085,39044,39533,39821,40019,40199,40335,40452,40544,40651,40767,40962,41113,41340,41575,41905,42308,42674,43507,45931,51676,60250,70176,77505,82852,86755,89974,92115,93927,95474,96678,97453,119544,120466,121296
151,"Ukraine",0,0,0,0,0,0,1,3,47,356,1225,2511,5106,8125,11411,14710,17858,20580,23204,27101,31177,36615,42932,48628,53941,59333,65317,72609,81534,91795,105337,119751,136966,155558,177048,200566,228161,263105,301856,347317,399330,464598,540593,629850,728834,822985,908839,982937,1049717,1102256,1144943,1192114,1227723,1258093,1285059,1313209,1346527,1389570,1442457,1500873,1584972,1682527,1783169,1893192,1989160,2071142,2132742,2169650,2206627,2237240,2257904,2272633,2282727,2290412,2296982,2303485,2310246,2317198,2324935,2333409,2343046,2354008,2366560,2379159,2395616,2416739
152,"United Arab Emirates",0,4,7,8,13,21,45,85,153,468,1505,3736,6302,9813,13599,17417,22627,28704,33896,38268,41990,44533,47360,50857,54453,56711,58562,60760,62300,64102,66617,69328,73471,78849,84242,90618,97760,105133,114387,123764,132629,141032,149135,157785,166502,175276,183755,192404,200892,211641,227702,249808,274376,300661,323402,345605,368175,388594,408236,424405,438638,453069,468023,481937,495224,508925,521948,534445,544931,554516,567263,581197,596017,610179,624814,637877,648702,659449,670108,680858,691554,700587,708302,715394,722292,728266
153,"United Kingdom",0,2,13,18,23,61,429,2634,9007,27062,57772,90273,122534,155453,186731,209589,229406,245682,256469,264944,272050,278640,283785,286412,290504,295632,300270,305562,311461,319232,326595,334916,346513,367594,392847,431819,482656,593567,708300,857045,1014795,1174772,1347909,1497138,1609144,1710382,1835952,2010080,2262739,2607546,3026346,3367074,3627750,3806997,3941277,4038933,4117743,4182772,4225906,4267015,4304839,4343066,4371393,4382880,4401176,4418710,4434157,4448808,4464663,4476297,4496823,4527577,4574445,4636991,4734011,4896272,5107780,5407428,5694462,5883421,6070873,6270673,6491529,6729912,6973995,7231111
154,"Uruguay",0,0,0,0,0,0,0,6,135,303,400,501,517,596,652,702,733,764,821,845,847,859,924,955,986,1044,1174,1278,1335,1434,1521,1570,1669,1780,1904,1998,2122,2268,2501,2807,3124,3441,3957,4564,5511,6965,9180,12557,16218,20275,24974,31669,36967,41181,44812,48459,52163,57362,63010,70133,79923,95278,113904,141380,162400,182326,200908,218800,238079,262009,288172,312703,336470,353377,364859,372178,376281,378733,380311,381517,382360,383212,384026,384622,385557,386562
155,"US",2,8,12,14,16,25,403,2978,26025,125013,321502,544229,743625,950663,1143360,1320280,1477427,1632427,1779810,1925769,2074013,2255881,2513780,2847733,3252947,3717082,4181400,4623663,5000759,5361781,5665946,5957178,6247600,6488632,6772558,7081894,7384675,7726068,8116614,8599971,9165786,9972546,11008478,12213946,13370049,14733807,16245883,17767649,19100538,20554622,22272720,23838557,25074852,26137213,26983932,27647267,28120203,28600016,29026579,29405125,29790862,30224432,30677407,31154906,31631770,32048996,32396265,32690935,32927841,33108377,33255083,33357364,33457308,33538065,33621508,33714085,33847814,34067942,34430613,34978283,35739574,36642252,37678551,38763057,39909618,40925410
156,"Uzbekistan",0,0,0,0,0,0,0,0,43,104,266,767,1490,1862,2118,2349,2738,3115,3546,4094,4966,6153,7682,9708,12513,16186,19952,24783,29652,34528,38532,41067,43293,46721,50992,54819,58238,60776,62809,64923,66932,68367,69987,71431,72718,73751,74811,75806,76666,77182,77530,77968,78317,78711,79045,79381,79632,79836,80125,80481,81339,82146,83435,84724,86338,88679,91250,93978,96368,98164,99844,101436,103206,105610,108730,112130,115478,118881,123559,129327,135738,142124,148203,154033,159209,163770
157,"Venezuela",0,0,0,0,0,0,0,2,70,119,155,175,227,323,345,402,504,1010,1459,2316,2904,3789,5130,6750,9178,11483,14929,19443,24961,32607,38957,44946,52165,59630,65949,71940,77646,82453,86289,89142,92013,94698,96933,99435,101760,104177,107177,109781,111951,114083,116172,119306,123245,126323,129643,132743,135603,138739,141885,145379,150306,155663,164337,173786,181903,190523,198865,206549,212998,222052,231443,240714,250309,259413,268349,276395,283742,291716,298804,305766,312115,318185,324642,332172,338300,346755
158,"Vietnam",2,6,13,16,16,16,18,53,94,174,240,258,268,270,270,288,318,325,328,329,334,349,355,355,370,382,417,590,812,951,1014,1040,1049,1060,1068,1069,1096,1107,1126,1160,1180,1213,1265,1306,1341,1365,1395,1411,1440,1482,1513,1537,1548,1767,1985,2195,2368,2432,2501,2553,2572,2586,2626,2692,2781,2833,2942,3245,4112,5119,6908,8580,10337,12978,15325,19310,28470,51002,94913,150060,205656,265464,336707,422469,511170,601349
159,"Zambia",0,0,0,0,0,0,0,0,2,28,39,40,57,84,119,252,679,920,1057,1089,1357,1430,1531,1632,1895,2980,4328,6228,7903,9186,10831,11902,12709,13466,14070,14612,14974,15415,15789,16117,16432,16908,17097,17394,17589,17898,18217,18620,19671,21230,26567,36074,44592,53352,61427,68454,73894,78202,82011,84474,86273,87583,88800,89918,90844,91317,91670,92057,92409,93106,94751,99540,110332,126973,146031,162487,174789,184672,191527,195816,199662,202078,204337,205893,207028,207836
160,"Zimbabwe",0,0,0,0,0,0,0,0,3,7,9,14,25,31,34,35,42,56,174,279,356,479,567,698,982,1478,2434,3659,4575,5176,5893,6406,6837,7508,7672,7803,7885,8010,8110,8269,8367,8498,8786,9172,9822,10617,11219,12151,12963,14491,20499,26881,31007,33273,34487,35104,35768,36058,36260,36471,36662,36818,36911,37273,37699,38064,38260,38414,38554,38679,38933,39168,39852,41628,46018,53665,66853,82613,97277,108860,115890,119853,122487,124367,125425,126220
161,"Dominica",0,0,0,0,0,0,0,0,0,11,14,16,16,16,16,16,16,16,16,18,18,18,18,18,18,18,18,18,18,18,19,20,22,24,24,24,31,32,33,38,50,63,68,72,85,85,87,88,88,88,106,110,113,117,121,121,134,142,144,156,156,161,165,165,165,173,174,175,178,184,188,188,189,191,192,194,197,206,209,210,218,576,953,1638,1832,2280
162,"Grenada",0,0,0,0,0,0,0,0,0,7,12,14,14,18,21,21,22,22,23,23,23,23,23,23,23,23,23,24,24,24,24,24,24,24,24,24,24,24,27,28,28,30,32,41,41,41,43,94,112,127,127,139,147,148,148,148,148,148,148,148,154,155,155,155,155,159,160,160,161,161,161,161,161,161,161,161,161,161,164,164,164,180,212,317,1098,2345
163,"Mozambique",0,0,0,0,0,0,0,0,0,8,10,20,35,70,79,87,129,168,244,409,553,688,839,969,1135,1435,1616,1907,2241,2791,3304,3760,4341,5040,6537,7757,9049,9844,10707,11895,12869,13577,14340,14981,15586,16133,16812,17477,18162,18968,21361,25862,31628,37705,44112,49135,54968,58772,62131,64296,66064,67011,68005,68578,69134,69643,69965,70166,70410,70568,70724,71082,71461,72367,74704,79213,87935,98152,108760,122028,131799,138344,142523,145724,147785,149088
164,"Syria",0,0,0,0,0,0,0,0,0,5,16,25,38,42,44,47,51,70,122,125,170,198,256,338,394,496,627,780,1125,1593,2143,2628,3104,3506,3765,4038,4329,4673,5033,5359,5728,6147,6613,7154,7715,8320,9041,10050,10932,11616,12274,12942,13557,13998,14408,14820,15143,15533,15925,16401,17240,18356,19284,20118,21004,21999,22818,23319,23693,24052,24440,24639,24789,25076,25365,25619,25766,25827,25865,25963,26081,26292,26799,27539,28423,29358
165,"Timor-Leste",0,0,0,0,0,0,0,0,0,1,1,2,18,24,24,24,24,24,24,24,24,24,24,24,24,24,24,24,25,25,26,27,27,27,27,27,28,28,29,29,30,30,30,30,30,31,31,31,41,44,49,52,64,70,80,101,103,111,119,178,271,480,714,947,1236,1739,2276,3111,4279,5481,6752,7659,8228,8678,8979,9425,9766,10100,10337,10898,11475,12272,13981,16236,17468,18382
166,"Belize",0,0,0,0,0,0,0,0,0,2,4,13,18,18,18,18,18,18,18,19,20,22,24,30,37,40,48,56,146,388,668,964,1194,1458,1606,1825,2080,2427,2775,3106,3487,4076,4783,5110,5647,7601,9173,9791,10490,10807,11266,11529,11722,11908,12037,12145,12244,12293,12335,12370,12400,12415,12456,12485,12538,12599,12668,12686,12714,12764,12791,12861,12938,13004,13137,13343,13518,13683,13917,14163,14438,14847,15415,16012,16750,17405
167,"Laos",0,0,0,0,0,0,0,0,0,8,10,18,19,19,19,19,19,19,19,19,19,19,19,19,19,19,20,20,20,22,22,22,22,23,23,23,23,23,23,24,24,24,24,25,39,39,41,41,41,41,41,41,41,44,45,45,45,45,47,48,49,49,49,49,58,247,821,1233,1570,1782,1908,1957,1990,2050,2100,2213,2630,3295,4620,6299,7778,9894,12164,14466,15761,17140
168,"Libya",0,0,0,0,0,0,0,0,0,3,18,24,49,61,63,64,65,75,130,256,418,544,727,989,1389,1791,2547,3691,5232,7738,10437,12958,17094,22348,27234,31828,36087,41686,47845,54374,61095,67039,72628,76808,81273,85529,89880,93772,97653,100744,104002,108017,112540,117650,122894,126881,129325,132458,137482,143643,150341,156116,161088,166888,171131,174752,177508,179697,181179,182899,184815,186953,188762,190426,192129,194323,201236,217434,229604,249114,264827,279099,293532,303790,313504,322487
169,"West Bank and Gaza",0,0,0,0,0,0,16,35,48,98,217,268,313,342,353,375,376,423,447,464,489,784,1815,3835,5931,8204,10306,12160,13928,16153,18476,21668,25575,29906,35003,38253,41078,43945,46746,49989,53520,57657,62167,70254,81890,96098,108099,121216,131904,140287,146701,151569,155006,158559,162029,166800,172315,181909,194548,207436,221391,234748,248482,265897,279753,290259,296462,301437,303658,305201,307838,309853,311018,312605,313520,314492,315107,315641,315968,316738,317703,320034,325404,335709,351809,368160
170,"Guinea-Bissau",0,0,0,0,0,0,0,0,0,2,18,38,46,52,257,641,969,1114,1256,1368,1460,1541,1614,1765,1842,1949,1954,1981,2052,2117,2149,2205,2245,2275,2303,2324,2362,2385,2389,2403,2413,2414,2419,2421,2422,2441,2444,2447,2447,2452,2455,2478,2510,2532,2772,2885,3091,3247,3312,3436,3558,3630,3661,3678,3710,3724,3736,3739,3746,3749,3761,3787,3802,3825,3846,3881,3940,4044,4208,4479,4764,5099,5496,5745,5890,6021
171,"Mali",0,0,0,0,0,0,0,0,0,18,41,87,216,370,544,692,835,1015,1250,1523,1776,1933,2118,2303,2406,2472,2503,2535,2565,2614,2699,2757,2833,2916,3006,3080,3170,3273,3379,3472,3554,3676,3868,4206,4659,5062,5721,6164,6574,7226,7565,7823,7965,8069,8160,8226,8292,8365,8560,8862,9270,9773,10432,11705,12980,13560,13896,14082,14176,14240,14265,14296,14349,14380,14414,14438,14461,14509,14540,14584,14637,14692,14749,14846,14930,14981
172,"Saint Kitts and Nevis",0,0,0,0,0,0,0,0,0,2,9,12,14,15,15,15,15,15,15,15,15,15,15,16,17,17,17,17,17,17,17,17,17,17,17,19,19,19,19,19,19,19,19,19,22,25,27,30,30,33,34,34,35,37,40,40,41,41,41,43,44,44,44,44,44,44,45,45,45,46,68,83,155,330,428,490,525,550,564,593,611,642,792,1024,1148,1439
173,"Kosovo",0,0,0,0,0,0,0,2,24,88,135,250,480,703,813,862,955,1025,1064,1158,1384,1998,2494,3178,4512,5617,6917,8554,10059,11275,12337,13215,14027,14566,15002,15425,15758,16130,16754,17757,19328,22934,27851,33588,38431,42337,46118,48682,50405,51502,53264,55135,57317,59646,61688,63805,65450,68451,72600,76070,80295,84172,91079,95886,100329,102720,103638,105784,106243,106770,106946,107058,107125,107192,107299,107788,107842,107896,107992,108365,109662,115151,127627,141041,151279,156578
174,"Burma",0,0,0,0,0,0,0,0,0,8,21,38,98,146,151,178,182,201,224,240,261,287,296,313,330,340,348,353,359,374,441,749,1319,2796,5263,9991,16503,26064,34875,43788,52706,60348,68011,77848,87977,98047,107215,115187,121280,125616,130049,133869,137098,139864,141304,141585,141735,141890,142023,142136,142212,142377,142479,142572,142619,142704,142831,142934,143059,143228,143526,144253,145230,147615,152356,163087,188752,224236,264527,299185,326489,351605,371512,389134,412587,429880
175,"MS Zaandam",0,0,0,0,0,0,0,0,0,2,9,9,9,9,9,9,9,9,9,9,9,9,9,9,9,9,9,9,9,9,9,9,9,9,9,9,9,9,9,9,9,9,9,9,9,9,9,9,9,9,9,9,9,9,9,9,9,9,9,9,9,9,9,9,9,9,9,9,9,9,9,9,9,9,9,9,9,9,9,9,9,9,9,9,9,9
176,"Botswana",0,0,0,0,0,0,0,0,0,0,4,13,15,22,23,23,24,30,35,40,60,89,92,277,314,522,686,804,804,1214,1308,1562,2002,2252,2567,2921,3172,3219,5242,5923,6642,7835,8225,9594,10258,11531,12501,13014,14025,14805,16050,17365,19654,21293,23503,24926,26524,28371,31746,34098,35493,38466,40878,42674,44075,45855,46934,48417,49656,51620,53771,56217,59480,63247,67492,71443,75388,86133,97657,106690,122574,136758,146461,153793,159317,163665
177,"Burundi",0,0,0,0,0,0,0,0,0,0,3,5,5,11,15,15,15,42,63,83,85,104,170,191,191,310,361,395,405,412,429,445,460,471,473,485,513,517,536,555,585,612,627,656,681,694,728,761,786,822,885,1185,1438,1613,1717,1824,1983,2181,2299,2441,2563,2657,2911,3119,3477,3805,4018,4149,4290,4494,4715,4881,4995,5121,5348,5494,5608,5802,6128,7080,8088,9620,10791,11994,12585,14047
178,"Sierra Leone",0,0,0,0,0,0,0,0,0,0,4,8,30,82,155,291,462,621,852,946,1132,1309,1410,1533,1618,1701,1768,1823,1895,1954,1980,2019,2041,2096,2159,2208,2259,2300,2327,2345,2366,2381,2391,2405,2410,2420,2440,2497,2549,2646,2803,2970,3120,3528,3772,3821,3849,3887,3918,3937,3948,3962,3987,3995,4020,4044,4057,4068,4103,4121,4141,4188,4349,4702,5306,5748,6003,6166,6218,6283,6313,6338,6347,6363,6372,6379
179,"Malawi",0,0,0,0,0,0,0,0,0,0,4,12,17,33,38,56,65,82,279,409,529,620,1038,1613,2261,2810,3453,4186,4624,5026,5382,5528,5611,5678,5718,5766,5783,5821,5852,5887,5930,5948,5964,6003,6025,6049,6063,6153,6343,6712,8306,11785,18439,23497,26875,28876,30528,31798,32398,32789,33216,33458,33647,33805,33919,34011,34095,34166,34210,34274,34329,34384,34485,34832,35554,36820,38946,43043,48066,52347,55699,57896,59399,60313,60803,61098
180,"South Sudan",0,0,0,0,0,0,0,0,0,0,0,4,4,5,45,120,236,655,994,994,1693,1882,1942,2021,2021,2191,2258,2352,2463,2488,2497,2519,2544,2578,2642,2676,2715,2761,2817,2878,2905,2943,3003,3047,3104,3166,3206,3228,3455,3558,3589,3670,3788,3929,4355,5310,6417,7771,8677,9429,9849,10079,10255,10359,10432,10515,10583,10637,10652,10652,10688,10688,10688,10770,10812,10866,10891,10917,10917,11049,11100,11172,11243,11403,11473,11610
181,"Western Sahara",0,0,0,0,0,0,0,0,0,0,0,0,0,0,0,0,0,0,0,0,0,0,0,0,0,0,0,0,0,0,0,0,0,0,0,0,0,0,0,0,0,0,0,0,0,0,0,0,0,0,0,0,0,0,0,0,0,0,0,0,0,0,0,0,0,0,0,0,0,0,0,0,0,0,0,0,0,0,0,0,0,0,0,0,0,0
182,"Sao Tome and Principe",0,0,0,0,0,0,0,0,0,0,0,4,4,4,16,208,235,251,479,499,659,698,713,719,727,743,862,874,878,885,892,895,898,906,908,911,913,922,932,940,945,962,964,979,989,999,1009,1012,1014,1024,1066,1130,1188,1256,1351,1482,1578,1786,1944,2078,2142,2210,2240,2263,2275,2297,2302,2318,2327,2338,2345,2353,2357,2362,2365,2376,2392,2410,2424,2454,2470,2488,2524,2590,2683,2814
183,"Yemen",0,0,0,0,0,0,0,0,0,0,0,1,1,1,10,34,122,212,310,482,705,922,1103,1248,1389,1581,1674,1730,1797,1858,1907,1946,1983,2009,2026,2030,2041,2051,2055,2060,2063,2063,2068,2069,2074,2077,2083,2087,2092,2101,2104,2112,2118,2120,2127,2136,2157,2269,2444,2771,3278,3969,4697,5276,5770,6105,6325,6462,6538,6649,6731,6780,6857,6877,6906,6926,6941,6977,7008,7061,7131,7273,7487,7751,8056,8358
