id,Country,2021-01-01,2021-01-02,2021-01-03,2021-01-04,2021-01-05,2021-01-06,2021-01-07,2021-01-08,2021-01-09,2021-01-10,2021-01-11,2021-01-12,2021-01-13,2021-01-14,2021-01-15,2021-01-16,2021-01-17,2021-01-18,2021-01-19,2021-01-20,2021-01-21,2021-01-22,2021-01-23,2021-01-24,2021-01-25,2021-01-26,2021-01-27,2021-01-28,2021-01-29,2021-01-30,2021-01-31,2021-02-01,2021-02-02,2021-02-03,2021-02-04,2021-02-05,2021-02-06,2021-02-07,2021-02-08,2021-02-09,2021-02-10,2021-02-11,2021-02-12,2021-02-13,2021-02-14,2021-02-15
0,"US | Washington",246752,246752,246752,255396,256435,258767,260752,264012,268607,271595,271595,276686,278544,281202,283777,285970,285970,289939,289939,291989,294017,296087,298249,300198,300198,302141,303482,305289,307809,309801,311597,311597,313335,314692,316294,317878,319371,320146,320146,323214,324025,324706,326159,327167,328047,328047
1,"US | Illinois",963389,963389,975352,979821,984880,991719,999288,1008045,1017322,1024039,1028750,1033526,1040168,1046030,1052682,1059324,1064667,1068829,1072214,1076532,1081354,1086333,1093375,1098527,1101819,1104763,1108430,1112181,1116372,1120528,1123873,1126301,1128613,1130917,1134231,1137559,1141219,1144281,1146346,1148088,1150170,1152995,1155833,1158431,1160523,1162154
2,"US | California",2325599,2365024,2415246,2452262,2490518,2529480,2567843,2609088,2651984,2704483,2744008,2784716,2832085,2870104,2910044,2948054,2983149,3014428,3043005,3078551,3097632,3122705,3147207,3168028,3187475,3213222,3235045,3250649,3273905,3293531,3310949,3324264,3342647,3355781,3368281,3382932,3399745,3408241,3417982,3432088,3442672,3451176,3461753,3471311,3480228,3485841
3,"US | Arizona",520207,530267,539150,556384,561542,567474,574680,584593,596251,607345,618546,627541,636100,641729,649040,658186,666901,673882,679282,685699,690544,699942,708041,715357,722574,727895,732643,738561,743232,748260,753379,758404,762145,765083,767379,771796,775622,779093,780637,782887,787268,789245,791106,793532,795323,797270
4,"US | Massachusetts",375178,375178,384181,387662,392568,397202,404053,411601,419721,427135,432791,437042,442529,448447,454402,459927,465726,470140,473441,476526,481040,486180,491452,496093,500037,503688,506183,509503,514134,517252,521360,524025,526423,528662,531117,533921,537208,540827,543934,545303,546896,548946,551396,553812,555895,557777
5,"US | Wisconsin",520438,522523,523652,526245,527871,531890,535999,540508,544618,548134,550260,551942,555249,558020,561160,563866,566275,568166,569335,571268,573119,575688,577991,580003,581377,582477,584041,585600,587580,589384,590997,592140,592921,594217,595756,597475,598902,600016,600782,601391,602256,603255,604683,605785,606651,607213
6,"US | Texas",1772784,1782956,1801181,1816886,1831146,1864173,1884799,1910091,1932554,1951915,1968189,1990204,2014645,2040751,2068637,2094921,2112662,2127111,2138190,2157459,2185554,2208871,2227789,2242473,2250421,2269424,2290621,2309220,2330272,2348188,2363266,2376344,2412627,2431687,2449535,2463424,2478003,2486505,2494861,2504578,2518333,2531060,2543236,2554842,2560393,2565258
7,"US | Nebraska",166798,167716,168262,169000,169585,171033,172469,173591,174614,175620,176026,176670,177670,179199,180131,180910,180910,181978,182176,182176,184482,185346,186255,186854,187147,187793,188122,188784,189597,189597,190570,190713,190950,191437,192042,192549,193069,193421,193722,193826,194170,194632,195006,195485,197027,197236
8,"US | Utah",276612,276612,281654,283473,285633,288951,292720,297317,301110,303723,305999,307483,309629,314817,317559,320102,322252,323837,324919,326221,328380,330469,333118,334889,336405,337264,338675,340684,342445,343962,345430,346624,347208,348409,350000,351273,352489,353700,354608,355122,356040,357339,358581,359641,360584,361294
9,"US | Oregon",113909,113909,116348,117745,118453,119488,120223,121085,122847,124476,125683,126607,127780,129109,130246,131258,132412,133205,133851,134468,135142,135973,136839,137600,138168,138587,139355,140063,140783,141729,142416,142416,143373,143978,144605,145320,146137,146741,147122,147419,147932,148475,149082,149576,150034,150281
10,"US | Florida",1323315,1323315,1354833,1365436,1376692,1392123,1409906,1429722,1449252,1464697,1477010,1488586,1503482,1517472,1531192,1548067,1560186,1571279,1579281,1589097,1601011,1613884,1627603,1639914,1649449,1658169,1667763,1676171,1687594,1698570,1713589,1721377,1727107,1737640,1744619,1752330,1763873,1771359,1777983,1783720,1790743,1798280,1806805,1814422,1821937,1827373
11,"US | New York",978783,995816,1011665,1023897,1035139,1048281,1064297,1081885,1101445,1119284,1135592,1149771,1164562,1179266,1193453,1212922,1228867,1242561,1255971,1268692,1279811,1293719,1309403,1323312,1335695,1347667,1358707,1369072,1382855,1395806,1408698,1419907,1428839,1436788,1443942,1450912,1458809,1470301,1480224,1489196,1497475,1504059,1514070,1522785,1531540,1539870
12,"US | Rhode Island",87949,87949,87949,87949,92708,93852,95463,96591,97614,97614,97614,100607,101393,102485,103386,104443,104443,104443,104443,107066,107876,108786,109735,109735,109735,111754,112396,113009,113754,114438,114438,114438,115956,116191,116704,117291,117891,117891,117891,119104,119434,119893,120381,120821,120821,120821
13,"US | Georgia",666452,677589,685122,690900,696063,706154,713840,723630,736926,748852,757045,764499,773692,782288,791324,801130,809663,815995,820952,828581,836649,844799,853173,862158,866911,870828,879221,885605,892957,899515,905858,909445,912479,917440,922364,928070,932912,937402,940991,943695,947416,950906,955085,958985,962808,964737
14,"US | New Hampshire",44028,44028,45206,46450,47328,47992,48838,49261,50152,50871,51600,52307,53149,54125,54778,55550,55945,56864,56864,58709,59437,60294,60951,61576,62337,62768,63172,63563,64258,64838,65362,65695,66058,66058,66721,67117,67595,68061,68379,68499,68918,69247,69612,70072,70505,70785
15,"US | North Carolina",539545,539545,558437,564924,570111,575396,582348,592746,602774,614355,623188,629124,635975,641073,650926,659840,667826,674637,674637,684497,690912,698099,705535,712716,718812,723445,727423,733010,739500,746459,752627,757526,761302,764228,776307,781802,787349,791521,796195,799279,802065,805898,810466,814594,818724,821894
16,"US | New Jersey",529027,535043,541202,545450,547247,554400,560057,566761,572692,579250,584828,590162,594749,602629,609721,616032,622089,627221,631074,635702,641140,646189,650389,657536,662808,666951,671781,676537,681283,687269,692543,696829,700346,703496,705807,709096,713324,717835,722167,724728,728304,732674,736330,740062,743819,745987
17,"US | Colorado",334097,337161,339172,341250,343435,346893,349450,352923,356110,358947,361148,362825,364336,366774,369177,371458,373483,374981,376171,377856,379227,381210,383008,384966,386285,387500,388620,390296,391737,393459,395019,396185,397101,398037,399267,400851,402754,404256,405330,406276,407210,407961,409683,411774,412983,413836
18,"US | Maryland",276662,280219,283171,285319,287802,289758,292904,295874,299606,303364,306674,309686,312351,314867,317815,320739,324031,326445,328214,330186,332353,334519,336915,339307,341452,343138,344620,346559,348749,350629,352726,354473,355636,356541,357483,359037,360584,362084,363650,364553,365529,366666,367865,368977,370136,370983
19,"US | Nevada",224731,227046,228871,231614,233032,235455,237393,240796,243661,246309,248569,250249,252842,253985,256172,258050,260090,261573,262794,263972,265143,266343,268212,269713,270907,271897,272853,273873,274951,276279,277349,278308,279146,279957,280707,281596,282493,283391,284042,284590,285136,285795,286387,287023,287836,288348
20,"US | Tennessee",586802,586802,604132,608297,612250,617649,625380,634237,640606,646450,653869,657396,660874,665499,670482,676039,680847,685321,687751,690065,694291,697783,701847,705876,708717,710427,712406,715806,717583,722491,724742,727861,729187,731360,733216,736370,739031,742213,744600,745826,747462,750409,752033,754279,756071,757418
21,"US | Hawaii",21745,22022,22181,22303,22378,22485,22610,22897,23180,23408,23586,23748,23856,23949,24113,24318,24474,24595,24710,24769,24837,24949,25109,25236,25379,25495,25558,25652,25746,25885,25994,26072,26156,26218,26286,26387,26507,26611,26684,26714,26742,26793,26877,26958,27015,27058
22,"US | Indiana",511485,517773,523090,526071,529688,533083,539229,546499,552594,558560,563653,567338,570477,574119,578494,583160,587049,590211,592709,595436,598313,601937,605426,608519,611039,613228,614946,617176,619995,622625,624959,626682,628391,629903,631331,633667,635171,637987,639711,640744,641874,643305,645006,646425,647657,648875
23,"US | Kentucky",265261,265261,273970,276825,279142,280835,286540,291429,296166,300397,303624,305706,308728,313281,317344,321269,324324,326674,328667,330906,334320,338033,340778,344567,346138,347827,350519,352934,355868,358469,361115,362881,364498,366929,369510,372003,374259,376253,377790,378793,381121,383032,384903,386326,387090,388798
24,"US | Minnesota",415302,415302,417832,420544,423688,425261,427587,429570,431944,434413,436572,437552,438867,440354,441935,443562,445047,446380,447349,448268,449492,450762,452268,453808,454989,455783,456490,457317,458633,459747,460819,461807,462528,463132,463766,465176,466224,467217,468118,468682,469254,469905,470803,471851,472791,473567
25,"US | Oklahoma",290936,290936,296055,304072,306771,308268,311573,315354,320586,324875,331362,335247,337457,341364,344506,348044,351665,354979,356816,358374,360360,363046,365992,370149,373090,374853,376424,379110,381430,384217,386590,389472,390868,392164,394283,397065,399727,401780,403954,404994,406064,407724,409401,410818,412276,413542
26,"US | Pennsylvania",645390,652091,660580,664913,670039,678998,688398,698005,708221,717277,723865,730773,737994,746002,753164,759243,765489,770985,774566,781947,787584,793138,798438,803585,807102,812098,816761,822582,828632,838016,842475,846046,849966,854197,857332,860721,865448,869222,873146,876165,880838,883928,887863,891135,894660,896996
27,"US | South Carolina",307507,307507,312718,321669,325472,328073,333235,338112,344176,350084,354525,357654,359357,365378,371180,375967,382422,388184,391464,394318,399843,404492,409188,413789,418325,421417,423667,427231,431169,435633,439785,443386,445916,447904,450794,453878,459974,462981,466373,468403,470311,473140,476287,480157,483140,487293
28,"US | District of Columbia",28983,29252,29509,29764,29904,30166,30482,30750,31107,31457,31791,31993,32423,32600,32820,33140,33537,33851,34033,34259,34403,34612,34905,35077,35301,35505,35700,35865,36132,36414,36662,36872,37008,37008,37199,37365,37634,37877,38035,38136,38281,38348,38533,38670,38796,38918
29,"US | Kansas",225212,230108,230119,230119,234069,233901,239197,239311,244583,244583,244583,249712,249803,254104,254410,258354,258354,258354,261825,262003,265522,265709,268908,268908,268908,271503,271578,274746,274823,276956,276956,276956,279008,279155,281322,281363,283926,283926,283926,285338,285341,287213,287276,288475,288475,288475
30,"US | Missouri",403859,408006,410744,413295,414812,417633,420070,424946,429150,433165,435999,437859,440149,442420,445287,447621,449819,451332,452703,453987,455825,457969,459870,461808,463856,464686,465984,467531,469567,471628,472942,473977,474767,476020,477228,478750,480086,481183,481929,482446,483099,484167,485252,486169,486848,487338
31,"US | Vermont",7412,7412,7689,7793,7873,8038,8158,8403,8619,8790,8967,9078,9247,9368,9573,9734,9915,10057,10220,10321,10471,10580,10759,10908,11033,11165,11285,11379,11523,11658,11831,11965,12083,12196,12329,12503,12612,12766,12900,13046,13105,13122,13249,13415,13561,13677
32,"US | Virginia",349584,354766,358755,363765,367536,371913,377300,382679,387917,393715,398856,403386,407947,412545,417839,422634,429391,439305,446550,451076,455591,459604,463751,468655,472447,478619,483326,488553,493674,497912,502221,504779,507640,510380,513339,516398,521467,526176,529125,530825,534116,537319,541018,544209,547424,549999
33,"US | Connecticut",185708,185708,190120,190120,194636,196968,199454,202758,205994,205994,205994,213358,217047,220576,221544,223422,223422,223422,230125,232219,234134,235796,237815,237815,237815,243632,244899,247339,248765,250023,250023,250023,253954,256522,257004,257941,259372,259372,259372,263739,264608,265496,266499,267337,267337,267337
34,"US | Iowa",281712,282980,283895,284715,286356,288298,290776,293189,294762,296171,296682,297774,299255,301161,302560,303926,304748,305151,306083,307302,308787,310440,311695,312622,313137,313909,315002,316114,317124,318319,319110,319408,320187,321274,322308,323216,323797,324306,324590,325219,326150,327061,327432,328565,329039,329258
35,"US | Louisiana",315275,315275,315275,321058,322181,326648,333524,338054,341431,341431,346829,348234,352939,355835,361148,364853,364853,368980,369951,372089,374582,378318,380255,380255,383862,385942,388562,392416,394909,397276,397276,400626,401591,404194,406235,408995,409861,409861,411812,412989,414354,414687,417415,418585,418585,419891
36,"US | Ohio",700380,700380,714673,721481,727423,735003,742817,753068,762603,770977,777065,784957,792938,799639,807293,814442,821507,826754,831066,836049,842433,849704,853982,859841,864322,868656,872918,878284,883716,888590,892781,895792,899079,902736,906727,910847,914530,918079,920217,922143,925350,928631,931437,934742,937541,939350
37,"US | Michigan",528621,528621,538121,538121,543611,546642,551498,555747,559655,562553,562553,567682,570150,573278,576573,579574,581785,581785,585128,586673,589869,592382,594920,596746,596746,600093,602168,604233,606488,608627,610138,610138,612710,614143,615860,617745,619499,620685,620685,622813,623731,624970,626477,628012,628956,628956
38,"US | South Dakota",99164,99164,99829,100532,100643,101076,101684,102132,102580,102901,103318,103499,103743,104195,104512,104937,105278,105544,105659,105786,106063,106400,106716,106963,107148,107180,107380,107608,107795,107955,108070,108250,108315,108431,108639,108813,108944,109132,109229,109283,109405,109580,109859,110068,110205,110315
39,"US | Arkansas",225138,229442,231442,233475,234781,238888,242593,245916,248860,251746,255076,256344,259553,262020,264511,267635,270178,271154,272263,273594,276114,279220,281382,282995,284066,284702,287187,288964,290856,292563,294387,295268,296494,298004,300430,302899,304723,306064,306736,307373,308848,309940,311043,311608,312562,313028
40,"US | Delaware",57456,58064,58873,59484,60333,61100,61729,62949,63503,64475,65273,65827,66446,67173,68065,68727,69372,70294,70910,71311,71775,72523,73233,73915,74575,75191,75490,75832,76495,76935,77551,78071,78495,78696,78982,79225,79546,79832,80594,80931,81210,81461,81875,82263,82672,83003
41,"US | Mississippi",215811,218386,220277,222061,223677,225444,228235,228235,233665,236868,239082,240309,241957,243899,245847,248189,250869,252475,253932,255125,256827,259117,261167,263023,264219,265146,266598,268672,270476,272662,274190,275001,275706,276531,277322,278532,279742,280778,281678,282313,282969,283753,284664,285648,286343,287436
42,"US | New Mexico",142864,144142,145379,146394,147315,148499,149984,151819,153456,154954,156157,157087,157974,159119,160543,161805,162893,163637,164263,164954,165835,166823,167731,168579,169205,169696,170296,171047,171719,172798,173539,174064,174550,174982,175652,176211,176793,177214,177556,177867,178280,178790,179323,179724,180289,180571
43,"US | North Dakota",92495,92770,92891,93041,93240,93494,93832,94156,94438,94558,94716,94830,94968,95135,95378,95599,95714,95864,95934,96071,96222,96369,96565,96720,96817,96874,97006,97160,97304,97457,97561,97629,97680,97797,97936,98034,98095,98106,98155,98184,98175,98214,98353,98466,98551,98597
44,"US | Wyoming",44409,44409,44573,44875,45257,45569,45890,46168,46647,46719,46832,47395,48072,48289,48701,48909,49068,49363,49708,49922,50124,50424,50583,50583,50898,51062,51152,51368,51430,51690,51704,51912,52057,52128,52288,52468,52576,52618,52627,52784,52830,52874,52979,53086,53086,53136
45,"US | Alaska",46986,46986,47801,48098,48363,48560,48899,49228,49639,49958,50218,50394,50522,50816,51157,51466,51653,51938,52093,52222,52393,52605,52901,53150,53315,53399,53487,53670,53877,54062,54216,54351,54459,54594,54820,55005,55259,55259,55259,55768,55893,56097,56251,56405,56405,56405
46,"US | Maine",24201,24902,25245,25592,25967,26565,27090,27625,28407,29019,29298,29611,30326,31150,31958,32781,33219,33559,33876,34262,34963,35638,36274,36598,36598,37046,37710,38170,38454,38813,39168,39324,39543,39960,40233,40534,40799,41065,41219,41419,41636,41889,42064,42265,42425,42529
47,"US | Alabama",361226,365747,369458,371934,374095,379593,384184,389230,394287,399150,401900,404000,407848,410995,414583,417528,420681,422598,424028,426543,429655,432536,436087,439442,441170,443009,445909,449086,452734,455582,455582,459639,460860,462938,465056,467823,469319,471311,472423,473348,474666,476067,477570,478667,479856,480931
48,"US | Idaho",141077,141077,142199,142507,143305,144843,146106,147173,148258,149235,149667,150239,151273,152364,153358,154470,155276,155554,155554,156778,157588,158200,158798,159325,159506,160033,160592,161212,161720,162355,162683,162683,163165,163656,164163,164565,164969,165209,165209,165658,166095,166553,166876,167225,167483,167483
49,"US | Montana",81555,81555,81944,82381,82664,83378,84060,84750,85568,86102,86324,86653,87077,87653,88110,88635,89056,89393,89576,89864,90255,90649,91049,91410,91652,91816,92160,92531,92934,93246,93762,93949,94070,94384,94810,95111,95458,95717,95790,95914,96288,96595,96842,97063,97297,97401
50,"US | Puerto Rico",76291,77054,77932,78169,78805,79319,79612,79898,82067,82630,83119,83468,84427,84639,84816,85954,86523,87381,87939,88373,88513,88728,89282,90073,91028,91596,92069,92244,92541,92968,93406,93624,94238,94526,94662,94984,95064,95355,95839,96161,96402,96494,96636,96924,97313,97609
51,"US | Virgin Islands",2031,2036,2041,2042,2055,2083,2083,2130,2143,2143,2143,2143,2166,2166,2166,2166,2166,2260,2260,2283,2305,2305,2321,2341,2341,2350,2373,2373,2384,2398,2398,2398,2421,2426,2430,2440,2449,2449,2466,2466,2485,2485,2505,2524,2524,2524
52,"US | Guam",7308,7326,7326,7326,7344,7357,7378,7386,7399,7399,7399,7423,7429,7444,7457,7474,7474,7474,7474,7515,7521,7521,7547,7547,7547,7554,7566,7568,7572,7579,7579,7579,7608,7610,7618,7622,7636,7636,7636,7664,7673,7673,7686,7689,7689,7689
53,"US | West Virginia",85334,87820,89327,91058,91886,93162,94678,96002,97898,99778,101212,102282,103203,104392,105219,106649,108124,108821,109809,110820,111677,112617,113615,114752,115307,115839,116978,117775,118562,119467,120340,121001,121425,121935,122470,123044,123641,124190,124708,125106,125522,125951,126420,126887,127282,127588
54,"US | Northern Mariana Islands",122,122,122,122,122,122,125,125,125,125,125,128,128,128,128,128,128,128,129,129,129,129,129,129,129,132,132,132,132,132,132,132,133,133,133,133,133,133,133,133,133,133,134,134,134,134
55,"US | American Samoa",0,0,0,0,0,0,0,0,0,0,0,0,0,0,0,0,0,0,0,0,0,0,0,0,0,0,0,0,0,0,0,0,0,0,0,0,0,0,0,0,0,0,0,0,0,0
56,"Afghanistan",51526,51526,51526,51526,53011,53105,53105,53207,53332,53400,53489,53538,53584,53584,53775,53831,53938,53984,54062,54141,54278,54403,54483,54559,54595,54672,54750,54854,54891,54939,55008,55023,55059,55121,55174,55231,55265,55330,55335,55359,55384,55402,55420,55445,55473,55492
57,"Albania",58316,58316,58991,59438,59623,60283,61008,61705,62378,63033,63595,63971,64627,65334,65994,66635,67216,67690,67982,68568,69238,69916,70655,71441,72274,72812,73691,74567,75454,76350,77251,78127,78992,79934,80941,81993,83082,84212,85336,86289,87528,88671,89776,90835,91987,93075
58,"Algeria",99610,99897,100159,100408,100645,100873,101120,101382,101657,101913,102144,102369,102641,102860,103127,103381,103611,103833,104092,104341,104606,104852,105124,105369,105596,105854,106097,106359,106610,106887,107122,107339,107578,107841,108116,108381,108629,108629,109088,109313,109559,109782,110049,110303,110513,110711
59,"Andorra",8049,8117,8166,8192,8249,8308,8348,8348,8489,8586,8586,8586,8682,8818,8868,8946,9038,9083,9083,9194,9308,9379,9416,9499,9549,9596,9638,9716,9779,9837,9885,9937,9972,10017,10070,10137,10172,10206,10251,10275,10312,10352,10391,10427,10463,10503
60,"Angola",17553,17568,17608,17642,17684,17756,17864,17974,18066,18156,18193,18254,18343,18425,18613,18679,18765,18875,18926,19011,19093,19177,19269,19367,19399,19476,19553,19580,19672,19723,19782,19796,19829,19900,19937,19996,20030,20062,20086,20112,20163,20210,20261,20294,20329,20366
61,"Antigua and Barbuda",159,159,159,160,160,160,163,163,167,169,176,176,176,176,184,184,187,189,189,190,190,192,195,195,198,201,201,215,215,218,218,234,234,249,249,268,277,288,299,316,316,350,381,419,427,427
62,"Argentina",1625514,1629594,1634834,1640718,1648940,1662730,1676171,1690006,1703352,1714409,1722217,1730921,1744704,1757429,1770715,1783047,1791979,1799243,1807428,1819569,1831681,1843077,1853830,1862192,1867223,1874801,1885210,1896053,1905524,1915362,1922264,1927239,1933853,1943548,1952744,1961635,1970009,1976689,1980347,1985501,1993295,2001034,2008345,2015496,2021553,2025798
63,"Armenia",159409,159738,159798,160027,160220,160544,160853,161054,161415,161794,162131,162288,162643,163128,163576,163972,164235,164586,164676,164912,165221,165528,165711,165909,166036,166094,166232,166427,166669,166728,166901,167026,167088,167231,167421,167568,167726,167937,168088,168177,168300,168496,168676,168830,169022,169167
64,"Australia",28425,28460,28484,28504,28517,28536,28546,28571,28582,28595,28614,28634,28650,28660,28669,28689,28708,28721,28731,28740,28749,28755,28760,28766,28777,28780,28786,28794,28799,28806,28811,28818,28823,28829,28838,28842,28848,28851,28857,28860,28871,28879,28887,28892,28898,28900
65,"Austria",360815,362911,364302,365768,367410,369721,372190,374730,376793,379071,380722,382258,383833,385750,389260,390788,392511,393778,394939,396425,398096,399798,401886,403512,404714,405723,407140,408781,410230,411730,413208,414398,415522,416763,418283,419801,421189,422522,423839,424896,426093,427562,429139,430870,432303,433487
66,"Azerbaijan",218700,219041,219462,220265,220599,221401,222200,222885,223417,224050,224651,224827,225346,225820,226200,226549,226951,227273,227391,227696,228028,228246,228526,228688,228975,229032,229358,229584,229793,229935,230066,230219,230296,230455,230617,230769,230907,231022,231154,231198,231362,231509,231649,231840,231995,232123
67,"Bahamas",7871,7887,7887,7914,7924,7928,7945,7959,7969,7969,7969,8004,8004,8011,8011,8021,8032,8032,8067,8068,8075,8088,8101,8101,8101,8133,8140,8161,8161,8167,8174,8174,8174,8223,8231,8247,8256,8256,8256,8289,8289,8289,8311,8311,8311,8311
68,"Bahrain",92675,92913,93184,93478,93766,93995,94284,94633,95030,95317,95558,95879,96195,96470,96812,97020,97268,97607,97940,98260,98573,98878,99210,99456,99817,100230,100689,101116,101503,101971,102626,103057,103582,104239,104792,105496,106198,106713,107329,108048,108807,109604,110416,111312,112102,112742
69,"Bangladesh",513510,514500,515184,516019,516929,517920,518898,519905,520690,521382,522453,523302,524020,524910,525723,526485,527063,527632,528329,529031,529687,530271,530890,531326,531799,532401,532916,533444,533953,534407,534770,535139,535582,536107,536545,537030,537465,537770,538062,538378,538765,539153,539531,539975,540266,540592
70,"Barbados",383,395,395,556,606,643,743,743,780,808,878,884,968,1007,1036,1036,1095,1095,1095,1095,1156,1156,1156,1341,1387,1401,1401,1443,1477,1498,1523,1545,1558,1586,1611,1641,1656,1676,1709,1732,1814,1857,1904,1947,2061,2061
71,"Belarus",194284,196223,198125,199962,201831,203104,204958,206796,208601,210368,212201,213993,215724,217696,219663,221604,223537,225461,227360,228716,230494,232298,234111,235859,237611,238635,239482,241133,242851,244718,246570,248336,249295,249994,251705,253413,255172,256959,258691,259499,260060,261859,263551,265284,267029,268687
72,"Belgium",646496,648289,649169,650011,650887,652735,655732,658655,660703,662694,664263,665223,667322,670249,672886,675089,677209,678839,679771,681250,684256,686827,689271,691854,693666,694858,696642,699662,702437,705120,707837,710153,711417,713271,716395,718847,721432,723870,725610,726483,728334,730951,733100,735220,737115,738631
73,"Benin",3251,3251,3251,3251,3251,3304,3304,3304,3304,3304,3304,3363,3363,3413,3413,3413,3413,3413,3413,3413,3557,3582,3643,3643,3643,3643,3643,3786,3786,3786,3786,3893,3893,3893,4119,4119,4193,4193,4193,4193,4193,4560,4560,4560,4560,4560
74,"Bhutan",670,689,710,716,734,734,755,767,771,810,813,825,831,833,834,837,842,842,843,848,850,850,851,854,855,856,856,856,857,858,858,859,859,859,859,859,861,861,861,861,861,861,861,863,863,864
75,"Bolivia",160124,160985,162055,162661,163671,165268,166981,168891,171154,172798,173896,175288,176761,178818,181016,183589,185680,187183,188733,191090,193745,196393,198257,199989,201037,202818,205208,208074,210726,213392,215397,216835,218299,220426,222447,224234,225910,227128,227967,229187,230731,232502,233854,235098,236036,236732
76,"Bosnia and Herzegovina",110985,112143,112143,112645,112645,113392,113392,113392,114920,115379,115633,115633,116200,116668,117011,117011,117011,117011,118083,118383,118717,119206,119420,119420,119420,120143,120532,120864,121194,121497,121497,121497,122199,122461,122828,122828,123434,123434,123434,124101,124443,124696,125123,125402,125402,125402
77,"Brazil",7675973,7700578,7716405,7733746,7753752,7810400,7873830,7961673,8013708,8075998,8105790,8131612,8195637,8256536,8324294,8393492,8455059,8488099,8511770,8573864,8638249,8697368,8753920,8816254,8844577,8871393,8933356,8996876,9058687,9118513,9176975,9204731,9229322,9283418,9339420,9396293,9447165,9447165,9524640,9524640,9599565,9659167,9713909,9765455,9809754,9834513
78,"Brunei",157,157,157,172,172,172,172,173,173,173,173,173,174,174,174,174,174,174,174,174,174,174,175,175,175,175,176,176,180,180,180,180,180,180,180,180,180,181,181,182,182,182,183,184,184,184
79,"Bulgaria",202266,202540,202880,203051,204080,205390,206392,207259,208012,208406,208511,209131,209881,210416,210951,211503,211736,211813,212383,212927,213409,213864,214430,214696,214817,215589,216416,217014,217574,218269,218618,218748,219580,220547,221266,222149,223059,223552,223734,224849,226061,226974,228044,229010,229516,229679
80,"Burkina Faso",6707,6828,6940,7051,7126,7342,7563,7713,7866,7866,8082,8279,8463,8546,8809,8882,9000,9188,9352,9352,9553,9719,9857,9967,10038,10103,10157,10217,10377,10423,10580,10682,10768,10904,10958,11053,11143,11227,11285,11309,11367,11426,11426,11538,11588,11588
81,"Cabo Verde",11840,11872,11883,11920,11949,11983,12052,12146,12237,12316,12392,12433,12506,12592,12664,12776,12901,12993,13046,13139,13224,13307,13381,13414,13489,13557,13619,13722,13784,13897,13981,14070,14098,14152,14214,14290,14306,14380,14423,14451,14479,14543,14601,14647,14700,14741
82,"Cambodia",378,379,381,382,382,383,385,386,387,391,391,392,398,411,426,436,439,439,441,448,453,456,456,458,458,460,460,460,463,463,465,466,466,466,467,470,472,474,474,476,476,478,479,479,479,479
83,"Cameroon",26277,26848,26848,26848,26848,26848,26848,26848,26848,26848,26848,26848,27336,27336,27336,27336,28010,28010,28010,28010,28010,28010,28010,29617,29617,29617,29617,29617,29617,29617,29617,29617,29617,30313,30313,30313,30313,31394,31394,31394,31394,31394,31394,32098,32098,32098
84,"Canada",584409,585400,589935,606076,616134,623384,631466,639693,648930,657323,664606,672931,679072,686211,693658,700538,706897,713181,719601,724629,730330,736441,742268,747362,752041,757658,761699,766019,770825,775652,779762,783695,788197,791145,794412,798394,802530,805794,809001,812804,815487,818755,821932,824611,828408,830612
85,"Central African Republic",4963,4963,4963,4963,4963,4963,4963,4969,4969,4969,4973,4973,4973,4973,4973,4973,4973,4973,4973,4973,4974,4974,4974,4974,4980,4980,4980,4980,4981,4981,4981,4981,4989,4989,4989,4989,4989,4989,4989,4989,4989,4989,4996,4996,4996,4996
86,"Chad",2113,2141,2169,2213,2229,2289,2328,2358,2419,2510,2537,2589,2668,2709,2773,2807,2855,2895,2919,2977,3012,3065,3104,3137,3161,3182,3225,3269,3296,3321,3347,3376,3385,3404,3419,3433,3450,3473,3497,3508,3539,3568,3581,3597,3622,3645
87,"Chile",608973,612564,615902,618191,620641,623101,625483,629176,633381,637742,641923,645892,649135,652525,656712,661180,665493,669832,673750,677151,680740,685107,690066,694647,699110,703178,706500,709888,714143,718749,722900,727109,730888,734035,736645,740237,744019,748082,751886,755350,758189,760576,764307,768471,772396,776209
88,"China",95963,96023,96086,96160,96246,96310,96398,96484,96562,96690,96824,96920,97095,97275,97448,97616,97775,97939,98164,98323,98544,98786,98886,99047,99247,99402,99541,99655,99746,99848,99968,100063,100127,100177,100226,100268,100318,100348,100389,100435,100475,100494,100527,100559,100578,100599
89,"Colombia",1642775,1654880,1666408,1675820,1686131,1702966,1719771,1737347,1755568,1771363,1786900,1801903,1816082,1831980,1849101,1870179,1891034,1908413,1923132,1939071,1956979,1972345,1987418,2002969,2015485,2027746,2041352,2055305,2067575,2077633,2086806,2094884,2104506,2114597,2125622,2135412,2142660,2151207,2157216,2161462,2166904,2173347,2179641,2185169,2190116,2195039
90,"Congo (Brazzaville)",7107,7107,7107,7107,7107,7107,7127,7127,7127,7127,7127,7127,7160,7160,7160,7709,7709,7709,7709,7709,7709,7794,7794,7794,7794,7887,7887,7887,7887,7887,7887,7887,7887,7887,7887,8060,8060,8060,8060,8060,8060,8354,8354,8419,8419,8419
91,"Congo (Kinshasa)",17658,17849,17998,18102,18153,18248,18487,18738,18969,19159,19436,19496,19707,20003,20479,20556,20693,20908,21060,21140,21302,21398,21597,21713,21869,21954,22048,22178,22322,22455,22604,22771,22842,23043,23182,23222,23371,23485,23599,23671,23771,23890,24026,24152,24240,24295
92,"Costa Rica",169321,169321,169321,169321,172436,173591,175038,176407,177614,177614,177614,180061,181093,182156,183242,184187,184187,184187,186016,186877,187712,188477,189308,189308,189308,190745,191345,192066,192637,193276,193276,193276,194569,195009,195537,195992,196438,196438,196438,197435,197852,198338,198756,199187,199187,199187
93,"Cote d'Ivoire",22490,22563,22563,22648,22800,22855,22963,23173,23254,23482,23750,23894,24186,24369,24578,24856,24856,25241,25304,25383,25597,25751,26315,26612,26850,27096,27237,27455,27694,27934,28178,28399,28475,28607,28739,29102,29295,29567,29825,29967,29967,30240,30526,30717,30884,31140
94,"Croatia",210837,212007,212262,212958,213319,214390,216286,216848,217946,219347,219993,220223,220982,222117,223097,223812,224575,224954,225128,225648,226550,227326,227969,228568,228920,229054,229502,230359,230978,231539,232090,232426,232520,232907,233637,234153,234702,235126,235402,235473,235756,236333,236709,237080,237459,237657
95,"Diamond Princess",712,712,712,712,712,712,712,712,712,712,712,712,712,712,712,712,712,712,712,712,712,712,712,712,712,712,712,712,712,712,712,712,712,712,712,712,712,712,712,712,712,712,712,712,712,712
96,"Cuba",11863,12056,12225,12424,12740,12964,13165,13479,13823,14188,14576,15007,15494,16044,16549,17096,17501,18151,18443,18773,19122,19530,20060,20627,21261,21828,22614,23439,24105,24764,25674,26686,27592,28636,29529,30345,31190,32011,32831,33484,34064,34922,35772,36595,37483,38289
97,"Cyprus",22019,22818,23445,23974,24639,25208,25781,26208,26674,27011,27350,27638,27897,28124,28124,28609,28811,28968,29130,29294,29472,29636,29758,29887,30017,30143,30252,30380,30538,30657,30770,30876,30996,31124,31263,31379,31512,31644,31759,31864,31959,32072,32175,32288,32390,32513
98,"Czechia",718661,732022,735469,740481,746714,759635,776967,794740,809601,822716,831165,835454,844799,855600,866522,874605,883906,889159,891852,899503,909131,917359,924847,933361,937617,940004,946946,956155,964660,972642,980714,984774,987329,994514,1003657,1013352,1021477,1030112,1034975,1037405,1045132,1055415,1064952,1073966,1082849,1088009
99,"Denmark",164116,166567,168182,169358,171436,173433,175663,177507,179170,180915,182161,183400,184476,185835,185836,187998,188878,189767,190574,191299,192187,192947,193720,194599,195353,195978,196632,197224,197892,198348,198779,199156,199644,200041,200466,201020,201458,201871,202307,202737,203104,203574,204052,204480,204754,205049
100,"Djibouti",5831,5840,5841,5842,5846,5854,5855,5857,5865,5866,5871,5877,5879,5891,5900,5903,5903,5905,5905,5910,5913,5916,5917,5918,5919,5920,5923,5926,5929,5930,5931,5932,5932,5935,5936,5936,5941,5941,5947,5950,5959,5962,5966,5967,5968,5971
101,"Dominican Republic",170785,172218,172965,173331,175374,175849,176378,177493,178538,180644,182103,183282,184788,186383,187487,188969,191339,193118,194966,196591,198123,199672,201145,202507,203946,205162,206305,207455,208610,210412,212553,214060,215086,215920,217277,218948,220426,222148,223398,224119,224538,225472,226714,227764,228895,229768
102,"Ecuador",212512,213378,214513,214614,215080,216083,217377,218385,219148,220349,221070,221506,222567,224315,226002,226866,230808,231482,231644,232568,234315,236189,237158,238232,241292,241567,242146,243535,246000,246687,249779,250828,250986,251279,252390,253339,255412,257115,258282,258607,259783,260076,262213,263517,265527,267223
103,"Egypt",138062,139471,140878,142187,143464,144583,145590,146809,147810,148799,149792,150753,151723,152719,153741,154620,155507,156397,157275,158174,158963,159715,160463,161143,161817,162486,163129,163761,164282,164871,165418,165951,166492,167013,167525,168057,168597,169106,169640,170207,170780,171390,171993,172602,173202,173813
104,"El Salvador",45960,45960,45960,46803,47087,47355,47355,47948,48255,48574,48905,48905,49539,49539,50157,50157,50784,50784,51437,51437,51437,52388,52672,52672,53218,53479,53479,53989,53989,53989,53989,54966,55195,55195,55623,55821,56025,56237,56237,56653,56653,56653,56653,57428,57428,57428
105,"Equatorial Guinea",5277,5277,5277,5277,5279,5279,5286,5286,5289,5289,5289,5296,5296,5316,5316,5316,5356,5356,5365,5365,5365,5365,5401,5401,5401,5454,5454,5492,5492,5516,5516,5516,5534,5534,5534,5534,5578,5578,5578,5614,5614,5658,5663,5663,5694,5694
106,"Eritrea",1320,1320,1320,1320,1363,1363,1445,1445,1556,1556,1556,1556,1596,1596,1805,1877,1877,1877,1877,1877,1910,1913,1940,1940,1940,1950,1970,2085,2085,2135,2135,2135,2135,2267,2309,2309,2326,2326,2326,2326,2401,2418,2429,2429,2429,2429
107,"Estonia",27990,28406,28789,29131,29521,29950,30667,31751,32537,33089,33516,33805,34138,34991,35621,36096,36691,37079,37344,37941,38544,39212,39701,40184,40716,40975,41330,41966,42656,43343,43747,44208,44575,44978,45663,46334,46925,47512,47928,48267,48809,49605,50280,50993,51749,52416
108,"Eswatini",9358,9482,9711,9943,10138,10338,10539,10773,10975,11180,11435,11711,11919,12124,12327,12532,12736,12944,13187,13443,13789,14017,14219,14330,14484,14622,14830,15051,15283,15471,15666,15711,15804,15878,15974,16045,16137,16181,16204,16234,16288,16341,16396,16455,16488,16535
109,"Ethiopia",124264,124652,125049,125622,125919,126241,126786,127227,127572,127792,128316,128616,128992,129455,129922,130326,130772,131195,131546,131727,132034,132326,132881,133298,133767,134132,134569,135045,135594,136365,137021,137650,138384,138861,139408,140157,140883,141453,142338,142994,143566,144249,144862,145548,145704,147092
110,"Fiji",49,49,49,49,49,53,53,53,53,53,53,53,53,53,53,53,55,55,55,55,55,55,55,55,55,55,55,55,55,55,55,55,55,55,56,56,56,56,56,56,56,56,56,56,56,56
111,"Finland",36107,36403,36604,36772,36919,37218,37549,37772,38068,38392,38590,38790,39011,39335,39593,39911,40101,40337,40505,40722,41166,41565,41915,42334,42580,42772,43120,43616,44039,44402,44871,45238,45482,45784,46049,46493,46894,47262,47616,47969,48407,48807,49165,49572,50007,50319
112,"France",2677666,2697014,2700480,2712975,2717059,2737884,2763116,2763370,2804743,2824920,2840864,2844680,2864360,2888292,2909723,2931396,2931686,2969091,2972889,2996784,3023661,3046371,3069695,3093619,3112055,3116355,3138498,3165449,3166145,3212640,3236685,3255920,3260308,3283645,3310051,3310071,3355678,3376266,3395981,3400324,3419210,3444888,3465964,3466629,3467051,3467884
113,"Gabon",9571,9571,9571,9571,9605,9605,9641,9641,9694,9694,9694,9740,9740,9819,9819,9899,9899,9899,10019,10019,10120,10120,10278,10278,10278,10411,10411,10536,10536,10748,10748,10748,10952,10952,11129,11129,11457,11457,11457,11836,11836,12171,12171,12577,12577,12577
114,"Gambia",3797,3800,3800,3800,3800,3812,3812,3833,3838,3841,3857,3857,3876,3885,3893,3897,3897,3910,3933,3938,3938,3950,3958,3958,3972,4008,4012,4019,4019,4019,4090,4090,4139,4139,4184,4184,4184,4237,4237,4302,4302,4302,4302,4302,4302,4414
115,"Georgia",227420,228410,228752,229169,229763,232079,233879,235491,236028,238086,239229,239780,241637,243255,244612,245789,247025,247805,247915,249465,249934,251071,251974,252972,253518,253816,254822,255564,256287,256956,257632,258111,258351,259209,259897,260480,261018,261620,262024,262228,263057,263601,264158,264665,265200,265557
116,"Germany",1760520,1762637,1773540,1783896,1796216,1814565,1841228,1886561,1905638,1928462,1929410,1941116,1968326,1993892,2015235,2023828,2038645,2050129,2059382,2071615,2100618,2108895,2125261,2137691,2147769,2154656,2164043,2179679,2194562,2207393,2224911,2225659,2232327,2240017,2252504,2265536,2276371,2285003,2291673,2296323,2302051,2311297,2321225,2330422,2336906,2341744
117,"Ghana",54771,54930,55064,55168,55168,55168,55168,55461,55461,55772,55772,56230,56421,56981,56981,56981,56981,57714,58065,58431,58431,59480,59480,60115,60794,62135,62135,62751,63883,63883,65427,67010,67010,67782,68559,69255,70046,70046,70768,72328,73003,73003,73557,74347,75836,75836
118,"Greece",138850,139447,139709,140099,140526,141453,142267,142777,143494,144293,144738,145179,146020,146688,147283,147860,148370,148607,148925,149462,149973,150479,151041,151646,151980,152412,153226,154083,154796,155678,156473,156957,157495,158716,159866,160935,162107,163213,163946,164575,166067,167549,168872,170244,171466,172128
119,"Guatemala",138012,138236,138316,138475,138656,139419,140202,141074,142064,143127,143243,143243,144982,145986,146937,147560,148598,148888,149146,150277,151324,152395,152956,153890,154212,154430,155459,156497,157595,158336,159118,159504,159632,160299,160966,161665,162295,162937,163137,163247,163993,164746,165532,166283,167071,167279
120,"Guinea",13722,13738,13784,13784,13799,13845,13845,13904,13904,13942,13942,13980,14025,14051,14051,14065,14098,14114,14165,14207,14207,14236,14262,14300,14319,14375,14379,14435,14435,14451,14475,14546,14555,14555,14555,14629,14629,14665,14687,14764,14791,14791,14860,14860,14895,14967
121,"Guyana",6332,6348,6351,6358,6379,6407,6407,6469,6469,6541,6574,6588,6653,6696,6745,6805,6851,6908,6931,6950,7015,7067,7143,7222,7298,7317,7346,7380,7470,7528,7581,7641,7654,7678,7714,7780,7887,7939,7982,8023,8041,8092,8135,8181,8207,8231
122,"Haiti",9999,10015,10015,10077,10127,10127,10127,10127,10203,10241,10241,10272,10272,10386,10415,10569,10635,10781,10781,10852,10907,10963,10963,11035,11099,11099,11286,11286,11286,11402,11460,11533,11533,11590,11672,11692,11692,11758,11806,11806,11908,11969,11991,12016,12016,12143
123,"Holy See",27,27,27,27,27,27,27,27,27,27,27,27,27,27,27,27,27,27,27,27,27,27,27,27,27,27,27,27,27,27,27,27,27,27,27,27,27,27,27,27,27,27,27,27,27,27
124,"Honduras",121827,122974,123144,123369,123398,123822,124899,125118,125557,126943,127945,128701,129805,131009,131963,132412,133507,134111,134938,136068,136898,138044,139182,140238,140929,141984,142880,144007,144992,146110,147100,147843,147843,148951,151103,152225,153253,153905,154568,155735,156606,157468,158355,159024,159788,160171
125,"Hungary",322514,325278,326688,327995,328851,329721,331768,334836,337743,340459,342237,343656,344352,345710,347636,349149,350587,351828,352703,353276,354252,355662,356973,358317,359574,360418,360877,361881,363450,364909,366279,367586,368710,369288,370336,371988,373564,375125,376495,377655,378734,380013,381875,383735,385755,387462
126,"Iceland",5754,5754,5754,5754,5795,5811,5832,5845,5867,5880,5890,5898,5912,5935,5948,5956,5956,5956,5970,5970,5975,5981,5981,5981,5981,5990,5992,6000,6001,6002,6002,6002,6009,6011,6013,6016,6021,6021,6021,6020,6025,6026,6026,6033,6033,6033
127,"India",10266674,10286709,10323965,10340469,10356844,10374932,10395278,10413417,10413417,10450284,10466595,10479179,10495147,10512093,10527683,10542841,10557985,10571773,10581823,10595639,10610883,10625428,10639684,10654533,10667736,10676838,10689527,10701193,10720048,10733130,10746174,10757610,10766245,10777284,10790183,10802591,10814304,10826363,10838194,10847304,10858371,10871294,10880603,10892746,10904940,10916589
128,"Indonesia",743198,751270,758473,765350,772103,779548,788402,797723,808340,818386,828026,836718,846765,858043,869600,882418,896642,907929,917015,927380,939948,951651,965283,977474,989262,999256,1012350,1024298,1037993,1051795,1066313,1078314,1089308,1099687,1111671,1123105,1134854,1147010,1157837,1166079,1174779,1183555,1191990,1201859,1210703,1217468
129,"Iran",1225142,1231429,1237474,1243434,1249507,1255620,1261903,1268263,1274514,1280438,1286406,1292614,1299022,1305339,1311810,1318295,1324395,1330411,1336217,1342134,1348316,1354520,1360852,1367032,1372977,1379286,1385706,1392314,1398841,1405414,1411731,1417999,1424596,1431416,1438286,1445326,1452380,1459370,1466435,1473756,1481396,1488981,1496455,1503753,1510873,1518263
130,"Iraq",595291,596193,597033,597774,598369,599126,599965,600755,601424,602331,602938,603739,604549,605416,606186,606991,607587,608232,609029,609852,610598,611407,612092,612870,613763,614576,615380,616259,617202,618147,618922,619636,620620,621755,623072,624222,625756,627416,628550,630263,632257,634539,636908,639438,641628,643852
131,"Ireland",91779,93532,96926,101887,107997,113322,121154,127657,135884,140727,147613,152539,155591,159144,163057,166548,169780,172726,174843,176839,179324,181922,184279,186184,187554,188923,189851,191182,192645,193892,195303,196547,197553,198424,199430,200744,201763,202548,203568,204397,204940,205939,206801,207720,208796,209582
132,"Israel",423262,428510,434799,441542,448173,456139,463448,471048,477357,485434,491319,501073,510063,520060,529814,535049,543499,551689,558249,565629,575842,582869,589028,593961,597403,613340,617168,621590,628895,633991,638789,643435,652246,659978,668874,675618,680856,685583,692101,696528,703719,709729,714812,718746,721846,724380
133,"Italy",2107166,2129376,2141201,2155446,2166244,2181619,2201945,2220361,2237890,2257866,2276491,2289021,2303263,2319036,2336279,2352423,2368733,2381277,2390102,2400598,2414166,2428221,2441854,2455185,2466813,2475372,2485956,2501147,2515507,2529070,2541783,2553032,2560957,2570608,2583790,2597446,2611659,2625098,2636738,2644707,2655319,2668266,2683403,2697296,2710819,2721879
134,"Jamaica",12827,12915,12931,13049,13203,13246,13330,13368,13411,13455,13548,13637,13760,13852,13915,13992,14096,14161,14274,14419,14487,14550,14658,14772,14879,15012,15153,15241,15435,15462,15527,15653,15778,15973,16073,16250,16513,16841,17085,17298,17701,17908,18237,18527,18830,19035
135,"Japan",235811,239068,242097,245293,248625,253571,259521,267084,274947,282737,288818,293746,298321,304140,310734,317871,324942,330715,335605,340989,346508,352129,357174,361928,365899,368684,372545,376482,380644,384180,387499,390166,391956,394269,396900,399492,401858,404128,405765,406992,408550,410434,412125,413441,414803,416154
136,"Jordan",294494,295765,296668,298208,299831,301303,302856,304071,305163,305959,307209,308670,309846,310968,312043,312851,313557,314514,315544,316427,317405,318181,318911,319519,320453,321298,322241,323111,324169,325033,325674,326855,328062,329194,330474,331768,332990,333855,335154,336839,338322,340177,341984,343563,344803,347250
137,"Kazakhstan",201196,202060,202880,203563,204293,205064,205933,206840,207683,208596,209369,210086,210976,211901,212812,213855,214927,215947,216964,218216,219527,221053,222701,224395,225891,227165,228692,230188,231716,233156,234569,235844,237029,238364,239726,240983,240983,243404,244428,245351,246474,247533,248566,249562,250399,251267
138,"Kenya",96458,96614,96678,96802,96908,97127,97398,97733,97954,98184,98271,98334,98432,98555,98693,98859,99082,99162,99227,99308,99444,99630,99769,99898,99983,100052,100193,100323,100422,100563,100675,100773,100856,101009,101159,101339,101534,101690,101819,101944,102048,102221,102353,102613,102792,102867
139,"Korea, South",61769,62593,63244,64264,64979,65818,66686,67358,67999,68664,69114,69651,70212,70728,71241,71820,72340,72729,73115,73518,73918,74262,74692,75084,75521,75875,76429,76926,77395,77850,78205,78508,78844,79311,79762,80131,80524,80896,81185,81487,81930,82434,82837,83199,83525,83869
140,"Kuwait",150584,150869,151074,151343,151715,152027,152438,152978,153473,153900,154314,154841,155335,155874,156434,156964,157399,157777,158244,158822,159264,159834,160367,160901,161285,161777,162282,162862,163450,164108,164622,165257,165843,166654,167410,168250,169190,170036,170998,171994,172996,173983,175031,176052,176903,177701
141,"Kyrgyzstan",81034,81156,81214,81388,81388,81512,81656,81826,81991,82138,82273,82380,82587,82587,82723,82986,83109,83178,83178,83430,83430,83585,83796,83796,83900,84068,84175,84303,84303,84377,84529,84588,84588,84646,84832,84920,84920,84992,85071,85113,85171,85253,85328,85398,85441,85475
142,"Latvia",40904,41615,41929,42497,43118,43942,45171,46545,47782,48952,49568,49899,50777,52032,52982,54066,55097,55664,55908,56720,57808,58710,59586,60496,61008,61231,61924,63027,63992,64923,65708,66241,66652,67427,68658,69400,70276,71320,71800,72088,72869,73859,74701,75509,76282,76706
143,"Lebanon",181503,183888,186408,189278,192139,195759,199925,204699,210139,215553,219296,222391,226948,231936,237132,243286,249158,252812,255956,260315,264647,269241,272461,276587,279597,282249,285754,289660,293157,296282,298913,301052,303072,305842,309162,312269,315340,317836,319917,321980,324866,328023,331159,334093,336999,339129
144,"Liberia",1779,1779,1779,1779,1779,1779,1779,1779,1779,1779,1779,1779,1876,1877,1878,1882,1887,1887,1896,1898,1901,1901,1912,1914,1914,1927,1932,1936,1936,1939,1939,1939,1944,1944,1945,1945,1956,1956,1956,1956,1956,1956,1956,1956,1956,1956
145,"Liechtenstein",2136,2175,2202,2222,2224,2246,2295,2309,2311,2329,2340,2346,2355,2370,2375,2378,2383,2389,2395,2398,2405,2415,2432,2437,2441,2454,2455,2458,2475,2484,2493,2493,2497,2497,2509,2513,2518,2518,2523,2526,2527,2532,2534,2537,2538,2539
146,"Lithuania",141955,145430,146937,148202,149579,151220,154007,156416,158474,160238,161741,162515,163527,165291,166736,167960,169194,170036,170513,171380,172612,173889,174922,175929,176702,177243,177934,179217,180160,181019,181740,182543,182898,183444,184208,184948,185601,186278,186770,187039,187421,187991,189058,189665,190241,190724
147,"Luxembourg",46415,46415,46415,46415,46986,47149,47430,47592,47744,47744,47744,48027,48181,48372,48486,48630,48630,48630,48890,48975,49204,49319,49438,49438,49438,49733,49852,50089,50228,50388,50388,50388,50733,50923,51128,51330,51512,51512,51512,51879,52022,52247,52392,52539,52539,52539
148,"Madagascar",17714,17714,17767,17767,17767,17767,17767,17767,17767,17767,18001,18001,18001,18001,18001,18001,18001,18301,18301,18301,18301,18301,18301,18301,18743,18743,18743,18743,18743,18743,18743,19065,19065,19065,19065,19065,19065,19065,19360,19360,19360,19360,19360,19360,19360,19598
149,"Malaysia",113010,115078,117373,119077,120818,122845,125438,128465,131108,133559,135992,138224,141533,144518,147855,151066,155095,158434,161740,165371,169379,172549,176180,180455,183801,186849,190434,194114,198208,203933,209661,214959,219173,222628,226912,231483,234874,238721,242452,245552,248316,251604,254988,258306,261805,264269
150,"Maldives",13757,13804,13834,13867,13893,13930,13967,13988,14040,14065,14109,14159,14218,14277,14325,14375,14426,14513,14582,14633,14712,14765,14830,14885,14993,15102,15247,15390,15496,15614,15736,15841,16056,16155,16276,16410,16547,16656,16783,16909,17101,17201,17387,17507,17716,17828
151,"Malta",12774,12909,12997,13082,13230,13388,13612,13776,13967,14212,14396,14529,14769,14958,15079,15272,15447,15588,15742,15942,16129,16280,16423,16542,16658,16861,16999,17192,17400,17585,17721,17903,18027,18168,18306,18385,18442,18576,18676,18813,19015,19182,19333,19497,19651,19789
152,"Mauritania",14364,14581,14677,14794,14875,14981,15111,15214,15352,15429,15512,15611,15707,15794,15893,15963,15999,16039,16081,16147,16212,16266,16322,16357,16397,16421,16460,16506,16543,16576,16608,16635,16662,16689,16720,16740,16777,16792,16807,16827,16868,16902,16925,16954,16965,16974
153,"Mauritius",527,527,527,527,531,531,539,539,539,539,539,545,546,547,547,547,547,547,556,556,556,556,556,556,556,568,568,569,569,569,569,569,582,583,584,584,584,584,584,593,594,595,595,595,595,595
154,"Mexico",1426094,1437185,1443544,1448755,1455219,1466490,1479835,1493569,1507931,1524036,1534039,1541633,1556028,1571901,1588369,1609735,1630258,1641428,1649502,1668396,1688944,1711283,1732290,1752347,1763219,1771740,1788905,1806849,1825519,1841893,1857230,1864260,1869708,1874092,1886245,1886245,1912871,1926080,1932145,1936013,1946751,1957889,1968566,1978954,1988695,1992794
155,"Moldova",144818,145258,145694,145873,146309,146921,147871,148294,148669,149093,149391,149662,150138,150946,151687,152263,152640,152854,153112,153506,154118,154788,155302,155937,156202,156426,156972,157626,158309,158860,159513,159804,160086,160725,161642,162624,163400,164243,164569,164858,165663,166553,167546,168826,169805,170186
156,"Monaco",875,885,901,907,917,947,978,1018,1041,1053,1057,1070,1092,1128,1145,1169,1194,1205,1212,1240,1262,1287,1311,1345,1357,1368,1399,1413,1430,1430,1475,1489,1499,1543,1572,1596,1625,1647,1655,1665,1695,1717,1735,1752,1755,1760
157,"Mongolia",1220,1242,1263,1286,1308,1308,1308,1395,1408,1429,1442,1456,1469,1479,1491,1512,1517,1526,1536,1568,1584,1592,1611,1627,1643,1656,1667,1692,1710,1742,1779,1814,1832,1859,1890,1928,1989,2023,2073,2120,2174,2207,2247,2293,2351,2383
158,"Montenegro",48247,48589,48856,49195,49630,50054,50697,51160,51596,51999,52431,52819,53338,53840,54316,54730,55136,55493,55803,56228,56579,56998,57482,57929,58316,58697,59262,59825,60288,60827,61202,61659,61972,62476,63118,63633,64168,64739,65227,65657,66234,66857,67441,68004,68476,68921
159,"Morocco",439193,440970,442141,443146,443802,445439,447081,448678,450221,451637,452532,452988,453789,455055,456334,457625,458865,459671,460144,461390,462542,463706,464844,465769,466289,466626,467493,468383,469139,469990,470691,471157,471438,472273,473047,473667,474379,474966,475355,475589,476125,476689,477160,477656,478135,478474
160,"Namibia",23941,24545,24654,25116,25386,25887,26319,26682,27255,27723,28259,28602,28871,29183,29570,29889,30198,30363,30753,30995,31253,31515,31848,32213,32425,32650,32957,33265,33459,33696,33832,33944,34168,34270,34372,34519,34615,34844,34973,35070,35201,35242,35353,35554,35797,35952
161,"Nepal",260593,261019,261438,261859,262262,262784,263193,263605,264159,264521,264780,265268,265698,266143,266546,266816,267056,267322,267644,267992,268310,268646,268948,269180,269450,269789,270092,270375,270588,270745,270854,270959,271118,271289,271431,271602,271707,271806,271925,272055,272215,272349,272430,272557,272614,272718
162,"Netherlands",808382,816616,825249,832702,839316,845822,853060,862805,871063,878443,885098,890566,895543,901740,908306,914388,919712,925355,930147,934503,940106,945948,951747,957213,962153,966194,970156,974972,979702,984120,988350,992075,995300,998924,1003010,1007268,1011636,1015757,1019720,1021966,1023779,1027023,1031454,1035841,1040070,1043541
163,"New Zealand",2162,2162,2181,2181,2186,2186,2188,2188,2188,2219,2222,2222,2228,2228,2246,2246,2256,2262,2262,2267,2267,2276,2276,2283,2288,2290,2295,2299,2305,2303,2304,2304,2307,2308,2313,2315,2315,2320,2320,2322,2324,2324,2326,2328,2330,2336
164,"Nicaragua",6046,6046,6046,6046,6046,6097,6097,6097,6097,6097,6097,6097,6152,6152,6152,6152,6152,6152,6152,6204,6204,6204,6204,6204,6204,6204,6253,6253,6253,6253,6253,6253,6253,6299,6299,6299,6299,6299,6299,6299,6347,6347,6347,6347,6347,6347
165,"Niger",3323,3403,3437,3465,3465,3500,3634,3706,3747,3819,3877,3924,3969,3998,4058,4105,4132,4156,4204,4225,4249,4267,4308,4321,4353,4353,4407,4433,4474,4489,4516,4517,4537,4548,4565,4575,4589,4598,4612,4621,4643,4656,4665,4678,4690,4695
166,"Nigeria",87607,88587,89163,90080,91351,92705,94369,95934,97478,99063,100087,101331,102601,103999,105478,107345,108943,110387,112004,113305,114691,116655,118138,120602,121566,122996,124299,126160,127024,128674,130557,131242,131918,133552,134690,136030,137654,139242,139748,140391,141447,142578,143516,144521,145664,146184
167,"North Macedonia",83329,83743,83789,84024,84129,84709,85328,85494,85594,86150,86494,86597,87117,87590,87986,88389,88749,88938,88992,89392,89463,89817,90124,90471,90654,90717,91161,91555,91891,92193,92518,92693,92753,93160,93510,93882,94196,94599,94798,94871,95347,95736,96152,96518,96872,97052
168,"Norway",49567,49803,50266,50716,51245,52180,52967,53792,54476,54919,55474,55903,56615,57282,57736,58202,58445,58651,59034,59456,59887,60259,60565,60803,61082,61315,61594,61961,62276,62575,62793,62966,63262,63553,63839,64212,64483,64653,64772,65118,65338,65547,65811,66236,66392,66501
169,"Oman",128867,128867,128867,129404,129584,129774,129888,130070,130070,130070,130608,130780,130944,131086,131264,131264,131264,131790,132011,132146,132317,132486,132486,132486,133044,133253,133407,133574,133728,133728,133728,134326,134524,134685,134856,135041,135041,135041,135674,135990,136187,136377,136622,136622,136622,137306
170,"Pakistan",482178,484362,486634,488529,490476,492594,495075,497510,499517,502416,504293,506701,508824,511921,514338,516770,519291,521211,523011,524783,527146,528891,530818,532412,534041,535914,537477,539387,541031,543214,544813,546428,547648,549032,550540,551842,553128,554474,555511,556519,557591,559093,560363,561625,563029,564077
171,"Panama",246790,249733,251764,253736,256230,259770,264956,269091,273037,276772,279196,281353,285093,288408,291285,293592,296269,298019,299361,301534,303777,305752,307793,309851,311244,312158,313834,315400,316808,318253,319453,320379,321103,322201,323382,324489,325487,326464,327091,327654,328476,329367,330075,330985,331692,332179
172,"Papua New Guinea",780,780,780,799,799,799,799,799,811,811,811,819,823,833,834,834,834,834,834,834,835,835,835,835,835,835,850,851,851,851,851,851,867,867,867,867,891,891,895,900,900,900,914,914,914,914
173,"Paraguay",107932,108349,108718,109073,109837,110796,111694,112856,113994,115026,115733,116535,117590,118592,119640,120789,121648,122160,122588,123359,124447,125518,126370,127081,127652,128366,129394,130163,130917,131886,132548,133227,133781,134482,135229,136023,136890,137603,138118,138945,139819,140797,141775,142598,143443,144042
174,"Peru",1015137,1015137,1015137,1018099,1019475,1019475,1022018,1022018,1026180,1026180,1026180,1035184,1037350,1040231,1040231,1056023,1056023,1060567,1060567,1060567,1073214,1073214,1082907,1082907,1093938,1093938,1107239,1107239,1113970,1119685,1133022,1138239,1138239,1142716,1158337,1158337,1165052,1173045,1186698,1186698,1196778,1196778,1203502,1212309,1220748,1235298
175,"Philippines",474064,475820,476916,477807,478761,479693,480737,482083,483852,485797,487690,489736,491258,492700,494605,496646,498691,500577,502736,504084,505939,507717,509887,511679,513619,514996,516166,518407,519575,521413,523516,525618,527272,528853,530118,531699,533587,535521,537310,538995,540227,541560,543282,545300,547255,549176
176,"Poland",1294878,1305774,1312780,1318562,1322947,1330543,1344763,1356882,1365645,1376389,1385522,1390385,1395779,1404905,1414362,1422320,1429612,1435582,1438914,1443804,1450747,1457755,1464448,1470879,1475445,1478119,1482722,1489512,1496665,1502810,1508674,1513385,1515889,1520215,1527016,1533511,1539564,1545530,1550255,1552686,1556685,1563645,1570658,1577036,1583621,1588955
177,"Portugal",413678,420629,423870,427254,431623,436579,446606,456533,466709,476187,483689,489293,496552,507108,517806,528469,539416,549801,556503,566958,581605,595149,609136,624469,636190,643113,653878,668951,685383,698583,711018,720516,726321,731861,740944,748858,755774,761906,765414,767919,770502,774889,778369,781223,784079,785756
178,"Qatar",143834,144042,144240,144437,144644,144852,145061,145271,145466,145672,145865,146068,146279,146480,146689,146885,147089,147277,147504,147729,148000,148258,148521,148772,149019,149296,149595,149933,150280,150621,150984,151335,151720,152095,152491,152898,153296,153690,154098,154525,155002,155453,155901,156351,156804,157244
179,"Romania",632263,636201,637395,640429,643559,648288,654007,658958,663799,668202,671284,673271,676968,681392,684917,688270,691488,693644,695153,697898,700898,703776,706475,709194,711010,712561,715438,718612,721513,724250,726918,728743,730056,732732,735484,738152,740732,743343,745318,746637,749434,752482,755126,757676,760091,761963
180,"Russia",3127347,3153960,3179898,3203743,3226758,3250713,3274615,3297833,3321163,3344175,3366715,3389733,3412390,3434934,3459237,3483531,3507201,3530379,3552888,3574330,3595136,3616680,3637862,3658447,3679247,3698246,3716228,3733692,3752548,3771514,3790265,3808348,3825739,3842145,3858367,3874830,3891274,3907653,3923461,3939162,3953970,3968228,3983031,3997898,4012538,4026506
181,"Rwanda",8383,8460,8567,8676,8848,8955,9058,9225,9368,9461,9630,9784,9950,10122,10316,10573,10850,11032,11259,11548,11860,12170,12443,12647,12975,13311,13885,14166,14529,14784,15118,15304,15459,15688,15834,15988,16186,16337,16451,16621,16811,16941,17068,17200,17267,17343
182,"Saint Lucia",353,353,353,353,360,380,382,383,395,438,438,462,490,502,543,576,611,611,621,656,713,718,755,770,810,886,921,969,1029,1195,1195,1195,1411,1470,1479,1556,1556,1813,1813,2027,2027,2027,2415,2487,2487,2519
183,"Saint Vincent and the Grenadines",121,121,122,124,124,133,149,149,149,225,249,249,284,284,340,450,450,478,494,602,602,690,690,720,738,746,746,827,827,896,896,901,901,1059,1059,1067,1170,1202,1269,1283,1283,1340,1370,1370,1418,1418
184,"San Marino",2428,2428,2428,2428,2493,2549,2549,2583,2628,2628,2628,2667,2706,2723,2737,2767,2778,2778,2787,2803,2815,2833,2861,2874,2874,2889,2915,2941,2969,2996,2996,3025,3025,3066,3094,3111,3111,3127,3127,3137,3187,3213,3247,3278,3278,3278
185,"Saudi Arabia",362741,362878,362979,363061,363155,363259,363377,363485,363582,363692,363809,363949,364096,364271,364440,364613,364753,364929,365099,365325,365563,365775,365988,366185,366371,366584,366807,367023,367276,367543,367813,368074,368329,368639,368945,369248,369575,369961,370278,370634,370987,371356,371720,372073,372410,372732
186,"Senegal",19140,19364,19511,19697,19803,19964,20156,20376,20672,21000,21245,21533,21685,21883,22178,22396,22738,23028,23224,23392,23642,23909,24209,24459,24727,24993,25127,25407,25711,25895,26213,26523,26927,27080,27365,27733,28106,28489,28760,29057,29245,29521,29914,30376,30641,31007
187,"Serbia",337923,339997,341904,343870,346585,349238,352120,353907,356125,356125,359689,361782,363924,366191,368072,369823,371216,372533,374111,375799,377445,379093,380802,382285,383603,385126,387206,389045,390637,392354,393897,395263,397002,398905,400837,402700,404668,406352,407881,409841,411855,413943,415943,417871,419493,420879
188,"Seychelles",256,256,285,297,322,354,373,373,451,508,531,583,601,612,627,656,696,705,746,746,762,762,972,1033,1033,1069,1116,1129,1149,1162,1186,1205,1223,1243,1279,1289,1289,1504,1513,1575,1695,1695,1768,1802,1892,1892
189,"Singapore",58599,58629,58662,58697,58721,58749,58780,58813,58836,58865,58907,58929,58946,58984,59029,59059,59083,59113,59127,59157,59197,59235,59250,59260,59308,59352,59366,59391,59425,59449,59507,59536,59565,59584,59602,59624,59649,59675,59699,59721,59732,59747,59759,59777,59786,59800
190,"Slovakia",179543,184508,186244,187463,188099,191088,196047,198184,201164,205236,208209,209069,211479,215055,217978,220707,222752,223325,224385,226294,228778,231242,233027,234571,236476,237027,238617,241392,243427,246008,248190,249913,250357,252094,254826,256903,259533,261774,263326,264083,265807,268986,271473,273904,276234,277682
191,"Slovenia",122152,123950,124343,125086,125858,128370,131724,134545,136629,138518,139281,139713,141587,143679,145472,147016,148556,149125,149424,151137,152851,154306,155752,157293,157830,158131,159812,161662,163235,164529,165887,166473,166836,168486,170101,171340,172299,173201,173702,174000,174364,175795,177140,178133,179148,179477
192,"Somalia",4714,4714,4714,4714,4714,4714,4726,4726,4726,4726,4726,4726,4726,4726,4744,4744,4744,4744,4744,4744,4744,4744,4744,4754,4754,4754,4754,4754,4784,4784,4784,4784,4784,4784,4814,4814,4814,4854,4862,4862,4862,4935,5013,5075,5092,5183
193,"South Africa",1057161,1073887,1088889,1100748,1113349,1127759,1149591,1170590,1192570,1214176,1231597,1246643,1259748,1278303,1296806,1311686,1325659,1337926,1346936,1356716,1369426,1380807,1392568,1404839,1412986,1417537,1423578,1430648,1437798,1443939,1449236,1453761,1456309,1458958,1463016,1466767,1470516,1473700,1476135,1477511,1479253,1482412,1484900,1487681,1490063,1491807
194,"Spain",1928265,1928265,1928265,1928265,1958844,1982544,1982544,2024904,2050360,2050360,2050360,2111782,2137220,2176089,2211967,2252164,2252164,2252164,2336451,2370742,2412318,2456675,2499560,2499560,2499560,2593382,2629817,2670102,2705001,2743119,2743119,2743119,2822805,2851869,2883465,2913425,2941990,2941990,2941990,2989085,3005487,3023601,3041454,3056035,3056035,3056035
195,"Sri Lanka",43299,43856,44371,44774,45242,45726,46248,46780,47305,47840,48380,48949,49537,50229,50899,51594,52313,53062,53750,54419,55189,56076,56863,57587,58430,59167,59922,60694,61586,62445,63293,64157,64983,65698,66409,67115,67850,68576,69348,70235,71211,72174,73116,74056,74852,75654
196,"Sudan",25500,25730,25882,26039,26279,26279,26279,26279,26279,26279,27494,27619,27768,27827,27969,28097,28179,28233,28317,28450,28522,28522,28522,28522,28522,28522,28522,28994,29066,29291,29291,29380,29449,29488,29536,29577,29634,29634,29634,29765,29851,29851,29933,29933,29933,29933
197,"Suriname",6210,6277,6343,6393,6493,6586,6666,6750,6854,6948,7008,7064,7178,7247,7300,7409,7469,7527,7624,7709,7783,7880,7945,8000,8057,8112,8174,8243,8293,8364,8403,8438,8449,8497,8556,8595,8619,8650,8671,8690,8710,8739,8765,8778,8794,8803
198,"Sweden",437379,437379,437379,437379,437379,469748,469748,482284,489471,489471,489471,489471,506866,512203,518783,523486,523486,523486,523486,533265,537967,542952,547166,547166,547166,547166,556289,560472,564557,566957,566957,566957,566957,576606,580916,584674,588062,588062,588062,588062,596174,600244,604577,608411,608411,608411
199,"Switzerland",452296,452296,452296,452296,461961,465981,470789,474764,477983,477983,477983,484506,487357,490358,492832,495228,495228,495228,499931,502191,504918,507123,509279,509279,509279,513599,515483,517705,519404,521320,521320,521320,525095,526728,528524,530289,531873,531873,531873,535153,536516,538118,539474,540727,540727,540727
200,"Tanzania",509,509,509,509,509,509,509,509,509,509,509,509,509,509,509,509,509,509,509,509,509,509,509,509,509,509,509,509,509,509,509,509,509,509,509,509,509,509,509,509,509,509,509,509,509,509
201,"Thailand",7163,7379,7694,8439,8966,9331,9636,9841,10053,10298,10547,10834,10991,10991,11450,11680,12054,12423,12594,12653,12795,12795,13104,13302,13500,14646,14646,15465,16221,17953,18782,19618,20454,21249,21249,22058,23134,23371,23557,23557,23746,24104,24279,24279,24405,24571
202,"Togo",3633,3662,3683,3702,3722,3770,3807,3845,3894,3932,3957,3978,4045,4109,4165,4220,4272,4302,4324,4383,4459,4505,4545,4636,4662,4682,4682,4870,4922,4922,5041,5074,5092,5166,5224,5290,5356,5436,5483,5496,5576,5606,5687,5757,5823,5874
203,"Trinidad and Tobago",7150,7158,7162,7168,7178,7186,7196,7210,7219,7244,7265,7273,7286,7305,7320,7343,7370,7393,7399,7415,7430,7450,7456,7462,7473,7490,7496,7509,7520,7533,7542,7564,7566,7578,7586,7607,7607,7612,7616,7616,7617,7631,7632,7637,7642,7642
204,"Tunisia",139140,140557,141979,143544,144796,147061,149881,152254,154903,157514,159276,162350,164936,168568,170895,175065,177231,180090,181885,184483,188373,190884,193273,195314,197373,198636,200662,202323,204351,206030,207468,208885,210045,211412,212679,213949,215112,216176,217086,217753,218564,219650,220478,221455,222504,223244
205,"Turkey",2208652,2220855,2232035,2241912,2255607,2270101,2283931,2296102,2307581,2317118,2326256,2336476,2346285,2355839,2364801,2373115,2380665,2387101,2392963,2399781,2406216,2412505,2418472,2424328,2429605,2435247,2442350,2449839,2457118,2464030,2470901,2477463,2485182,2492977,2501079,2508988,2516889,2524786,2531456,2539559,2548195,2556837,2564427,2572190,2579896,2586183
206,"Uganda",35216,35511,35712,35922,36050,36407,36702,37074,37296,37554,37742,37808,37948,38085,38085,38085,38085,38085,38085,38534,38628,38806,38935,39044,39149,39188,39261,39314,39424,39490,39533,39579,39606,39651,39685,39735,39789,39821,39848,39860,39883,39911,39942,39979,40019,40019
207,"Ukraine",1086997,1096855,1102256,1107137,1111631,1117256,1124482,1133802,1139800,1144943,1150265,1154850,1160243,1166958,1175343,1183963,1192114,1198512,1201894,1206125,1210854,1216780,1222459,1227723,1231965,1234772,1237810,1241863,1247674,1253127,1258093,1261546,1263833,1266464,1270001,1275334,1280501,1285059,1288669,1291025,1293892,1297537,1302811,1307806,1313209,1316520
208,"United Arab Emirates",207822,209678,211641,213231,214732,216699,218766,221754,224704,227702,230578,232982,236225,239587,242969,246376,249808,253261,256732,260223,263729,267258,270810,274376,277955,281546,285147,289086,293052,297014,300661,303609,306339,309649,313626,316875,320126,323402,326495,329293,332603,336142,339667,342974,345605,348772
209,"United Kingdom",2496231,2549689,2607542,2662699,2721622,2782709,2845265,2898052,2966244,3026342,3081368,3127643,3173291,3220953,3269757,3325642,3367070,3405740,3443350,3476804,3515796,3553773,3594094,3627746,3657857,3680101,3700268,3725637,3754448,3783593,3806993,3828183,3846851,3863757,3882972,3903706,3922910,3941273,3957177,3971315,3983756,3996833,4010376,4025574,4038929,4049920
210,"Uruguay",19119,19753,20275,20823,21426,22104,23048,23807,24339,24974,26186,26901,27846,28475,29989,30946,31669,32378,32863,33446,34294,34992,36170,36967,37633,38041,38680,39328,39887,40529,41181,41738,42128,42667,43215,43804,44303,44812,45311,45650,46153,46778,47254,47828,48459,48909
211,"US",20061049,20213393,20513675,20722231,20906021,21139547,21393464,21670202,21962246,22224220,22437501,22651464,22877702,23107573,23342548,23583255,23784019,23961423,24104028,24281012,24463591,24656646,24846678,25016816,25147891,25298986,25445583,25598061,25766681,25932794,26074885,26186781,26321120,26435557,26557026,26680214,26813772,26917787,27007368,27097095,27192455,27287159,27392512,27492023,27575344,27640282
212,"Uzbekistan",77060,77182,77182,77258,77258,77295,77350,77412,77485,77530,77572,77611,77663,77716,77777,77904,77968,77968,78036,78091,78163,78219,78272,78317,78375,78429,78471,78510,78556,78602,78711,78711,78755,78801,78859,78916,78989,79045,79098,79162,79204,79237,79303,79340,79381,79416
213,"Venezuela",113558,113884,114083,114230,114407,114662,114908,115322,115667,116172,116610,116983,117299,117811,118415,118856,119306,119803,120444,121117,121691,122260,122795,123245,123709,124112,124525,124958,125364,125776,126323,126927,127346,127752,128315,128775,129231,129643,130116,130596,131096,131476,131828,132259,132743,133218
214,"Vietnam",1465,1474,1482,1494,1497,1504,1505,1509,1512,1513,1514,1515,1520,1521,1531,1536,1537,1537,1539,1540,1544,1546,1548,1548,1548,1549,1551,1553,1651,1657,1767,1817,1850,1882,1948,1957,1976,1985,2001,2050,2064,2091,2140,2142,2195,2228
215,"Zambia",20725,20997,21230,21582,21993,22645,23495,24297,25326,26567,27728,28596,29757,31100,32800,34278,36074,37605,38207,39515,40949,42213,43333,44592,45337,46146,47622,48911,50319,51624,53352,54217,55042,56233,57489,59003,60427,61427,62633,63573,64610,65573,66598,67681,68454,69437
216,"Zimbabwe",13867,14084,14491,15265,15829,17194,17804,18675,19660,20499,21477,22297,23239,24256,25368,26109,26881,27203,27892,28675,29408,30047,30523,31007,31320,31646,32004,32304,32646,32952,33273,33388,33548,33814,33964,34171,34331,34487,34552,34658,34781,34864,34864,35045,35104,35172
217,"Dominica",88,88,88,88,88,88,105,105,106,106,106,109,109,109,109,109,110,110,110,110,113,113,113,113,113,113,113,113,117,117,117,117,117,121,121,121,121,121,121,121,121,121,121,121,121,121
218,"Grenada",127,127,127,127,127,127,127,127,127,127,127,132,132,132,132,139,139,139,139,139,139,139,139,147,147,148,148,148,148,148,148,148,148,148,148,148,148,148,148,148,148,148,148,148,148,148
219,"Mozambique",18642,18794,18968,19309,19463,19542,19667,19961,20482,21361,21939,22334,22996,23726,24269,25004,25862,26551,27446,28270,29396,30225,30848,31628,32418,32781,34055,34926,35833,37108,37705,38654,39460,40260,41433,42488,43184,44112,44600,44912,45785,46736,47790,48588,49135,50265
220,"Syria",11434,11526,11616,11710,11799,11890,11988,12084,12179,12274,12364,12462,12558,12660,12760,12850,12942,13036,13132,13224,13313,13398,13479,13557,13628,13697,13762,13823,13885,13944,13998,14048,14096,14142,14202,14267,14338,14408,14477,14551,14611,14668,14724,14765,14820,14863
221,"Timor-Leste",44,44,44,46,49,49,49,49,49,49,49,49,49,51,51,51,52,52,52,52,53,53,53,64,67,67,67,68,68,69,70,70,70,75,77,80,80,80,80,80,86,86,100,100,101,102
222,"Belize",10776,10776,10807,10901,10938,11018,11108,11152,11202,11266,11303,11332,11366,11419,11456,11529,11529,11580,11592,11615,11642,11676,11700,11722,11750,11770,11788,11816,11845,11877,11908,11908,11945,11957,11978,12008,12013,12037,12037,12070,12079,12107,12114,12134,12145,12145
223,"Laos",41,41,41,41,41,41,41,41,41,41,41,41,41,41,41,41,41,41,41,41,41,41,41,41,41,44,44,44,44,44,44,44,44,44,45,45,45,45,45,45,45,45,45,45,45,45
224,"Libya",100277,100744,100744,101414,101975,102456,102880,103515,104002,104002,104745,105378,106030,106670,107434,108017,108017,109088,109869,110465,111124,111746,112540,112540,113688,114429,115299,116064,116779,117650,117650,118631,119402,120434,121243,122013,122894,122894,124026,124882,125561,126028,126361,126881,126881,127354
225,"West Bank and Gaza",138004,139223,140287,141219,142228,143169,144257,145252,146074,146701,147400,148171,148968,149769,150505,151142,151569,152031,152555,153093,153590,154063,154557,155006,155414,155884,156393,156996,157593,158168,158559,158962,159443,159956,160426,161087,161559,162029,162601,163213,163975,164736,165535,166200,166800,167604
226,"Guinea-Bissau",2452,2452,2452,2455,2455,2455,2455,2455,2455,2455,2478,2478,2478,2478,2478,2478,2478,2509,2509,2510,2510,2510,2510,2510,2532,2532,2532,2532,2532,2532,2532,2634,2634,2634,2662,2662,2752,2772,2780,2780,2810,2826,2848,2869,2885,2924
227,"Mali",7090,7203,7226,7253,7260,7349,7395,7427,7512,7565,7600,7664,7687,7738,7759,7800,7823,7839,7855,7880,7897,7911,7937,7965,7983,7995,8006,8037,8056,8063,8069,8091,8100,8111,8119,8130,8145,8160,8176,8181,8192,8203,8218,8222,8226,8229
228,"Saint Kitts and Nevis",32,32,33,33,33,33,33,33,34,34,34,34,34,34,34,34,34,34,35,35,35,35,35,35,35,35,37,37,37,37,37,37,38,39,39,39,40,40,40,40,40,40,40,40,40,41
229,"Kosovo",51144,51502,51502,51965,51965,52333,52333,52943,53264,53264,53776,53982,54261,54560,54839,55135,55135,55851,55851,56118,56412,57028,57317,57317,57317,58399,58399,58988,58988,59646,59646,60218,60218,60218,61086,61404,61688,61688,61688,62548,62548,63089,63089,63805,63805,63805
230,"Burma",124630,125042,125616,126345,126935,127584,128178,128772,129483,130049,130604,131186,131737,132260,132865,133378,133869,134318,134795,135243,135721,136166,136591,137098,137574,137957,138368,138802,139152,139515,139864,140145,140354,140354,140927,141104,141304,141304,141304,141427,141448,141487,141522,141543,141585,141601
231,"MS Zaandam",9,9,9,9,9,9,9,9,9,9,9,9,9,9,9,9,9,9,9,9,9,9,9,9,9,9,9,9,9,9,9,9,9,9,9,9,9,9,9,9,9,9,9,9,9,9
232,"Botswana",14805,14805,14805,14805,15368,15440,15440,16050,16050,16050,16050,16768,16768,16768,17365,17365,17365,17365,18630,18630,18630,19654,19654,19654,19654,20658,20658,20658,21293,21293,21293,21293,22738,22738,22738,23503,23503,23503,23503,24435,24435,24435,24926,24926,24926,24926
233,"Burundi",818,822,822,833,842,842,884,885,885,885,986,1019,1019,1062,1103,1150,1185,1236,1245,1253,1322,1358,1380,1438,1472,1479,1481,1542,1584,1604,1613,1632,1635,1641,1664,1686,1698,1717,1723,1728,1730,1751,1771,1797,1824,1824
234,"Sierra Leone",2611,2635,2646,2673,2673,2724,2739,2757,2782,2803,2834,2846,2864,2887,2933,2959,2970,3006,3014,3030,3030,3081,3093,3120,3139,3173,3194,3236,3282,3382,3528,3593,3634,3660,3699,3728,3759,3772,3785,3789,3801,3803,3813,3817,3821,3821
235,"Malawi",6583,6684,6712,6844,6935,7110,7337,7611,7925,8306,8575,9027,9027,9400,9991,11223,11785,12470,13027,13880,14851,16049,17365,18439,19395,19987,20830,21660,22304,23020,23497,23963,24365,24903,25449,25884,26360,26875,27195,27422,27722,28050,28270,28630,28876,29035
236,"South Sudan",3558,3558,3558,3558,3589,3589,3589,3589,3589,3589,3649,3662,3670,3670,3670,3670,3670,3693,3703,3762,3773,3788,3788,3788,3788,3788,3788,3788,3929,3929,3929,3929,3929,3929,3929,4267,4355,4355,4355,4609,4804,4960,4960,5134,5310,5413
237,"Western Sahara",0,0,0,0,0,0,0,0,0,0,0,0,0,0,0,0,0,0,0,0,0,0,0,0,0,0,0,0,0,0,0,0,0,0,0,0,0,0,0,0,0,0,0,0,0,0
238,"Sao Tome and Principe",1014,1022,1024,1024,1024,1024,1025,1035,1054,1066,1066,1066,1090,1105,1119,1125,1130,1142,1142,1151,1170,1171,1182,1188,1188,1189,1210,1221,1232,1245,1256,1257,1259,1283,1287,1298,1346,1351,1351,1355,1385,1430,1431,1478,1482,1482
239,"Yemen",2099,2101,2101,2101,2101,2101,2102,2104,2104,2104,2104,2105,2107,2109,2110,2111,2112,2112,2113,2115,2115,2115,2118,2118,2118,2118,2119,2120,2120,2120,2120,2121,2122,2122,2122,2122,2124,2127,2127,2131,2131,2133,2134,2136,2136,2145
