id,Country,2021-01-01,2021-01-02,2021-01-03,2021-01-04,2021-01-05,2021-01-06,2021-01-07,2021-01-08,2021-01-09,2021-01-10,2021-01-11,2021-01-12,2021-01-13,2021-01-14,2021-01-15,2021-01-16,2021-01-17,2021-01-18,2021-01-19,2021-01-20,2021-01-21,2021-01-22,2021-01-23,2021-01-24,2021-01-25,2021-01-26,2021-01-27,2021-01-28,2021-01-29,2021-01-30,2021-01-31,2021-02-01,2021-02-02,2021-02-03,2021-02-04,2021-02-05,2021-02-06,2021-02-07,2021-02-08,2021-02-09,2021-02-10,2021-02-11,2021-02-12,2021-02-13,2021-02-14,2021-02-15,2021-02-16,2021-02-17,2021-02-18,2021-02-19,2021-02-20,2021-02-21,2021-02-22,2021-02-23,2021-02-24,2021-02-25,2021-02-26,2021-02-27,2021-02-28,2021-03-01,2021-03-02,2021-03-03,2021-03-04,2021-03-05,2021-03-06,2021-03-07,2021-03-08,2021-03-09,2021-03-10,2021-03-11,2021-03-12,2021-03-13,2021-03-14,2021-03-15,2021-03-16,population
0,US | Washington,0,0,0,0,0,0,0,0,0,0,0,0,0,0,0,0,0,0,0,0,0,0,0,0,0,0,0,0,0,0,0,0,0,0,0,0,0,0,0,0,0,0,0,0,0,0,0,0,0,0,0,0,0,0,0,0,0,513570,546859,580143,618834,639927,662168,683690,708708,733727,784829,751127,802793,817686,848236,868509,906801,906801,906801,7614893
1,US | Illinois,0,0,0,0,0,0,0,0,0,0,0,0,0,0,0,0,0,0,0,0,0,0,0,0,0,0,0,0,0,0,0,0,0,0,0,0,0,0,0,0,0,0,0,0,0,0,0,0,0,0,0,0,0,0,0,0,0,725464,772410,814241,835597,866132,906490,952141,1019685,1085347,1152020,1194320,1194320,1247781,1306561,1369534,1488244,1488244,1488244,12671821
2,US | California,0,0,0,0,0,0,0,0,0,0,0,0,0,0,0,0,0,0,0,0,0,0,0,0,0,0,0,0,0,0,0,0,0,0,0,0,0,0,0,0,0,0,0,0,0,0,0,0,0,0,0,0,0,0,0,0,0,2384283,2506318,2613260,2744770,2905711,2997721,3047327,3128908,3263993,3410665,3442971,3442971,3482976,3537360,3605816,3770525,3770525,3770525,39512223
3,US | Arizona,0,0,0,0,0,0,0,0,0,0,0,0,0,0,0,0,0,0,0,0,0,0,0,0,0,0,0,0,0,0,0,0,0,0,0,0,0,0,0,0,0,0,0,0,0,0,0,0,0,0,0,0,0,0,0,0,0,496497,529828,568919,590018,617250,645004,680903,711074,738761,774250,774250,800033,828315,861795,870899,957617,957617,957617,7278717
4,US | Massachusetts,0,0,0,0,0,0,0,0,0,0,0,0,0,0,0,0,0,0,0,0,0,0,0,0,0,0,0,0,0,0,0,0,0,0,0,0,0,0,0,0,0,0,0,0,0,0,0,0,0,0,0,0,0,0,0,0,0,480196,504304,531258,547061,565421,587167,614589,646005,672014,700741,700741,731697,752083,776524,803231,848237,848237,848237,6949503
5,US | Wisconsin,0,0,0,0,0,0,0,0,0,0,0,0,0,0,0,0,0,0,0,0,0,0,0,0,0,0,0,0,0,0,0,0,0,0,0,0,0,0,0,0,0,0,0,0,0,0,0,0,0,0,0,0,0,0,0,0,0,437472,470564,498381,515405,522547,536537,556340,581022,606114,637254,641825,641825,652234,666443,688832,731858,731858,731858,5822434
6,US | Texas,0,0,0,0,0,0,0,0,0,0,0,0,0,0,0,0,0,0,0,0,0,0,0,0,0,0,0,0,0,0,0,0,0,0,0,0,0,0,0,0,0,0,0,0,0,0,0,0,0,0,0,0,0,0,0,0,0,1754655,1806218,1884890,1887045,2066013,2182085,2260140,2324593,2409211,2482929,2394362,2463005,2541063,2602278,5057046,2832158,2832158,2832158,28995881
7,US | Nebraska,0,0,0,0,0,0,0,0,0,0,0,0,0,0,0,0,0,0,0,0,0,0,0,0,0,0,0,0,0,0,0,0,0,0,0,0,0,0,0,0,0,0,0,0,0,0,0,0,0,0,0,0,0,0,0,0,0,145699,146594,161017,161830,164570,170153,177640,187246,187852,198256,178665,200618,204509,212162,225148,231404,231404,231404,1934408
10,US | Florida,0,0,0,0,0,0,0,0,0,0,0,0,0,0,0,0,0,0,0,0,0,0,0,0,0,0,0,0,0,0,0,0,0,0,0,0,0,0,0,0,0,0,0,0,0,0,0,0,0,0,0,0,0,0,0,0,0,1640330,1693485,1787164,1787511,1799607,1833883,1886028,1929985,2006907,2075754,2060484,2060484,2092925,2152732,2205660,2367140,2367140,2367140,21477737
11,US | New York,0,0,0,0,0,0,0,0,0,0,0,0,0,0,0,0,0,0,0,0,0,0,0,0,0,0,0,0,0,0,0,0,0,0,0,0,0,0,0,0,0,0,0,0,0,0,0,0,0,0,0,0,0,0,0,0,0,1495583,1554103,1599138,1628758,1664423,1694387,1727394,1771682,1824846,1893801,1893801,1930053,1968972,2012606,2064708,2160911,2160911,2160911,19453561
12,US | Rhode Island,0,0,0,0,0,0,0,0,0,0,0,0,0,0,0,0,0,0,0,0,0,0,0,0,0,0,0,0,0,0,0,0,0,0,0,0,0,0,0,0,0,0,0,0,0,0,0,0,0,0,0,0,0,0,0,0,0,68469,71153,75007,78482,80162,81944,83435,86212,89083,93369,91387,94197,97716,100610,104348,112902,112902,112902,1059361
14,US | New Hampshire,0,0,0,0,0,0,0,0,0,0,0,0,0,0,0,0,0,0,0,0,0,0,0,0,0,0,0,0,0,0,0,0,0,0,0,0,0,0,0,0,0,0,0,0,0,0,0,0,0,0,0,0,0,0,0,0,0,91988,94510,96465,96729,97565,99785,102788,105441,110025,112812,118598,118598,122445,127265,137963,145650,145650,145650,1359711
15,US | North Carolina,0,0,0,0,0,0,0,0,0,0,0,0,0,0,0,0,0,0,0,0,0,0,0,0,0,0,0,0,0,0,0,0,0,0,0,0,0,0,0,0,0,0,0,0,0,0,0,0,0,0,0,0,0,0,0,0,0,863533,863533,870088,917727,939695,967433,998906,1028728,1028728,1076501,1076501,1076501,1126107,1154752,1179400,1179400,1179400,1179400,10488084
17,US | Colorado,0,0,0,0,0,0,0,0,0,0,0,0,0,0,0,0,0,0,0,0,0,0,0,0,0,0,0,0,0,0,0,0,0,0,0,0,0,0,0,0,0,0,0,0,0,0,0,0,0,0,0,0,0,0,0,0,0,439712,460498,477555,482442,495961,509021,521567,543727,564473,599745,612538,636951,653382,672150,694597,737903,737903,737903,5758736
18,US | Maryland,0,0,0,0,0,0,0,0,0,0,0,0,0,0,0,0,0,0,0,0,0,0,0,0,0,0,0,0,0,0,0,0,0,0,0,0,0,0,0,0,0,0,0,0,0,0,0,0,0,0,0,0,0,0,0,0,0,426984,449420,470511,485911,495873,516955,532972,550058,569997,589660,564473,620370,632837,647810,662141,692677,692677,692677,6045680
19,US | Nevada,0,0,0,0,0,0,0,0,0,0,0,0,0,0,0,0,0,0,0,0,0,0,0,0,0,0,0,0,0,0,0,0,0,0,0,0,0,0,0,0,0,0,0,0,0,0,0,0,0,0,0,0,0,0,0,0,0,205500,218299,227816,240683,244622,249472,255738,263586,274394,296776,282026,296904,302277,311892,323888,341441,341441,341441,3080156
20,US | Tennessee,0,0,0,0,0,0,0,0,0,0,0,0,0,0,0,0,0,0,0,0,0,0,0,0,0,0,0,0,0,0,0,0,0,0,0,0,0,0,0,0,0,0,0,0,0,0,0,0,0,0,0,0,0,0,0,0,0,454840,469292,475580,483058,498245,517345,534807,554245,572702,587127,587127,601564,618656,633890,653558,653558,653558,653558,6833174
21,US | Hawaii,0,0,0,0,0,0,0,0,0,0,0,0,0,0,0,0,0,0,0,0,0,0,0,0,0,0,0,0,0,0,0,0,0,0,0,0,0,0,0,0,0,0,0,0,0,0,0,0,0,0,0,0,0,0,0,0,0,122521,129131,136218,140469,142855,147043,153655,158777,164636,173925,144403,179740,184098,188124,193007,202151,202151,202151,1415872
22,US | Indiana,0,0,0,0,0,0,0,0,0,0,0,0,0,0,0,0,0,0,0,0,0,0,0,0,0,0,0,0,0,0,0,0,0,0,0,0,0,0,0,0,0,0,0,0,0,0,0,0,0,0,0,0,0,0,0,0,0,531962,552241,568495,582101,587359,608638,633123,657741,677890,708771,703808,724587,744712,771091,792217,830862,830862,830862,6732219
23,US | Kentucky,0,0,0,0,0,0,0,0,0,0,0,0,0,0,0,0,0,0,0,0,0,0,0,0,0,0,0,0,0,0,0,0,0,0,0,0,0,0,0,0,0,0,0,0,0,0,0,0,0,0,0,0,0,0,0,0,0,309250,321940,341409,351189,354275,362062,375152,390088,405706,433352,445584,445584,451478,458677,471460,496291,496291,496291,4467673
25,US | Oklahoma,0,0,0,0,0,0,0,0,0,0,0,0,0,0,0,0,0,0,0,0,0,0,0,0,0,0,0,0,0,0,0,0,0,0,0,0,0,0,0,0,0,0,0,0,0,0,0,0,0,0,0,0,0,0,0,0,0,346826,368852,394484,401951,403289,413355,427987,437663,449798,466929,368851,466921,476367,481841,486518,500842,500842,500842,3956971
26,US | Pennsylvania,0,0,0,0,0,0,0,0,0,0,0,0,0,0,0,0,0,0,0,0,0,0,0,0,0,0,0,0,0,0,0,0,0,0,0,0,0,0,0,0,0,0,0,0,0,0,0,0,0,0,0,0,0,0,0,0,0,749659,797495,830262,868979,885866,911602,946761,984830,1030772,1038496,951458,1116624,1160183,1201285,1208136,1373739,1373739,1373739,12801989
27,US | South Carolina,0,0,0,0,0,0,0,0,0,0,0,0,0,0,0,0,0,0,0,0,0,0,0,0,0,0,0,0,0,0,0,0,0,55694,55694,55694,55694,55694,55694,55694,55694,90640,96337,103589,127606,114248,115292,121517,121517,121517,141968,149592,152161,153016,157362,163926,172909,51037,51010,55096,50863,41811,50687,76466,76466,76466,76466,11497,11497,2965,2181,3211,49077,49077,49077,5148714
28,US | District of Columbia,0,0,0,0,0,0,0,0,0,0,0,0,0,0,0,0,0,0,0,0,0,0,0,0,0,0,0,0,0,0,0,0,0,0,0,0,0,0,0,0,0,0,0,0,0,0,0,0,0,0,0,0,0,0,0,0,0,59551,63706,66481,68370,68955,70091,71591,73279,79089,82289,52590,52590,54423,55996,57473,61275,61275,61275,705749
29,US | Kansas,0,0,0,0,0,0,0,0,0,0,0,0,0,0,0,0,0,0,0,0,0,0,0,0,0,0,0,0,0,0,0,0,0,0,0,0,0,0,0,0,0,0,0,0,0,0,0,0,0,0,0,0,0,0,0,0,0,172744,184698,196781,199266,203731,210351,216611,224917,233833,245749,263842,263842,270983,281210,297139,297139,297139,297139,2913314
30,US | Missouri,0,0,0,0,0,0,0,0,0,0,0,0,0,0,0,0,0,0,0,0,0,0,0,0,0,0,0,0,0,0,0,0,0,0,0,0,0,0,0,0,0,0,0,0,0,0,0,0,0,0,0,0,0,0,0,0,0,402226,432728,436025,464382,466460,477486,495859,513857,530814,562065,498313,540902,556803,570988,582951,611846,611846,611846,6137428
31,US | Vermont,0,0,0,0,0,0,0,0,0,0,0,0,0,0,0,0,0,0,0,0,0,0,0,0,0,0,0,0,0,0,0,0,0,0,0,0,0,0,0,0,0,0,0,0,0,0,0,0,0,0,0,0,0,0,0,0,0,51008,53527,55224,58041,59544,60078,61060,61881,63811,68821,63811,69135,70560,71888,73754,77280,77280,77280,623989
32,US | Virginia,0,0,0,0,0,0,0,0,0,0,0,0,0,0,0,0,0,0,0,0,0,0,0,0,0,0,0,0,0,0,0,0,0,0,0,0,0,0,0,0,0,0,0,0,0,0,0,0,0,0,0,0,0,0,0,0,303815,303815,303815,303815,303815,303815,303815,303815,303815,303815,303815,303815,303815,303815,303815,303815,303815,303815,303815,1787147
33,US | Connecticut,0,0,0,0,0,0,0,0,0,0,0,0,0,0,0,0,0,0,0,0,0,0,0,0,0,0,0,0,0,0,0,0,0,0,0,0,0,0,0,0,0,0,0,0,0,0,0,0,0,0,0,0,0,0,0,0,0,290698,295458,300264,305226,306894,310667,344999,344999,344999,344999,344999,344999,344999,413157,413157,464402,464402,464402,3565287
34,US | Iowa,0,0,0,0,0,0,0,0,0,0,0,0,0,0,0,0,0,0,0,0,0,0,0,0,0,0,0,0,0,0,0,0,0,0,0,0,0,0,0,0,0,0,0,0,0,0,0,0,0,0,0,0,0,0,0,0,0,160663,166554,175777,185255,187234,193643,202916,216336,250490,288250,297783,297783,297783,297783,297783,297783,297783,297783,3155070
35,US | Louisiana,0,0,0,0,0,0,0,0,0,0,0,0,0,0,0,0,0,0,0,0,0,0,0,0,0,0,0,0,0,0,0,0,0,0,0,0,0,0,0,0,0,0,0,0,0,0,0,0,0,0,0,0,0,0,0,0,0,348969,366968,380420,385486,387514,395300,407880,424563,425050,456892,448730,452872,461223,470681,483534,513045,513045,513045,4648794
36,US | Ohio,0,0,0,0,0,0,0,0,0,0,0,0,0,0,0,0,0,0,0,0,0,0,0,0,0,0,0,0,0,0,0,0,0,0,0,0,0,0,0,0,0,0,0,0,0,0,0,0,0,0,0,0,0,0,0,0,0,813569,860950,899625,923721,951847,978945,1003486,1025947,1075272,1137743,1134801,1165232,1196817,1241441,1294451,1376854,1376854,1376854,11689100
37,US | Michigan,0,0,0,0,0,0,0,0,0,0,0,0,0,0,0,0,0,0,0,0,0,0,0,0,0,0,0,0,0,0,0,0,0,139703,194522,211954,232144,232144,232144,275168,275168,308116,328915,351387,351387,351387,388490,398325,398325,398325,444585,444585,444585,444585,444585,507767,522731,522731,29389,55863,21939,32326,10247,10316,13426,37860,80371,42302,42302,36194,36194,32999,101552,101552,101552,9986857
38,US | South Dakota,0,0,0,0,0,0,0,0,0,0,0,0,0,0,0,0,0,0,0,0,0,0,0,0,0,0,0,0,0,0,0,0,0,0,0,0,0,0,0,0,0,0,0,0,0,0,0,0,0,0,0,0,0,0,0,0,0,87148,90529,94266,95767,95864,97606,100712,105483,108430,113433,113225,113225,115202,118469,123433,131481,131481,131481,884659
39,US | Arkansas,0,0,0,0,0,0,0,0,0,0,0,0,0,0,0,0,0,0,0,0,0,0,0,0,0,0,0,0,0,0,0,0,0,0,0,0,0,0,0,0,0,0,0,0,0,0,0,0,0,0,0,0,0,0,0,0,0,200253,213974,226968,233135,236154,242346,249244,256589,264478,276244,279415,279415,284169,284585,293401,302684,302684,302684,3017825
41,US | Mississippi,0,0,0,0,0,0,0,0,0,0,0,0,0,0,0,0,0,0,0,0,0,0,0,0,0,0,0,0,0,0,0,0,0,0,0,0,0,0,0,0,0,0,0,0,0,0,0,0,0,0,0,0,0,0,0,0,0,191874,204910,214608,219000,227961,236945,247339,257907,270210,275575,275575,285231,293379,302524,312058,323476,323476,323476,2976149
42,US | New Mexico,0,0,0,0,0,0,0,0,0,0,0,0,0,0,0,0,0,0,0,0,0,0,0,0,0,0,0,0,0,0,0,0,0,0,0,0,0,0,0,0,0,0,0,0,0,0,0,0,0,0,0,0,0,0,0,0,0,222306,231157,241550,244734,249716,255621,259543,267819,284532,296757,249256,303023,303704,314263,323997,344998,344998,344998,2096829
43,US | North Dakota,0,0,0,0,0,0,0,0,0,0,0,0,0,0,0,0,0,0,0,0,0,0,0,0,0,0,0,0,0,0,0,0,0,0,0,0,0,0,0,0,0,0,0,0,0,0,0,0,0,0,0,0,0,0,0,0,0,72168,77018,80647,82284,82398,83505,85789,89500,91668,94774,91818,91818,93278,95513,98317,105376,105376,105376,762062
46,US | Maine,0,0,0,0,0,0,0,0,0,0,0,0,0,0,0,0,0,0,0,0,0,0,0,0,0,0,0,0,0,0,0,0,0,0,0,0,0,0,0,0,0,0,0,0,0,0,0,0,0,0,0,0,0,0,0,0,0,110690,116258,121566,124457,127647,130898,138013,145398,149703,152512,156174,162538,170311,178337,183047,187495,187495,187495,1344212
48,US | Idaho,0,0,0,0,0,0,0,0,0,0,0,0,0,0,0,0,0,0,0,0,0,0,0,0,0,0,0,0,0,0,0,0,0,0,0,0,0,0,0,0,0,0,0,0,0,0,0,0,0,0,0,0,0,0,0,0,0,114807,119776,126208,131312,133917,138642,143369,150186,157533,171632,177697,177697,180943,185313,190456,201841,201841,201841,1792065
49,US | Montana,0,0,0,0,0,0,0,0,0,0,0,0,0,0,0,0,0,0,0,0,0,0,0,0,0,0,0,0,0,0,0,0,0,0,0,0,0,0,0,0,0,0,0,0,0,0,0,0,0,0,0,0,0,0,0,0,0,81762,87159,92632,93625,94538,96839,101513,107045,113254,122260,115390,123236,125123,129020,133792,144932,144932,144932,1068778
50,US | Puerto Rico,0,0,0,0,0,0,0,0,0,0,0,0,0,0,0,0,0,0,0,0,0,0,0,0,0,0,0,0,0,0,0,0,0,0,0,0,0,0,0,0,0,0,0,0,0,0,0,0,0,0,0,0,0,0,0,0,0,186526,187522,194732,196380,196388,202776,216614,216886,223084,231478,232112,232112,248539,249002,249002,249002,249002,249002,3193694
51,US | Virgin Islands,0,0,0,0,0,0,0,0,0,0,0,0,0,0,0,0,0,0,0,0,0,0,0,0,0,0,0,0,0,0,0,0,0,0,0,0,0,0,0,0,0,0,0,0,0,0,0,0,0,0,0,0,0,0,0,0,0,6066,6373,6434,6531,6651,6849,7187,7458,7616,7642,7665,7665,7892,8097,8315,8554,8554,8554,104914
52,US | Guam,0,0,0,0,0,0,0,0,0,0,0,0,0,0,0,0,0,0,0,0,0,0,0,0,0,0,0,0,0,0,0,6847,6863,6897,7118,7164,7382,7422,7422,7425,7658,7945,8214,8729,9499,9499,9499,10386,10386,10386,11795,11975,11975,11977,12235,12337,12397,12397,12397,12397,35,71,85,301,442,456,529,529,529,529,529,529,529,529,529,165718
53,US | West Virginia,0,0,0,0,0,0,0,0,0,0,0,0,0,0,0,0,0,0,0,0,0,0,0,0,0,0,0,0,0,0,0,0,0,0,0,0,0,0,0,0,0,0,0,0,0,0,0,0,0,0,0,0,0,0,0,0,0,193594,205801,209759,210642,211589,213929,325745,235755,237130,237130,237130,237130,237130,237991,268270,268270,268270,268270,1787147
54,US | Northern Mariana Islands,0,0,0,0,0,0,0,0,0,0,0,0,0,0,0,0,0,0,0,0,0,0,0,0,0,0,0,0,0,0,0,3248,3343,3377,3393,3681,3681,3681,4055,4238,4345,4345,4450,4450,4450,4450,5393,5521,5521,5521,6027,6027,6333,6532,6709,6709,7038,7038,111,7175,7336,7336,7336,7336,7336,20,20,20,20,20,20,20,125,125,125,56562
55,US | American Samoa,0,0,0,0,0,0,0,0,0,0,0,0,0,0,0,0,0,0,0,0,0,0,0,0,0,0,0,0,0,0,0,0,0,0,0,0,0,0,0,0,0,0,0,0,0,0,0,0,0,0,0,0,0,0,0,0,0,8037,8037,8037,8037,8099,8099,8208,8208,8208,8208,8253,8253,8705,8705,8705,8712,8712,8712,55519
57,Albania,0,0,0,0,0,0,0,0,0,0,0,0,0,0,0,0,0,0,0,0,0,0,0,0,0,0,0,0,0,0,0,0,1,1,1,1,1,1,1,438,438,438,438,438,438,438,438,611,611,611,611,611,655,655,655,655,655,655,655,655,655,655,655,655,655,655,655,655,655,655,655,655,655,655,655,2876101
59,Andorra,0,0,0,0,0,0,0,0,0,0,0,0,0,0,0,0,0,0,0,0,0,0,0,0,0,0,0,0,0,0,0,0,0,0,0,0,0,0,0,0,0,0,0,0,0,0,0,0,0,0,0,0,0,0,0,0,0,0,0,0,0,0,0,0,0,0,1172,1172,1264,1264,1264,1264,1264,1264,1264,77281
62,Argentina,0,0,0,0,0,0,0,0,0,0,0,0,0,0,0,0,0,0,0,4394,16352,25146,29188,31987,32264,38911,45710,51451,65583,85361,85361,94274,94274,112366,146301,146301,163882,181836,189264,190203,197531,210279,223609,234616,237483,237610,237916,238320,243184,253696,261534,263338,263412,264926,267061,271001,283280,290425,293432,293957,302662,306376,310766,327092,327092,343204,343701,347170,349454,354519,378662,418625,448733,451311,476833,43847430
65,Austria,0,0,0,0,0,0,0,0,0,0,0,0,0,0,0,0,323,1196,2628,3901,4061,4641,4642,4643,4749,5607,6039,8462,17969,20287,21283,24244,37812,51975,68509,84748,90867,95125,102568,118447,136258,154855,172737,177606,179055,182176,189514,198960,206728,215012,216682,217025,218795,223139,226484,229830,234321,236253,236659,237434,239661,241850,244494,247240,249634,250258,251593,254970,259117,264271,268849,274158,276469,278549,278549,8747358
68,Bahrain,0,0,0,0,0,0,0,0,0,0,0,0,0,0,0,0,0,0,0,0,0,0,0,0,0,0,0,0,0,0,0,0,0,0,0,0,0,0,0,0,0,0,0,0,0,0,0,0,0,0,0,0,0,0,0,0,0,0,0,0,0,0,0,0,199374,201442,202679,203915,206072,208325,210225,212117,214181,216826,219298,1425171
72,Belgium,0,0,0,0,0,0,0,0,0,0,0,0,0,0,0,0,0,109,290,713,713,745,752,752,752,2341,5743,13128,21898,24770,25098,28849,42483,62711,86321,108658,113867,116685,124411,143551,162144,190005,217389,225329,227173,238585,248917,261425,277566,290259,291830,292091,294881,302345,310288,318787,325338,326085,326306,328976,335598,341507,349546,355482,356182,356358,358189,365021,373126,381303,392412,393950,394763,396270,396270,11348159
75,Bolivia,0,0,0,0,0,0,0,0,0,0,0,0,0,0,0,0,0,0,0,0,0,0,0,0,0,0,0,0,0,0,0,0,0,0,0,0,0,0,0,0,0,0,0,0,0,0,0,0,0,0,0,0,0,0,0,0,0,0,0,0,9162,9540,9700,9785,9785,9785,9830,9870,9878,9938,9951,9951,9951,9996,9996,10887882
77,Brazil,0,0,0,0,0,0,0,0,0,0,0,0,0,0,0,0,0,0,0,0,0,0,0,0,0,0,0,0,0,0,0,0,0,0,0,0,1962,19677,25688,33616,50655,80760,109866,178468,194230,217869,285620,557532,723755,894673,1056807,1132894,1171276,1294188,1435594,1596945,1755018,1884206,1914940,1923197,2034734,2163103,2321824,2468014,2468014,2468014,2468014,2468014,2510956,2648615,2789164,2849230,2860819,2976204,2976204,207652865
79,Bulgaria,0,0,0,0,0,0,0,0,0,0,0,0,0,0,0,0,0,1114,3168,4293,4532,4605,4610,4610,4669,5455,7672,10883,12949,13063,13084,13656,15100,16433,17096,17392,17392,17392,17481,17946,18612,19688,20571,20674,20698,21323,22776,24107,25441,26750,26923,26973,27952,29677,32008,34719,37181,37367,37379,38775,41525,41873,46712,49938,50051,50056,50653,51644,52735,53859,57336,57767,58417,59994,61728,7127822
84,Canada,0,0,0,0,0,0,2173,4053,5880,5884,5884,6046,16320,21138,26541,28780,31161,31910,37189,53228,63364,74137,82757,87881,100281,114453,82196,91944,101175,109501,111890,116317,121087,130133,142437,155503,168987,176584,187434,204059,223991,244100,266826,287470,301732,309982,327770,343423,363132,387694,404466,417478,449546,467772,482047,498860,511975,519782,525025,538239,548204,554427,558882,561971,564217,565719,575602,579032,583483,587651,590674,593331,595333,600918,604921,36286425
87,Chile,0,0,0,0,0,0,0,0,0,0,0,0,1029,5825,8297,8364,8364,8364,8366,8366,8366,8366,8366,8366,9766,10361,10395,10395,10400,10400,10400,10400,10406,10406,12514,13184,13189,13189,24956,44315,52643,55516,55723,55757,55757,55757,55767,55767,55767,55767,55767,55767,55788,55828,56000,56144,56261,56265,56265,56665,69057,222831,388329,549352,573513,580360,793855,1030692,1294237,1538129,1759800,1785697,1789492,2058963,2287249,17909754
89,Colombia,0,0,0,0,0,0,0,0,0,0,0,0,0,0,0,0,0,0,0,0,0,0,0,0,0,0,0,0,0,0,0,0,0,0,0,0,0,0,0,0,0,0,0,0,0,0,0,0,0,0,0,0,0,0,0,0,0,0,0,0,0,0,0,0,0,0,0,0,0,9148,23449,33242,39548,44967,44967,48653419
92,Costa Rica,0,0,0,0,0,0,0,0,0,0,0,0,0,0,55,55,55,132,132,132,132,132,132,132,2421,2421,2421,2421,2421,2421,2421,11838,11838,11838,11838,11838,11838,11838,28363,28363,28363,28363,28363,28363,28363,42553,42553,42553,42553,42553,42553,42553,44021,44021,44021,44021,44021,44021,44021,46117,46117,46117,46117,46117,46117,46117,52745,52745,52745,52745,53898,53898,53898,57994,57994,4857274
94,Croatia,0,0,0,0,0,0,0,0,0,0,0,0,0,0,0,0,0,0,0,0,0,0,0,0,11907,11907,11907,11907,11907,11907,11907,25099,25099,28865,35912,35912,35912,35912,35912,41966,41966,47969,47969,47969,47969,52778,52778,52778,55053,55053,55053,55053,57835,57835,58305,58511,58511,58511,58511,59983,59983,59983,60000,60000,60000,60000,63056,63056,63056,63056,67533,67533,67533,67533,67533,4170600
97,Cyprus,0,0,0,0,0,0,0,0,0,0,0,0,0,0,0,0,0,0,0,0,0,0,2057,2057,2057,2057,2057,2057,2057,5551,5551,5551,5551,5551,5551,5551,10024,10024,10024,10024,10024,10024,10024,14837,14837,14837,14837,14837,14837,14837,19221,19221,19221,20323,20323,20323,22559,22559,22559,22559,22559,22559,22559,22559,22559,28741,28741,28741,28741,28741,31968,31968,31968,31968,31968,1170125
98,Czechia,0,0,0,0,0,0,0,0,0,0,0,0,0,0,0,0,634,2435,5134,7756,9479,10514,11378,12239,15179,19136,23621,29700,37477,38558,39695,47540,57681,68620,81506,92083,94402,96864,108172,119995,133063,149000,163569,166518,167883,177164,186027,194227,202109,209301,210463,211466,217427,224302,230243,235732,240960,241504,242042,245347,248832,253219,257766,263052,263877,264696,269373,275603,282428,290479,298679,299938,300991,309470,318671,10561633
99,Denmark,0,0,0,0,0,0,0,0,0,0,0,0,0,0,5,12,721,2846,4930,6811,9159,14796,21939,28462,30906,32646,37000,45104,63395,76337,88604,96472,99489,105674,116586,130050,136806,140441,147487,152398,156312,158764,166372,167346,167976,171110,172437,172868,173170,174135,174713,175062,176144,178094,180062,180696,181689,183169,184607,185661,186959,187980,189794,195453,199462,203818,210264,217503,224785,232726,243295,249272,258702,268653,268653,5731118
102,Ecuador,0,0,0,0,0,0,0,0,0,0,0,0,0,0,0,0,0,0,0,0,0,0,0,0,0,0,0,0,0,0,0,0,0,0,0,0,0,0,0,0,0,0,0,0,0,0,0,1962,1962,1962,1962,1962,1962,1962,3708,3708,3708,3708,3708,6228,6228,6228,6228,6228,6228,6228,6228,6228,6228,6228,6228,20137,20137,20137,20137,16385068
107,Estonia,0,0,0,0,0,0,0,0,0,0,0,0,0,0,0,0,0,0,0,0,0,0,0,0,0,0,0,6214,7607,9597,10155,10408,11310,12842,14330,15871,17376,17519,17564,17564,19114,20026,21312,22126,22284,22343,22573,23149,23812,24827,25831,26053,26375,27277,28218,28351,28351,33503,33503,34050,35067,35067,39762,42234,42234,43942,43942,44235,45310,47795,47795,52571,52649,52664,52932,1316481
111,Finland,0,0,0,0,0,0,0,0,0,0,0,0,0,0,0,0,0,0,0,0,0,0,0,0,4553,6960,9355,10540,14239,17757,17757,18203,18203,23421,34293,42667,48650,49781,49995,53869,55770,60152,63802,66832,66959,66992,67463,68631,70127,71486,72859,75940,75940,75940,75099,77302,79724,80927,81125,82062,82062,83183,83642,84222,84809,84809,84810,85014,85258,85421,85826,86280,86307,86311,86538,5495096
112,France,0,0,0,0,0,0,0,0,0,0,0,0,0,0,0,0,0,0,0,0,0,0,0,0,0,5412,11739,24201,41318,45468,47137,67993,102297,138956,189524,233274,243550,248614,294120,366002,442260,540713,614496,633771,640875,716887,816990,919370,1037266,1127419,1155637,1161983,1234673,1318292,1398984,1490083,1560575,1582433,1586842,1639282,1705966,1771246,1839826,1902812,1920395,1925812,1976264,2032791,2089694,2152380,2205468,2220608,2223980,2256385,2256385,66896109
116,Germany,0,0,0,0,0,0,0,0,0,0,0,0,0,114,542,939,14550,30922,58151,108808,144243,175600,219550,247639,287377,336987,396272,445285,499041,547629,579009,644870,714618,799425,872155,945987,1001242,1027765,1079385,1144546,1219842,1292411,1370784,1417434,1444417,1500437,1555195,1609879,1661923,1715429,1753090,1782028,1834999,1890640,1948589,2001171,2060009,2098869,2126870,2177129,2232786,2300011,2361777,2425046,2472294,2506666,2559826,2614870,2681816,2744595,2813255,2861188,2896302,2953329,3018750,82667685
118,Greece,0,0,0,0,0,0,0,0,0,0,0,0,0,0,0,2,2,423,1072,1664,2261,2579,3135,3135,8061,13145,17879,23797,32742,38888,38888,46566,54085,62019,68464,73695,79760,79760,84753,92582,106123,121616,139289,154907,154907,168696,177926,190697,203913,215274,227594,229589,243590,257476,271837,286331,300926,313647,313647,327136,339402,348191,355559,361428,366361,366361,372424,377850,383443,390632,398936,406070,406070,407793,420634,10746740
125,Hungary,0,0,0,0,0,0,0,0,0,0,0,0,0,0,0,0,0,1643,2939,4030,5815,6944,8135,9403,12639,17772,26293,37727,49606,56825,61266,68526,75036,84452,92773,101652,105242,107592,110395,113570,117368,120649,124423,128195,129339,131593,134824,141023,152432,172739,190705,201005,205720,208846,211073,240622,244407,249499,251691,252847,253368,267153,279727,304880,307573,307929,314485,317906,327428,351694,377343,392703,398962,399505,406746,9817958
126,Iceland,0,0,0,0,0,0,0,0,0,0,0,0,0,0,0,0,0,0,0,480,480,480,480,480,4787,4787,4820,4820,4820,4820,4820,4820,4820,4853,4853,4855,4855,4855,4856,4856,4856,4856,5538,5538,5538,5757,5944,7381,9658,10074,10074,10074,10530,10554,10554,12376,12564,12564,12564,12600,12644,12644,12707,12708,12708,12708,12710,12710,12710,12763,12844,12844,12844,12888,12888,334252
127,India,0,0,0,0,0,0,0,0,0,0,0,0,0,0,0,0,0,0,0,0,0,0,0,0,0,0,0,0,0,0,0,0,0,0,0,0,0,0,0,0,0,0,0,7668,7668,98118,216339,342116,464932,756942,873940,960642,1115542,1321635,1481754,1860859,2204083,2453878,2456191,2597799,2713978,2876927,3208668,3501021,3754041,3761107,4065450,4363679,4650530,4729079,5142953,5430774,5455653,5867948,6202499,1324171354
128,Indonesia,0,0,0,0,0,0,0,0,0,0,0,0,0,0,0,0,0,0,0,0,0,0,0,0,0,0,0,5468,11287,20810,22548,35406,51999,71621,96553,120725,137207,139131,171270,221453,279251,345605,345605,415486,425578,482625,537147,597328,623832,623832,732634,732634,732634,789966,825650,853745,865870,982370,998439,1062173,1055291,1100228,1100228,1114537,1114537,1133787,1133787,1133787,1262878,1295615,1339362,1454836,1460222,1572786,1716749,261115456
131,Ireland,0,0,0,0,0,0,0,0,0,0,0,0,0,0,0,0,0,0,0,0,0,0,0,0,0,0,13800,13800,13800,13800,49300,49300,49300,49300,49300,79554,79554,86833,88453,89380,89818,89834,89999,91625,91750,98388,105859,113291,120520,126320,130423,131898,133325,134439,136407,137935,140290,141345,141883,142924,144581,144581,147617,149721,149920,150247,154089,157072,160729,162693,163812,164345,164345,164345,164345,4773095
132,Israel,0,0,0,2,2,2,5,8,30,6013,25252,60916,117852,186782,222919,249123,333739,453832,591246,734532,898306,969163,1022607,1162848,1301904,1427857,1552438,1682602,1747162,1789805,1849088,1884282,1915172,1966357,2024191,2052819,2074935,2143374,2208478,2275659,2347515,2418953,2456333,2486649,2555428,2630793,2708726,2783948,2863240,2901179,2929719,3007941,3087981,3157949,3220591,3284858,3315854,3336309,3391137,3452286,3516616,3582861,3659520,3699781,3725006,3797500,3870232,3946537,4004908,4073603,4114813,4139940,4213534,4291299,4362416,8547100
133,Italy,0,0,0,0,0,0,0,0,0,0,0,0,0,0,0,0,2904,7803,9499,14000,33533,47436,80124,110729,174812,250385,314902,403535,496251,582117,638982,719900,801166,890808,984010,1072073,1133541,1165436,1204588,1235997,1263034,1281933,1296449,1302708,1304983,1310573,1316316,1325299,1332779,1338767,1342694,1344723,1349931,1354984,1362814,1374512,1388881,1400486,1408611,1432875,1463113,1504558,1551056,1602546,1641213,1661155,1708043,1756966,1811010,1868725,1928189,1975919,2008660,2077276,2145434,60600590
135,Japan,0,0,0,0,0,0,0,0,0,0,0,0,0,0,0,0,0,0,0,0,0,0,0,0,0,0,0,0,0,0,0,0,0,0,0,0,0,0,0,0,0,0,0,0,0,0,0,0,0,0,0,0,0,0,0,0,0,0,0,0,0,0,0,0,0,0,0,0,35,443,3348,3348,3348,7877,9347,126994511
136,Jordan,0,0,0,0,0,0,0,0,0,0,0,0,0,0,0,0,0,0,0,0,0,0,0,0,0,0,0,0,0,0,0,0,0,0,0,0,0,0,0,0,0,0,0,0,0,0,0,0,0,0,0,0,30000,30000,30000,30000,30000,30000,30000,30000,30000,30000,30000,30000,30000,30000,30000,30000,30000,30000,30000,30000,30000,48379,48379,9455802
137,Kazakhstan,0,0,0,0,0,0,0,0,0,0,0,0,0,0,0,0,0,0,0,0,0,0,0,0,0,0,0,0,0,0,0,0,0,0,0,0,0,0,0,0,0,0,0,0,0,0,0,0,0,0,0,0,0,0,2137,2137,2137,2137,2137,2137,2137,2137,2137,2137,2137,2137,2137,2137,2137,2137,2137,2137,2137,18807,18807,17797032
140,Kuwait,0,0,0,0,0,0,0,0,0,0,0,0,0,0,0,0,0,0,0,0,0,0,0,0,0,0,0,0,0,0,0,0,0,0,0,0,0,0,0,0,0,0,0,0,0,38000,38000,38000,38000,38000,38000,38000,38000,38000,38000,38000,38000,38000,38000,38000,38000,38000,38000,38000,38000,38000,38000,38000,38000,38000,38000,38000,38000,38000,38000,4052584
142,Latvia,0,0,0,0,0,0,0,0,0,0,0,0,0,0,0,0,0,571,1375,2126,2139,2156,2156,2156,2804,3622,4359,5109,6019,6323,6657,7831,9504,10883,12246,13751,14308,14431,14586,14629,14826,15506,16059,16236,16256,16410,16486,16665,16718,16774,16792,16792,16823,16852,16884,16926,17014,17023,17024,17250,17552,17739,17858,17995,17998,18001,18037,18062,18095,18105,18113,18114,18114,18177,18299,1960424
143,Lebanon,0,0,0,0,0,0,0,0,0,0,0,0,0,0,0,0,0,0,0,0,0,0,0,0,0,0,0,0,0,0,0,0,0,0,0,0,0,0,0,0,0,0,0,0,0,0,0,0,0,0,0,0,0,0,0,0,0,0,0,0,0,0,0,0,0,0,0,0,11875,15084,17711,17711,17711,22923,29066,6006668
146,Lithuania,0,0,0,0,0,0,0,0,0,0,0,0,0,0,0,0,1089,2762,6676,8509,9147,9217,9217,9217,9217,9847,12904,16590,21656,22089,22089,23920,26127,31287,39591,45887,46544,46639,49067,50839,52470,53775,54751,54751,54751,55444,55654,59529,64344,67656,67718,67718,69292,70397,71320,72261,73296,73327,73327,73473,74068,76268,81266,85885,86027,86028,86989,88356,90911,91586,98626,99340,99340,100299,104771,2872298
147,Luxembourg,0,0,0,0,0,0,0,0,0,0,0,0,0,0,0,0,0,0,0,0,0,0,0,0,1245,1245,1342,1483,1483,1483,1680,1905,2327,2810,3163,3163,3163,3688,4050,4426,4871,5259,5259,5259,5638,5969,6296,6514,7080,7080,7080,7726,8241,8862,9475,9982,9982,9982,10700,11466,11984,12717,13448,13448,13448,14118,14277,14431,14764,15307,15307,15307,15569,15852,15852,582972
151,Malta,0,0,0,0,0,0,0,0,0,0,0,0,0,0,0,0,0,0,0,0,0,0,0,1198,1463,1694,2095,2518,2969,3456,3948,4476,4891,5410,6457,7594,8749,9918,11050,12135,12928,13820,14739,15601,16265,17102,17843,18536,19199,19828,20189,20531,21160,21767,22501,23395,25118,26781,28048,29021,29748,30329,31034,31710,32420,32862,34181,35093,36246,37182,38333,39099,39695,40681,40681,436947
154,Mexico,0,0,0,0,0,0,0,0,0,0,0,0,0,0,1958,2221,3434,6546,9609,11402,18018,20083,22472,25185,28715,31314,31314,31314,31397,39009,41842,43455,45748,54162,60742,64246,73100,75836,79429,84218,84592,85332,85887,86188,86188,86198,86198,99666,99666,418931,445418,453055,456217,464302,475389,526412,562311,565377,565423,567338,570582,589639,589639,603134,603447,603447,604339,605801,606000,606000,609460,609874,609881,609889,609889,127540423
156,Monaco,0,0,0,0,0,0,0,0,0,0,0,0,0,0,0,0,0,0,0,0,0,0,0,0,0,0,0,0,0,0,0,0,0,0,0,0,0,0,0,0,0,0,0,0,0,0,0,0,0,0,0,0,0,0,0,0,0,0,0,0,0,0,7163,7163,7163,7163,7163,7163,7163,7163,7163,7163,7163,7163,7163,38499
159,Morocco,0,0,0,0,0,0,0,0,0,0,0,0,0,0,0,0,0,0,0,0,0,0,0,0,0,0,0,0,0,0,0,0,0,0,0,0,0,0,0,0,0,0,0,0,0,0,0,0,0,4867,13476,13476,23667,31232,37310,43626,96437,161906,161906,232980,293857,360689,413032,499942,578942,578942,651351,717113,854274,972079,1224959,1471738,1471738,1767472,1960996,35276786
162,Netherlands,0,0,0,0,0,0,0,0,0,0,0,0,0,0,0,0,0,0,0,0,0,0,0,0,0,0,0,0,0,0,15692,15692,15692,15692,15692,15692,15692,66409,66409,66409,66409,66409,66409,66409,154445,154445,154445,154445,154445,154445,154445,218713,218713,218713,218713,218713,218713,218713,331671,331671,331671,331671,331671,331671,331671,411935,411935,411935,411935,411935,411935,411935,493123,493123,493123,17018408
168,Norway,0,0,0,0,0,0,0,0,0,0,0,0,0,0,0,0,5,288,1060,1753,1921,1928,1928,1928,1928,4070,11647,18202,20308,20480,20531,20832,23971,32283,40915,45775,46510,46805,47727,50961,59600,68158,71766,72071,72073,72824,74997,85167,95948,100739,100908,101004,101145,106347,128614,153602,163512,163710,163869,163931,167738,185673,204020,210422,210899,210899,210945,215098,232114,248468,256593,256886,256989,257405,257405,5232929
169,Oman,0,0,0,0,0,0,0,0,0,0,0,0,0,0,0,0,673,1985,3276,4775,4775,4775,5902,7992,9833,11433,12272,12272,12272,12272,12272,12272,12272,12272,12272,12272,12272,12272,12272,12272,12272,12272,12272,12272,12272,12272,19019,19019,19019,19019,19019,19019,19019,19019,19019,19019,19019,19019,19019,19019,19019,19019,19019,19019,19019,19019,19019,19019,19019,19019,19019,19019,19019,19019,19019,4424762
174,Peru,0,0,0,0,0,0,0,0,0,0,0,0,0,0,0,0,0,0,0,0,0,0,0,0,0,0,0,0,0,0,0,0,0,0,0,0,0,0,0,0,0,0,0,0,0,0,0,0,0,0,0,0,0,0,0,0,0,0,0,0,1467,11301,34046,58975,70469,72015,80500,85220,89109,93175,105108,123938,125899,138595,138595,31773839
176,Poland,0,0,0,0,0,0,0,0,0,0,0,0,0,0,0,0,671,3468,11174,24992,39686,45479,46980,47721,75765,123044,149779,179128,195481,198478,200537,233129,289190,344432,395375,424730,440365,450496,450496,482146,482146,580607,624907,640650,645971,658235,691380,774060,865884,916935,925682,929965,934782,934782,1031518,1031518,1168058,1168058,1186747,1192900,1192900,1281179,1366648,1366648,1424715,1424715,1434640,1445170,1445170,1555400,1595520,1602745,1606154,1610293,1610293,37948016
177,Portugal,0,0,0,0,0,0,0,0,0,0,0,0,0,0,0,0,1161,1825,9443,18618,23592,25996,30036,30553,30553,30553,30553,30553,30553,65461,68385,68752,70695,75852,84975,94916,103786,104526,104613,106055,116559,133078,157604,184694,194530,197700,203286,209318,217271,229975,242929,246433,247843,249567,251788,255277,258369,263825,265110,265366,266716,268381,273414,279223,287830,291983,293338,295516,297422,306420,320723,334195,339560,340707,343722,10324611
179,Romania,0,0,0,0,0,0,0,0,0,0,0,0,0,0,0,0,875,1950,2621,5813,9843,11254,12878,13155,25063,40666,57274,75049,92075,101304,106196,123048,138348,152025,165515,182665,193121,200144,230285,263212,299518,334187,369464,400749,427340,454168,481340,505479,526475,547115,562771,576125,589640,601572,611552,614546,615964,616594,617111,618240,619182,619808,627159,636053,645707,653567,658741,664642,673685,683929,694548,705229,714206,723956,723956,19705301
180,Russia,0,0,0,0,0,0,0,0,0,0,0,0,0,0,0,0,0,0,0,0,0,0,0,0,0,0,0,0,0,0,0,0,0,0,0,0,0,0,0,0,1700000,1700000,1700000,1700000,1700000,1700000,1700000,1700000,1700000,1700000,1700000,1700000,1700000,1700000,1700000,1700000,1700000,1700000,1700000,1098634,1091497,1201919,1309569,1393676,1501746,1527349,1532861,1544760,1775478,1907924,1997217,2115148,2153756,2153756,2153756,144342396
187,Serbia,0,0,0,0,0,0,0,0,0,0,0,0,0,0,0,0,0,0,0,0,0,0,0,0,0,0,0,0,0,0,0,0,0,0,0,0,0,0,0,0,47665,47665,126149,126149,182000,182000,182000,182000,182000,182000,182000,182000,182000,472769,487359,497729,507000,511807,511999,524231,530863,534751,563922,593617,620067,620853,623424,625707,647019,666146,701100,738756,782668,791269,791269,7057412
188,Seychelles,0,0,0,0,0,0,0,0,0,0,0,0,0,0,0,0,0,0,0,0,0,0,0,0,0,0,0,0,0,0,0,0,0,5,5,5,1586,1586,3980,6700,10335,13867,13867,14181,14181,16441,18176,19512,20665,21599,21599,21599,21599,23380,23380,23519,23519,23549,23549,24230,24230,24602,24620,24620,24620,24620,26567,26567,26894,27036,27036,27036,27036,27036,27036,94677
189,Singapore,0,0,0,0,0,0,0,0,0,0,0,0,0,0,0,0,0,0,0,0,0,0,0,0,0,0,50,50,50,50,50,50,6000,6000,6000,6000,6000,6000,6000,6000,6000,6000,6000,6000,6000,6000,6000,6000,110000,110000,110000,110000,110000,110000,110000,110000,110000,110000,110000,207324,207324,207324,215000,215000,215000,217000,218694,218694,218694,218694,218694,218694,218694,243169,243169,5607283
190,Slovakia,0,0,0,0,0,0,0,0,0,0,0,0,0,0,0,0,0,582,1043,1907,2555,2688,2688,2688,4981,5237,5509,7031,9365,9368,9536,12445,15890,18220,23771,30436,31132,31132,35018,42558,49064,55665,62058,62477,62682,69479,75827,81885,88482,95326,95609,95609,102499,109060,115880,123739,132802,133686,133686,142891,152573,161722,170404,177630,179688,179880,188463,195246,201865,208704,214565,216697,216873,220863,220863,5428704
191,Slovenia,0,0,0,0,0,0,0,0,0,0,0,0,0,0,0,0,0,165,1785,5173,8542,9511,9994,10127,10132,11836,16498,21957,25934,26033,26035,26068,27163,31766,38494,43753,44326,44326,44326,44357,45070,46786,48527,48716,48732,48740,48811,49435,50150,50748,50767,50767,50772,50780,50957,51151,51706,51717,51717,51717,51735,52564,56987,62576,63169,63169,63565,64062,68973,76821,81819,83964,83964,84260,84260,2064845
193,South Africa,0,0,0,0,0,0,0,0,0,0,0,0,0,0,0,0,0,0,0,0,0,0,0,0,0,0,0,0,0,0,0,0,0,0,0,0,0,0,0,0,0,0,0,0,0,0,0,0,2260,6524,10414,15388,23059,32315,41809,52647,63648,67303,70527,73047,76037,83570,92029,100180,101573,101573,101841,107054,128887,138014,145215,145544,145544,147753,157286,55908865
194,Spain,0,0,0,0,0,0,0,0,0,0,0,0,0,0,0,0,0,2315,9341,15642,49056,68456,68456,88698,123697,173066,192759,251866,251866,251866,357892,418519,498978,586122,682909,682909,682909,786407,838782,889683,943278,1000485,1000485,1000485,1070091,1096922,1119180,1144556,1171026,1171026,1171026,1197061,1208305,1221183,1231782,1243783,1243783,1243783,1261848,1266700,1287002,1308913,1342485,1342485,1342485,1383488,1412236,1447838,1503258,1583244,1583244,1583244,1583244,1693674,1728537,46443959
198,Sweden,0,0,0,0,0,0,0,0,0,0,0,0,0,0,0,0,29,29,29,29,29,29,29,9828,9828,9828,9828,9828,9828,9828,34557,34557,34557,34557,34557,34557,34557,87599,87599,87599,87599,87599,87599,87599,154706,154706,154706,154706,154706,154706,154706,235402,235402,235402,235402,235402,235402,235402,285065,285065,285065,285065,285065,285065,285065,320411,320411,316439,320441,327467,335031,335031,335031,335031,358014,9903122
199,Switzerland,0,0,0,0,0,0,0,0,0,0,0,0,0,0,0,0,0,0,0,0,0,0,0,0,0,0,0,0,0,0,0,0,0,0,0,0,0,0,0,0,0,0,0,0,101949,107636,114092,137159,144755,151810,153843,172828,178897,186003,220483,227720,234086,234996,259154,264302,269427,299874,305219,309130,309619,331790,335593,339818,368471,372985,378004,378904,394105,394105,394105,8372098
205,Turkey,0,0,0,0,0,0,0,0,0,0,0,0,0,0,0,0,0,0,0,0,0,0,0,0,0,0,0,0,0,0,0,0,0,0,0,0,0,0,0,0,0,0,336532,456891,488937,573879,646162,746170,867116,976716,1030416,1053837,1098831,1182976,1267285,1397487,1553658,1660133,1677952,1799160,1949918,2077031,2206502,2309952,2373684,2392405,2436957,2546475,2614803,2694656,2883712,3035740,3099300,3349666,3747976,79512426
208,United Arab Emirates,0,0,0,0,0,0,0,0,0,250000,250000,250000,250000,250000,250000,250000,250000,250000,250000,250000,250000,250000,250000,250000,250000,250000,250000,250000,250000,250000,250000,250000,250000,250000,250000,250000,250000,250000,250000,250000,250000,250000,250000,250000,250000,250000,250000,250000,250000,250000,250000,250000,250000,2187849,2187849,2187849,2187849,2187849,2187849,2187849,2187849,2187849,2187849,2187849,2187849,2187849,2187849,2187849,2187849,2187849,2187849,2187849,2187849,2187849,2187849,9269612
209,United Kingdom,0,0,22002,22002,22002,22002,22002,22002,22002,391399,412167,428232,437977,443234,447442,450062,452301,456866,460625,464036,466796,468617,469660,470478,472446,474156,476485,478254,480432,491053,494209,496796,498962,501957,505993,510057,511719,512581,516392,519553,524447,530094,534869,537715,539630,546165,558577,573724,589591,604885,615148,624325,642788,669105,700718,736037,768810,796132,815816,844098,895412,963862,1034068,1090840,1122402,1142643,1181431,1254353,1351515,1445078,1532754,1584909,1610280,1663646,1663646,65637239
211,US,0,0,0,0,0,0,0,0,0,0,0,0,0,1342086,1610524,1610524,1610524,1610524,2023124,2161419,2394961,2756953,3027865,3216836,3346390,3481921,3801053,4263056,4780888,5259693,5657142,5927847,6064792,6436931,6926050,7503864,8317180,9147185,9518015,9840429,10469514,11188782,12085830,13082172,14077440,14077440,15015434,15471536,16162358,17039118,17895667,18865319,19438495,19882544,20607261,21555117,22613359,23698627,24779920,25466405,26162122,26957804,27795980,28701201,29776160,30686881,31493040,32102061,32904161,33863127,35000159,36929777,37459269,38335432,39042345,323127513
