id,Country,2021-01-01,2021-01-02,2021-01-03,2021-01-04,2021-01-05,2021-01-06,2021-01-07,2021-01-08,2021-01-09,2021-01-10,2021-01-11,2021-01-12,2021-01-13,2021-01-14,2021-01-15,2021-01-16,2021-01-17,2021-01-18,2021-01-19,2021-01-20,2021-01-21,2021-01-22,2021-01-23,2021-01-24,2021-01-25,2021-01-26,2021-01-27,2021-01-28,2021-01-29,2021-01-30,2021-01-31,2021-02-01,2021-02-02,2021-02-03,2021-02-04,2021-02-05,2021-02-06,2021-02-07,population
0,US | Washington,103460,111857,116741,125743,135780,148274,162516,179152,191152,198199,211073,224779,235744,235744,235744,235744,235744,235744,235744,294386,335836,335836,391195,391195,391195,500105,500105,545226,545226,616589,616589,616589,728636,728636,773346,773346,833935,833935,7614893
1,US | Illinois,0,0,0,0,0,0,0,0,0,0,0,353791,384658,414296,447348,471157,487040,495563,495563,508732,537740,572389,616677,657820,681473,692763,719995,773623,829488,887845,945137,981988,996410,1028969,1094135,1156453,1231418,1294498,12671821
2,US | California,0,0,436154,454306,459564,488515,586379,652128,734405,734405,783476,816673,889042,971829,971829,1188703,1303518,1303518,1303518,1393224,1393224,1393224,1393224,1393224,1393224,1393224,2587736,2730262,2893493,3078250,3266914,3434295,3523111,3649440,3792797,3984752,4199626,4650637,39512223
3,US | Arizona,0,0,0,0,101030,101030,113993,126090,139068,148292,151844,165531,188740,217716,232125,263625,270718,281270,281270,297385,319984,347013,380764,412320,438419,458461,486338,518125,554760,592288,629845,659728,671513,702664,736845,766330,822821,861886,7278717
4,US | Massachusetts,78643,78643,78643,78643,78643,78643,141108,141108,141108,141108,141108,141108,141108,239174,239174,239174,239174,239174,239174,239174,239174,359919,359919,359919,359919,359919,359919,359919,496103,496103,496103,496103,496103,496103,496103,681472,681472,681472,6949503
5,US | Wisconsin,47157,47157,47157,47157,85609,85609,110207,123402,123402,123402,151518,163371,176165,195152,213056,213056,213056,239102,239102,248185,248185,285358,310256,310256,310256,345017,362505,389240,432102,476855,521762,544234,551963,578336,659025,659025,702090,740526,5822434
6,US | Texas,340415,365455,377050,414211,439502,482045,541512,614086,700559,752324,802503,862793,929219,1021511,1111966,1200755,1276808,1307663,1307663,1358676,1500288,1500288,1600794,1678517,1713980,1754569,1868596,1923503,2056962,2170149,2290936,2359323,2446600,2525104,2602789,2755737,2883387,3063297,28995881
7,US | Nebraska,34029,35610,36358,36719,39686,53418,60170,67983,73842,76882,78074,83317,88528,94790,99101,104116,106203,106940,106940,109526,115080,121681,127296,135995,137249,138344,142827,153231,161548,170429,180842,184045,185536,198194,198194,221342,229719,232896,1934408
8,US | Utah,0,46374,47382,48575,55981,60462,68030,77228,87670,91799,93127,100632,116659,125926,136156,149697,157170,168908,168908,172603,181169,193777,207127,222275,228348,229575,237637,250448,267027,281797,300516,310692,311785,325457,345179,362701,382881,404085,3205958
9,US | Oregon,46499,47008,48725,51275,55239,61664,66923,74914,88362,97010,97010,115060,129781,129781,146137,189189,204973,216924,216924,225065,238759,253710,270452,285906,300660,308050,325472,340359,359369,382368,407865,423604,438277,454244,471686,486856,509578,532449,4217737
10,US | Florida,249669,250595,255808,260655,291770,334977,398824,467816,550157,596735,627944,699587,768629,846855,928869,1024704,1099535,1125053,1125053,1166458,1233594,1306983,1389149,1479622,1534816,1565383,1622421,1697849,1814482,1879244,1948148,1993472,2036038,2119968,2209641,2320966,2448711,2579175,21477737
11,US | New York,200000,200000,200000,200000,200000,200000,200000,200000,200000,200000,200000,200000,645037,645037,645037,645037,645037,645037,645037,919870,1000774,1084531,1149218,1220148,1283999,1324420,1376979,1433229,1433229,1790289,1855855,1920095,1960602,1995321,2042199,2122733,2231292,2342608,19453561
12,US | Rhode Island,17020,17020,17020,24266,26563,28609,29706,31541,31541,31541,35649,42723,45643,48118,51220,51220,51220,51220,51220,57866,60893,63152,66070,66070,66070,73994,78191,82303,86315,89761,89761,100474,102384,105051,108924,113656,113656,113656,1059361
13,US | Georgia,76742,76742,94607,94607,94607,123030,135605,167057,167057,167057,206900,235541,283177,326056,368379,393970,402955,423011,423011,484775,535920,591438,630984,651478,656501,674967,746274,791254,836518,887399,913936,923903,954786,984354,1030872,1073482,1122122,1146687,10617423
14,US | New Hampshire,0,0,0,0,0,0,0,0,0,0,0,0,0,0,0,0,0,0,0,71556,75418,80639,85595,89816,93338,94623,97002,103080,110451,117408,123740,128313,130515,135799,138271,145086,153145,161178,1359711
15,US | North Carolina,63571,63571,63571,63571,110260,110260,110260,161017,161017,161017,161017,219173,219173,219173,282615,282615,282615,282615,282615,404529,404529,573130,573130,573130,573130,573130,812586,812586,914217,914217,914217,914217,1061308,1099218,1142903,1195369,1259124,1259124,10488084
16,US | New Jersey,72657,72657,72657,101417,101417,101417,101417,101417,101417,101417,175157,243734,277118,287840,310595,336187,348414,366010,366010,407064,437064,475704,510099,524865,551209,584148,627677,664563,680601,742007,761283,785588,796075,837225,876529,905538,925579,925579,8882190
17,US | Colorado,104086,105842,111679,113700,113700,127425,144160,170332,200877,217250,223488,238766,253422,270800,287714,308441,323037,328533,328533,338584,352984,375195,403896,431898,445251,455081,471528,492188,519551,542764,565489,586025,597571,613294,635017,657725,691937,725811,5758736
18,US | Maryland,54060,56151,59769,65692,76916,87475,100010,114684,128797,142402,146172,161784,177611,194255,212713,237266,245036,255110,255110,265657,279412,294974,314861,358262,358262,372937,396661,419579,449916,483149,512805,535638,544369,553733,601914,601914,634055,671899,6045680
19,US | Nevada,0,0,0,0,0,0,0,0,0,0,0,0,0,0,0,0,0,0,0,102840,107133,115991,126458,137031,152203,159869,164362,174367,194942,210185,224192,241078,248754,253174,288531,288531,288531,322252,3080156
20,US | Tennessee,126887,126887,126887,126887,169070,169070,169070,215427,215427,215427,215427,287243,287243,287243,349216,349216,349216,349216,349216,396100,396100,396100,470660,470660,470660,523064,542121,567594,621270,655234,690734,706187,718681,743224,774850,809138,844728,874281,6833174
21,US | Hawaii,25000,25000,25000,25000,25000,25000,25470,25470,25470,25470,25470,25470,40386,40386,40386,40386,40386,40386,40386,40386,70095,70095,94003,94003,94003,106654,109808,120431,127419,137100,137100,137100,151558,159526,171705,181704,189446,189446,1415872
22,US | Indiana,75842,75842,75842,75842,75842,128611,128611,128611,128611,128611,217259,235758,260166,287239,312193,338905,357633,366114,366114,389352,418472,449958,480338,513353,532804,540841,566575,590181,625370,646518,689350,705722,705722,742299,777560,816466,852280,887677,6732219
23,US | Kentucky,34376,34376,34376,60414,66582,77349,92938,107799,107799,107799,130355,140636,153498,172537,190547,190547,190547,213567,213567,221440,232127,250867,250867,267577,267577,308812,319608,338506,362924,382219,400267,409797,413300,430825,435400,455783,483777,517168,4467673
24,US | Minnesota,44638,57017,57017,78402,80857,81167,91174,104226,119744,132280,147645,152849,155800,169416,187074,206559,221183,232952,232952,238935,239910,246364,264275,289846,311600,335477,353113,375934,407063,444164,488360,531048,559383,565603,582395,604864,637015,673586,5639632
25,US | Oklahoma,0,50330,50330,50330,50330,50330,50330,50330,50330,99373,99373,99373,99373,99373,197820,197820,197820,197820,197820,197820,197820,197820,278151,278151,278151,278151,278151,278151,278151,373279,373279,373279,373279,373279,373279,373279,494085,494085,3956971
26,US | Pennsylvania,128769,129090,132612,135044,144863,159216,178843,199618,223025,246404,285671,311477,342588,373529,407217,427713,447819,457347,457347,477929,516746,543329,585691,626532,660201,680219,737817,770965,837817,893256,941412,987031,1008025,1024615,1067180,1110783,1164600,1228009,12801989
27,US | South Carolina,39100,39100,39100,39100,39100,39100,39100,78562,91689,99358,105856,114970,121819,137712,146219,154995,158232,163800,163800,172975,190191,211789,241888,267884,277258,281277,297453,328801,362786,371894,399830,418670,420964,439888,440823,459858,483506,503913,5148714
28,US | District of Columbia,0,0,0,0,16989,16989,16989,16989,16989,16989,26672,26672,26672,26672,26672,26672,26672,41053,41053,41053,41053,41053,41053,41053,51421,51421,51421,51421,51421,51421,51421,62219,62219,62219,62219,62219,62219,62219,705749
29,US | Kansas,0,0,0,0,0,0,0,56480,56480,56480,77217,84555,93885,98130,103504,103504,103504,117434,117434,117434,129349,129349,143856,143856,143856,157520,157520,177350,177350,205114,205114,205114,229459,229459,249724,249724,278445,278445,2913314
30,US | Missouri,66000,66000,66000,66000,66000,66000,66000,66000,66000,66000,66000,66000,66000,182000,182000,182000,182000,182000,182000,236254,244476,265382,285697,291723,317737,335695,340273,400436,423839,493021,493021,511657,515850,530485,584260,584260,632213,683049,6137428
31,US | Vermont,11157,11157,11157,11157,17657,17657,17657,21352,21352,21352,21352,26575,29465,32359,34700,34700,34700,34700,34700,40670,42683,46292,51711,51711,51711,51711,55211,58686,61546,66979,66979,66979,66979,74514,76986,79826,82758,86935,623989
32,US | Virginia,75288,81770,87618,89326,104083,116247,139754,148909,167452,177945,189283,200402,216257,242530,268330,295202,316812,324965,324965,360051,360051,399317,443760,474979,522853,522853,569040,641873,697914,697914,758477,843230,873468,895005,920641,963953,1022150,1072748,1787147
33,US | Connecticut,54727,54727,54727,54727,75180,75180,75180,101734,101734,101734,101734,141055,141055,171035,171035,171035,171035,171035,171035,229524,243140,264707,287440,306796,321737,331264,342643,360991,381160,403370,421191,436842,449253,456090,465008,481826,502347,519400,3565287
34,US | Iowa,0,0,0,0,0,0,0,0,0,0,0,96686,96686,96686,96686,125776,125776,125776,125776,142614,142614,156296,156296,156296,156296,156296,156296,204196,212497,224347,237874,252202,257468,259522,266777,279252,293377,308527,3155070
35,US | Louisiana,45289,45289,45289,45289,56452,56452,81585,81585,81585,81585,81585,159698,159698,201377,201377,201377,201377,201377,201377,267720,267720,301316,314328,314328,314328,314328,357894,357894,397371,397371,397371,397371,397371,487705,487705,534985,534985,534985,4648794
36,US | Ohio,158535,159706,162922,162942,175408,199801,221302,248600,275617,297013,304976,321506,338778,361603,388383,414062,435177,444524,444524,456131,482039,500176,535086,575003,607893,626867,656474,682705,716017,758651,788858,823839,853965,1082698,1125154,1174115,1239085,1290398,11689100
37,US | Michigan,113167,114178,118726,128390,140245,152511,174749,195240,195240,195240,233085,296588,332139,368844,405992,405992,405992,487959,487959,512906,552713,598127,642111,642111,642111,730453,760066,802106,854084,909038,909038,909038,1001873,1028286,1076545,1127787,1186630,1186630,9986857
38,US | South Dakota,21144,25325,26870,26952,27260,29879,32315,35611,40284,44073,45667,46714,47952,51360,53775,55531,56625,57121,57121,57476,58456,62365,69104,73243,75683,77350,78228,82021,87884,92896,97415,99560,101048,101489,104604,109686,115783,121653,884659
39,US | Arkansas,0,0,0,0,0,0,58914,68465,77594,81277,84570,93333,106826,116772,124156,131390,137307,140559,140559,154235,171515,186105,200813,212072,218951,221602,234120,251096,267682,284928,299938,307558,310513,318408,334023,347806,370262,388924,3017825
40,US | Delaware,13701,14265,14265,14265,15460,17064,18732,21814,23851,26567,26567,28316,30992,33883,36634,38650,41309,43063,43063,46141,49873,54760,54760,64690,67475,68995,77924,82699,87511,92552,100678,103258,103791,107597,110707,113592,117662,125756,973764
41,US | Mississippi,0,0,0,23511,25324,30691,30691,41541,49591,54714,55399,62744,73391,85829,96629,109354,109354,114947,114947,123702,138676,152374,165875,179792,179792,184398,193429,204910,216538,226209,240293,242935,243890,254594,270205,280838,305192,327163,2976149
42,US | New Mexico,0,0,0,0,0,0,0,0,0,0,0,0,0,0,0,0,0,0,137531,143048,15984,162995,185923,185923,203830,209580,216913,225496,239015,248183,263568,274497,277141,284157,291742,306389,319832,327279,2096829
43,US | North Dakota,22052,22241,22241,22241,22241,22241,22241,22241,22241,22241,41288,42790,45046,48950,52955,52955,52955,52955,52955,61094,63244,68560,74055,74055,74055,74641,81379,81568,85589,96291,96291,96291,105616,107522,111059,117184,126166,126166,762062
44,US | Wyoming,0,7829,7829,8383,8928,8928,9611,12996,13236,13236,13236,13236,18928,22266,25196,26423,26563,26563,26563,29170,33414,33414,35976,38191,38191,38191,40981,43992,46775,46775,46775,56831,56831,60317,60317,60317,67600,69604,578759
45,US | Alaska,13772,18266,18266,18266,18266,20775,20775,25058,25058,25058,35005,35005,43348,49791,54946,54946,54946,67085,67085,69047,72662,81836,88331,88331,88331,98137,101585,105846,110400,115273,115273,115273,123448,125770,129940,134006,139151,139151,731545
46,US | Maine,30877,32090,32995,33425,35536,35536,42317,46633,52324,54557,55775,58083,62004,66487,70228,74805,78084,79149,79149,81355,85847,92008,98371,109262,109262,110332,115213,121220,128704,137531,145356,153981,158071,161655,167111,176961,187055,191813,1344212
47,US | Alabama,20354,42810,42810,42810,42810,42810,42810,42810,42810,42810,87138,87138,87138,87138,130394,130394,130394,148685,148685,158116,184618,202643,249356,249356,249356,287002,298017,314241,339756,361376,361376,361376,403509,420235,440579,459674,483290,483290,4903185
48,US | Idaho,15780,18527,19119,19569,20843,22822,25416,28194,32100,34755,35842,38891,42607,46703,51233,58170,60805,60805,60805,69398,73209,77781,82475,86912,91066,93582,96896,102713,108364,114372,120391,123897,126178,131909,139695,149599,166466,175875,1792065
49,US | Montana,16990,16990,16990,16990,16990,16990,23000,23000,23000,23000,33000,33000,33000,42000,42000,42000,42000,42000,55000,55893,57220,60389,66348,72544,76590,77739,81157,86197,92567,99248,104501,106121,107300,110351,116119,122503,130839,137717,1068778
50,US | Puerto Rico,0,0,0,0,0,0,0,0,0,0,0,0,0,0,0,0,0,0,0,129530,136630,147795,161528,173242,184173,187617,188681,199762,212179,224303,236060,249394,253439,253439,266671,278321,288024,299694,3193694
51,US | Virgin Islands,0,0,0,1200,1200,1200,1200,1200,1200,1200,1200,1200,1200,1200,1200,1200,1200,1200,1200,2135,2418,2744,3070,3355,3378,3399,3747,4174,4620,5256,5967,6008,6116,6709,7387,8212,8884,9466,104914
52,US | Guam,4241,4241,4241,4241,4241,5179,5448,5448,5448,5448,10014,11314,11406,12637,13285,13913,13913,13913,14477,15460,16634,17620,17620,17620,19917,20900,22049,23588,25248,26846,28183,28183,28427,29504,31882,32586,33623,33623,165718
53,US | West Virginia,49037,49807,51646,52221,56354,60933,66792,77156,88128,90645,105539,107245,117130,126457,146937,150897,153219,153692,156373,160199,169190,182460,182460,197220,206616,212875,217329,227058,242437,258958,262349,262880,266773,270250,278971,294059,317282,324439,1787147
54,US | Northern Mariana Islands,0,0,0,0,0,0,0,0,0,0,0,0,0,3100,3100,3100,3100,3100,3100,6372,5970,5970,5970,5970,8558,8796,9023,9249,9544,9544,9544,10144,10402,10644,10953,11319,11319,11319,56562
55,US | American Samoa,0,0,0,0,0,0,0,0,0,0,0,0,0,0,0,0,0,0,0,4756,5313,5664,6569,6831,8046,8046,8315,9085,9085,9925,9925,9925,10761,10761,11066,11257,12029,12259,55519
58,Algeria,0,0,0,0,0,0,0,0,0,0,0,0,0,0,0,0,0,0,0,0,0,0,0,0,0,0,0,0,0,30,30,30,30,30,30,30,30,30,40606052
59,Andorra,0,0,0,0,0,0,0,0,0,0,0,0,0,0,0,0,0,0,0,0,0,0,0,0,576,576,576,576,576,576,576,1036,1036,1036,1036,1036,1036,1036,77281
62,Argentina,0,0,0,39599,39599,39599,39599,107542,107542,107542,107542,107542,166833,166833,200759,200759,200759,200759,200759,247933,265724,279602,288064,292023,292386,305880,318033,327999,344034,366384,366384,375851,375851,396562,444018,444018,471383,501152,43847430
65,Austria,0,0,0,0,0,0,0,0,0,6784,11559,13172,20064,29359,39751,50402,55450,61012,71508,88895,108252,124756,136348,139538,141350,150933,158985,169439,181419,197179,200498,202345,208988,222520,238241,252829,270267,276860,8747358
68,Bahrain,59351,60097,60689,61612,63893,68472,72239,78291,84157,89250,92598,97776,101363,109566,122819,137159,141563,142831,143596,144130,144130,144130,144130,144130,144130,165953,167731,169440,169810,170433,171568,172912,174075,175094,177233,179550,182543,191406,1425171
69,Bangladesh,0,0,0,0,0,0,0,0,0,0,0,0,0,0,0,0,0,0,0,0,0,0,0,0,0,0,26,567,567,567,567,567,567,567,567,567,567,567,162951560
72,Belgium,794,794,794,795,2354,6218,14340,23484,26671,27067,32518,47987,68578,91122,113580,118563,121705,132119,150657,170936,200335,229010,236803,238648,249150,260607,276515,297615,315956,320130,321000,327832,348281,372687,396286,415876,419940,421926,11348159
75,Bolivia,0,0,0,0,0,0,0,0,0,0,0,0,0,0,0,0,0,0,0,0,0,0,0,0,0,0,0,0,12,39,67,570,1593,3560,3560,3560,3560,3560,10887882
77,Brazil,0,0,0,0,0,0,0,0,0,0,0,0,0,0,0,0,112,1109,11470,28543,136519,245877,537774,604722,700608,848883,1129885,1450900,1668032,2003211,2074059,2124307,2292551,2521704,3073057,3074906,3401383,3553681,207652865
79,Bulgaria,4739,4739,4739,4739,5448,7913,11117,13355,13473,13473,14161,15780,17038,17686,18126,18332,18453,19638,22226,24127,25251,26101,26119,26143,26798,29122,32917,37636,40805,41020,41125,42634,45917,50124,54025,56860,57016,57038,7127822
84,Canada,0,77521,77521,77521,77521,77521,77521,77521,77521,77521,77521,267078,288488,310788,342227,342227,342227,422864,459780,485739,706464,752377,752377,752377,802354,827042,890536,910676,937338,937338,937338,974690,985975,999253,1015083,1042171,1042171,1042171,36286425
87,Chile,0,0,0,9051,10494,10699,10699,10699,10699,10699,10699,10699,14612,18526,21876,21937,21972,32385,50924,54036,62822,63047,63939,63939,64286,66569,67096,67111,67115,67123,67123,67123,77399,138684,291937,569886,605644,616757,17909754
88,China,0,0,0,0,0,0,0,0,9000000,9000000,9000000,9000000,10000000,10000000,10000000,10000000,10000000,10000000,10000000,15000000,15000000,15000000,15000000,15000000,15000000,15000000,22767000,22767000,22767000,22767000,24000000,24000000,24000000,31200000,31200000,31200000,31200000,31200000,1378665000
92,Costa Rica,0,0,2455,2455,2455,2455,2455,9751,9751,9751,9751,9751,9751,9751,24859,24859,24859,29389,29389,29389,29389,29389,29389,29389,48128,48128,48128,48128,48128,48128,48128,57701,57701,57701,57701,57701,57701,57701,4857274
94,Croatia,0,0,12285,12285,13798,13798,20603,24985,30000,30000,30000,30000,34553,38000,41532,45906,45906,45906,54304,54304,54304,64951,64951,64951,69984,69984,69984,69984,80000,80000,80000,83928,83928,87929,95505,95505,95505,95505,4170600
97,Cyprus,0,0,0,0,0,3901,3901,3901,3901,6035,6035,6035,6035,6035,10226,10226,10226,10226,10226,10226,10226,17379,17379,17379,17379,17379,17379,17379,25168,25168,25168,25168,25168,25168,25168,32837,32837,32837,1170125
98,Czechia,12026,13282,14197,17763,22267,28064,35988,45921,47911,49622,59353,72693,86136,101161,114833,118147,121203,134956,149624,165108,181691,196984,200637,203693,216049,230238,243477,256504,270207,271988,273803,285086,298848,313790,330701,344526,347072,349696,10561633
99,Denmark,38176,47246,53388,55844,69602,89759,107580,116192,118100,118916,119575,120036,132771,150717,165941,170555,173822,179859,184478,187914,191826,198209,206165,213438,216156,218143,222765,231172,250402,264752,278333,286799,291820,299583,311827,326508,332835,333882,5731118
102,Ecuador,0,0,0,0,0,0,0,0,0,0,0,0,0,0,0,0,0,0,0,0,0,108,108,108,108,108,108,2982,2982,2982,2982,2982,2982,2982,6228,6228,6228,6228,16385068
103,Egypt,0,0,0,0,0,0,0,0,0,0,0,0,0,0,0,0,0,0,0,0,0,0,0,0,0,0,0,0,0,1315,1315,1315,1315,1315,1315,1315,1315,1315,95688681
107,Estonia,2487,2487,2517,2535,3188,5009,6632,7973,10197,10749,10972,11896,13481,14879,16677,17959,18179,18275,19315,20478,21985,24196,25704,25964,26126,27180,29594,31629,34019,37230,38055,38594,40217,43000,46194,49798,52868,53424,1316481
111,Finland,0,0,0,3604,5445,5445,8155,11135,11135,11135,14196,17617,23126,33033,43143,43143,43143,54568,55824,62061,78300,91260,91260,91260,110651,117007,126910,138323,151790,162277,162277,163760,163973,173372,193917,207303,217844,220116,5495096
112,France,325,367,441,1800,6744,17064,43282,76022,86315,91629,125412,179119,235786,306206,364846,382326,391910,468073,585735,708973,850380,959716,995147,1003968,1075045,1171264,1274711,1396881,1494643,1525377,1533630,1609072,1717385,1825982,1962126,2077037,2109641,2109641,66896109
116,Germany,204489,255112,279877,328412,379953,437893,495628,554642,610384,643051,708625,790628,889308,989922,1092901,1156777,1201852,1283059,1386906,1519822,1615596,1727346,1807705,1870217,1964691,2062875,2160920,2257840,2356905,2432032,2491954,2612988,2744516,2872712,3006080,3123033,3214760,3269110,82667685
118,Greece,2603,3149,3869,10327,16631,20616,26445,35272,40427,44645,50045,56475,64932,70960,75412,80391,80391,85898,94454,109831,125928,143877,160101,160101,179951,197755,216040,234285,253363,271287,271287,293817,315628,338122,359723,380136,397857,397857,10746740
125,Hungary,0,0,12000,15000,21000,31500,42549,42549,42549,71000,78579,86929,96101,105728,112847,119944,123188,131332,133257,138584,144798,150128,153392,156098,162315,170476,187508,213010,247889,278830,299138,311662,322306,334130,357303,381062,391621,396634,9817958
126,Iceland,0,0,0,0,0,0,0,0,0,0,0,0,0,0,0,0,0,0,0,6205,6205,6205,6205,6205,15220,15220,15522,15522,15522,15522,15522,15522,15522,16951,16951,17515,17515,17515,334252
127,India,0,0,0,0,0,0,0,0,0,0,0,0,0,0,0,191181,224301,454049,674835,806484,1043534,1390592,1582201,1615504,2023809,2029480,2355979,2928053,3500027,3744334,3758843,3950156,4138918,4449552,4959445,5416849,5775322,5812362,1324171354
128,Indonesia,0,0,0,0,0,0,0,0,0,0,0,0,0,0,0,0,0,0,0,0,0,132000,132000,149242,161959,245685,308003,373786,416299,502955,515681,574938,648259,717647,796819,865609,914303,923449,261115456
131,Ireland,0,0,0,4000,4000,4000,15314,15314,15314,40000,40000,40000,77303,77303,77303,77303,94000,94000,94000,121900,121900,121900,121900,143000,143000,143000,161500,161500,161500,161500,199800,199800,199800,219200,219200,219200,219200,219200,4773095
132,Israel,1049550,1120504,1267673,1407441,1530450,1631232,1744989,1810335,1854295,1897155,1936514,1995324,2102332,2225416,2290964,2345610,2496408,2683449,2890849,3108676,3340042,3448021,3540850,3748418,3966005,4167899,4368783,4577354,4678039,4754703,4886655,5003511,5103657,5211303,5339074,5401163,5443401,5562007,8547100
133,Italy,49745,88171,123211,191417,270748,335764,427359,522451,609181,669398,749847,830703,923462,1015319,1103007,1166663,1202575,1244187,1275975,1305260,1339591,1365196,1403426,1436963,1505052,1584274,1654139,1746497,1842454,1930919,1989789,2073004,2158227,2254321,2354838,2449614,2519320,2555524,60600590
140,Kuwait,0,0,0,0,0,0,0,0,0,0,0,0,0,0,0,0,0,0,0,0,0,0,0,0,0,35000,35000,35000,35000,35000,35000,35000,35000,35000,35000,35000,35000,35000,4052584
142,Latvia,0,0,0,0,0,0,0,0,0,0,0,0,0,0,0,0,0,16795,17671,18441,18720,18933,18933,18933,19725,20573,21391,22170,23132,23440,23440,24960,26768,28385,29888,31375,31866,31989,1960424
145,Liechtenstein,0,0,0,0,0,0,0,0,0,0,0,0,0,0,0,0,0,0,0,0,0,0,0,0,0,0,0,0,0,0,0,0,0,833,833,833,833,833,37666
146,Lithuania,0,0,0,0,10369,13866,18020,23190,23494,23497,25704,27789,33935,42557,49812,50901,52031,56526,62794,66264,67763,68119,68127,68127,68164,71257,78142,85184,93193,93818,93826,96700,100533,107059,116573,123280,124024,124121,2872298
147,Luxembourg,0,0,0,0,0,0,0,0,0,0,1943,2372,2871,3233,3233,3233,3755,4569,5294,6193,6897,6897,6897,6897,8554,9525,10449,11373,11373,11373,12428,13241,14252,15407,16419,16419,16419,16419,582972
150,Maldives,0,0,0,0,0,0,0,0,0,0,0,0,0,0,0,0,0,0,0,0,0,0,0,0,0,0,0,0,0,0,0,36,36,36,3204,3204,3204,3204,417492
151,Malta,0,0,0,1940,1940,1940,1940,1940,1940,1940,4870,4870,4870,4870,9496,9496,11705,13002,14276,15316,16531,17767,18930,19981,21172,22371,23512,24680,25822,26847,26847,27759,29002,30252,31633,33477,35676,37586,436947
154,Mexico,0,0,0,43960,48236,53185,58402,67468,74794,81300,87060,92879,192567,329983,417375,463246,472142,492529,498122,501030,552335,614808,618768,629626,645105,652319,656044,657842,662217,670307,673327,675202,677539,686601,695088,700316,710198,710198,127540423
156,Monaco,0,0,0,0,0,0,0,0,0,0,0,0,0,0,0,0,0,2400,2400,2400,2400,2400,2400,2400,2400,2400,2400,2400,2400,2400,2400,2400,2400,2400,2400,2400,2400,2400,38499
159,Morocco,0,0,0,0,0,0,0,0,0,0,0,0,0,0,0,0,0,0,0,0,0,0,0,0,0,0,0,0,0,90000,126000,200081,257291,308398,351723,408235,463966,463966,35276786
161,Nepal,0,0,0,0,0,0,0,0,0,0,0,0,0,0,0,0,0,0,0,0,0,0,0,0,0,0,0,0,0,0,0,113175,113175,113175,158487,158487,158487,158487,28982771
162,Netherlands,0,0,0,0,0,6000,15000,27000,30000,34000,35500,45000,47000,47000,55000,55000,77000,77000,77000,100000,100000,135000,135000,146612,146612,146612,146612,146612,146612,146612,176286,248055,277275,303702,330494,356517,382975,414198,17018408
168,Norway,2176,2176,2176,2177,5610,14612,21169,22782,22914,23021,23363,27653,37333,45757,50230,50963,51312,52854,58167,68811,77268,80524,80877,80942,81517,85785,104279,121321,126976,127271,127401,127858,136979,168001,198176,198176,198176,198176,5232929
169,Oman,0,7231,8826,10728,12751,14005,14911,14980,15023,15907,18287,20649,22749,24204,24204,24773,25446,26758,28049,29548,29548,29548,30675,32765,34606,36206,37045,37045,37045,37045,37045,37045,37045,37045,37045,37045,37045,37045,4424762
171,Panama,0,0,0,0,0,0,0,0,0,0,0,0,0,0,0,0,0,0,0,6,2728,5081,5594,6420,6420,6420,6420,6420,6420,6420,6420,6420,6420,6420,6420,6420,6420,6420,4034119
176,Poland,0,50391,50833,92220,140226,160359,188956,198787,200022,203053,257834,309620,369212,410480,436963,457303,469466,495164,541229,591785,644999,684277,701164,707474,776987,905457,1008253,1097036,1141081,1156931,1176904,1231716,1342435,1461578,1566604,1617764,1641158,1656708,37948016
177,Portugal,0,0,32000,32000,32000,42035,42035,70000,70000,70000,70000,70000,70000,70000,106000,106000,106000,106000,106000,106000,106000,212000,232725,232725,232725,263499,278413,296004,315737,330233,336771,338566,338566,350945,364211,364211,379378,394088,10324611
179,Romania,11656,13242,13596,25508,41609,58554,76400,92706,102301,108294,125190,140447,154268,167612,183669,196090,205060,235239,270046,308384,348096,385936,418885,446285,484631,528378,570704,609396,647000,672396,691415,721184,748732,772202,794795,821552,840812,856322,19705301
180,Russia,0,800000,800000,800000,800000,800000,800000,800000,800000,800000,800000,800000,1000000,1000000,1000000,1000000,1000000,1000000,1000000,1000000,1000000,1000000,1000000,1000000,1000000,1000000,1000000,1000000,1000000,1000000,1000000,1000000,1000000,1000000,1000000,1000000,1000000,1000000,144342396
185,Saudi Arabia,0,0,0,0,0,100000,137862,137862,137862,137862,178337,178337,178337,178337,178337,178337,295530,295530,295530,295530,295530,295530,295530,295530,295530,295530,295530,295530,391643,391643,391643,440618,440618,440618,440618,440618,440618,443153,32275687
187,Serbia,0,0,0,0,0,0,0,7000,7000,9300,9300,9300,9300,18136,18136,18136,18136,18136,18136,44611,84832,119711,163355,217800,256521,319504,361830,401556,430759,437380,437380,437380,495964,513652,526930,538373,538373,544209,7057412
188,Seychelles,0,0,0,0,0,0,0,0,0,0,0,0,2000,2000,4000,7000,7000,7000,10976,13163,13163,16890,18353,18353,19889,22712,25587,28779,30861,30861,30861,35079,36284,37092,37092,37092,39175,39175,94677
189,Singapore,0,0,0,0,0,0,0,0,0,0,3400,6200,6200,6200,6200,6200,6200,6200,6200,6200,6200,60000,60000,60000,60000,60000,113050,113050,113050,113050,155050,155050,181000,181000,181000,181000,181000,181000,5607283
190,Slovakia,0,0,0,0,425,6618,13631,20548,22281,25326,29221,39735,46243,53830,61372,62580,62634,71617,78663,85957,92828,99090,99366,99366,107506,114247,120898,130034,141833,142817,143098,154810,167241,178946,193211,207704,210410,210590,5428704
191,Slovenia,10636,11039,11594,12684,15102,20204,25442,28633,28881,28882,29366,31131,35751,42369,47122,47446,47450,47677,49705,54245,58654,60810,61520,61669,61679,63456,68239,74164,78639,78743,78745,78791,79895,84384,91396,96603,97198,97198,2064845
194,Spain,0,0,0,82834,139339,139339,207323,277976,277976,277976,406091,488122,581638,676186,768950,768950,768950,897942,966097,1025937,1103301,1165825,1165825,1237593,1291216,1356461,1395618,1474189,1474189,1474189,1609261,1673054,1764778,1865342,1988160,1988160,1988160,1988160,46443959
195,Sri Lanka,0,0,0,0,0,0,0,0,0,0,0,0,0,0,0,0,0,0,0,0,0,0,0,0,0,0,0,0,5286,37825,59154,95550,118767,139914,146327,156310,160148,160148,21203000
198,Sweden,0,0,13705,13705,13705,13705,13705,13705,13705,45547,45547,45547,45547,45547,45547,45547,115607,115607,115607,115607,115607,115607,115607,218402,218402,218402,218402,230517,248991,248991,248991,248991,285257,298279,320378,343872,343872,343872,9903122
199,Switzerland,0,0,0,0,0,0,0,0,0,0,0,0,0,66000,66000,66000,66000,66000,110000,110000,169783,169783,169783,197368,197368,197368,197368,197368,262081,262081,315033,315033,315033,368252,368252,368252,368252,368252,8372098
205,Turkey,0,0,0,0,0,0,0,0,0,0,0,0,0,279452,616652,676903,706451,832412,950635,1052493,1120258,1202212,1226883,1244653,1302753,1410273,1522580,1697575,1928351,1960860,1986237,2136299,2229233,2343280,2500806,2559802,2601717,2610496,79512426
208,United Arab Emirates,0,0,0,0,826301,826301,887697,941556,1020349,1086568,1167251,1275652,1394580,1527833,1665987,1797926,1882778,1971521,2065367,2161150,2246069,2339078,2426798,2487789,2571091,2677680,2764450,2868650,3006606,3114167,3334162,3440777,3440777,3564517,3849374,3849374,4201347,4313868,9269612
209,United Kingdom,0,0,1397251,1397251,1397251,1397251,1397251,1397251,1397251,2677971,2843815,3067541,3356229,3678180,4006440,4286830,4514802,4723443,5070365,5437284,5849899,6329968,6822981,7044048,7325773,7638543,7953250,8369438,8859372,9468382,9790576,10143511,10520433,10992444,11477040,11975267,12525735,12525735,65637239
211,US,0,4225756,4225756,4563260,4836469,5306797,5919418,6688231,6688231,6688231,8987322,9327138,10278462,11148991,12279180,12279180,12279180,12279180,15707588,16525281,17546374,19107959,20537990,21848655,22734243,23540994,24652634,26193682,27884661,29577902,31123299,32222402,32780860,33878254,35203710,36819212,39037964,41210937,323127513
230,Burma,0,0,0,0,0,0,0,0,0,0,0,0,0,0,0,0,0,0,0,0,0,0,0,0,0,0,3800,3800,3800,3800,3800,3800,3800,3800,3800,3800,3800,3800,52885223
