"Geography","Week_Ending_Sat","rsv_cov_infants_pes","rsv_cov_infants_opt","rsv_cov_over60_pes","rsv_cov_over60_opt","fips","rsv_n_dose_infants_pes","rsv_n_dose_infants_opt","age","pop_0_6m"
"United States","2023-08-05",0,0,0,0,"US",0,0,0,1841556.5
"United States","2023-08-12",0,0,0,0,"US",0,0,0,1841556.5
"United States","2023-08-19",0,0,0,0,"US",0,0,0,1841556.5
"United States","2023-08-26",0,0,0,0,"US",0,0,0,1841556.5
"United States","2023-09-02",0,0,0,0,"US",0,0,0,1841556.5
"United States","2023-09-09",0,0,0.000241075250900754,0.000482150501801509,"US",0,0,0,1841556.5
"United States","2023-09-16",0,0,0.00243402667259533,0.00486805334519066,"US",0,0,0,1841556.5
"United States","2023-09-23",0.000295557251814517,0.000886671755443574,0.00540020555213482,0.0108004111042696,"US",544,1633,0,1841556.5
"United States","2023-09-30",0.00166839176921933,0.00500517530765801,0.00928729394105558,0.0185745878821112,"US",3072,9217,0,1841556.5
"United States","2023-10-07",0.00359695935419479,0.0107908780625844,0.0141992135633891,0.0283984271267783,"US",6624,19872,0,1841556.5
"United States","2023-10-14",0.00616089897448951,0.0184826969234686,0.0201794992687897,0.0403589985375794,"US",11346,34037,0,1841556.5
"United States","2023-10-21",0.00940936560267547,0.0282280968080265,0.0272034009878938,0.0544068019757875,"US",17328,51984,0,1841556.5
"United States","2023-10-28",0.013374574593119,0.0401237237793571,0.0351751264578958,0.0703502529157917,"US",24630,73890,0,1841556.5
"United States","2023-11-04",0.0180679011533471,0.0542037034600414,0.0439273611474425,0.087854722294885,"US",33273,99819,0,1841556.5
"United States","2023-11-11",0.0234730743175885,0.0704192229527655,0.0532217205855276,0.106443441171055,"US",43227,129681,0,1841556.5
"United States","2023-11-18",0.0295424522922158,0.0886273568766475,0.0627566620348053,0.125513324069611,"US",54404,163212,0,1841556.5
"United States","2023-11-25",0.036194971298538,0.108584913895614,0.0721999591628698,0.14439991832574,"US",66655,199965,0,1841556.5
"United States","2023-12-02",0.0433146939188719,0.129944081756616,0.0812370449577114,0.162474089915423,"US",79766,239299,0,1841556.5
"United States","2023-12-09",0.0507496634325111,0.152248990297533,0.0896133363047162,0.179226672609432,"US",93458,280375,0,1841556.5
"United States","2023-12-16",0.0583150699168689,0.174945209750607,0.0971522819023462,0.194304563804692,"US",107390,322171,0,1841556.5
"United States","2023-12-23",0.0658104259493209,0.197431277847963,0.103754307966575,0.20750861593315,"US",121194,363581,0,1841556.5
"United States","2023-12-30",0.0730458588161641,0.219137576448492,0.109392199772107,0.218784399544214,"US",134518,403554,0,1841556.5
"United States","2024-01-06",0.0798652104550519,0.239595631365156,0.116919220280498,0.233838440560997,"US",147076,441229,0,1841556.5
"United States","2024-01-13",0.0861555855310776,0.258466756593233,0.119002569640052,0.238005139280105,"US",158660,475981,0,1841556.5
"United States","2024-01-20",0.0918458924732762,0.275537677419829,0.120738811366215,0.24147762273243,"US",169139,507418,0,1841556.5
"United States","2024-01-27",0.0969031366842028,0.290709410052608,0.122329596724806,0.244659193449612,"US",178453,535358,0,1841556.5
"United States","2024-02-03",0.101327450386714,0.303982351160143,0.123966993134697,0.247933986269393,"US",186600,559801,0,1841556.5
"United States","2024-02-10",0.105144590757433,0.3154337722723,0.125625393896085,0.25125078779217,"US",193630,580889,0,1841556.5
"United States","2024-02-17",0.108396488076863,0.325189464230589,0.127240860528229,0.254481721056458,"US",199618,598855,0,1841556.5
"United States","2024-02-24",0.111133001840178,0.333399005520534,0.128790237357458,0.257580474714916,"US",204658,613973,0,1841556.5
"United States","2024-03-02",0.112914283508234,0.338742850524702,0.130250368710101,0.260500737420202,"US",207938,623814,0,1841556.5
"United States","2024-03-09",0.11477831699141,0.344334950974229,0.131679278202085,0.263358556404169,"US",211371,634112,0,1841556.5
"United States","2024-03-16",0.116497364166228,0.349492092498683,0.133136715406488,0.266273430812975,"US",214536,643609,0,1841556.5
"United States","2024-03-23",0.118063223658311,0.354189670974932,0.134507033919801,0.269014067839601,"US",217420,652260,0,1841556.5
"United States","2024-03-30",0.119467694093281,0.358403082279844,0.135672008994049,0.271344017988099,"US",220007,660020,0,1841556.5
"United States","2024-04-06",0.119467694093281,0.358403082279844,0.136628575986564,0.273257151973128,"US",220007,660020,0,1841556.5
"United States","2024-04-13",0.119467694093281,0.358403082279844,0.137521783717268,0.275043567434537,"US",220007,660020,0,1841556.5
"United States","2024-04-20",0.119467694093281,0.358403082279844,0.138354744566701,0.276709489133402,"US",220007,660020,0,1841556.5
"United States","2024-04-27",0.119467694093281,0.358403082279844,0.139127775225759,0.278255550451517,"US",220007,660020,0,1841556.5
"United States","2024-05-04",0.119467694093281,0.358403082279844,0.139857732396605,0.27971546479321,"US",220007,660020,0,1841556.5
"United States","2024-05-11",0.119467694093281,0.358403082279844,0.140651707463348,0.281303414926696,"US",220007,660020,0,1841556.5
"United States","2024-05-18",0.119467694093281,0.358403082279844,0.141463296352247,0.282926592704494,"US",220007,660020,0,1841556.5
"United States","2024-05-25",0.119467694093281,0.358403082279844,0.142212309216938,0.284424618433875,"US",220007,660020,0,1841556.5
"United States","2024-06-01",0.119467694093281,0.358403082279844,0.142820996477298,0.285641992954595,"US",220007,660020,0,1841556.5
"California","2023-08-05",0,0,0,0,"06",0,0,0,212574.5
"California","2023-08-12",0,0,0,0,"06",0,0,0,212574.5
"California","2023-08-19",0,0,0,0,"06",0,0,0,212574.5
"California","2023-08-26",0,0,0,0,"06",0,0,0,212574.5
"California","2023-09-02",0,0,0,0,"06",0,0,0,212574.5
"California","2023-09-09",0,0,0.00154754407235144,0.00309508814470289,"06",0,0,0,212574.5
"California","2023-09-16",0,0,0.0043510954532378,0.0087021909064756,"06",0,0,0,212574.5
"California","2023-09-23",0.000526692421406336,0.00158007726421902,0.00798795558758796,0.0159759111751759,"06",112,336,0,212574.5
"California","2023-09-30",0.002233819827491,0.00670145948247301,0.012591640987884,0.025183281975768,"06",475,1425,0,212574.5
"California","2023-10-07",0.00461177863001997,0.0138353358900599,0.018250176953729,0.036500353907458,"06",980,2941,0,212574.5
"California","2023-10-14",0.00775096702666092,0.0232529010799828,0.0249935750568575,0.0499871501137151,"06",1648,4943,0,212574.5
"California","2023-10-21",0.0116974553174818,0.0350923659524454,0.03278739402475,0.0655747880494999,"06",2487,7460,0,212574.5
"California","2023-10-28",0.016453591145682,0.0493607734370459,0.0415296842706726,0.0830593685413452,"06",3498,10493,0,212574.5
"California","2023-11-04",0.0219838656146185,0.0659515968438556,0.0510493024645369,0.102098604929074,"06",4673,14020,0,212574.5
"California","2023-11-11",0.0282196716592275,0.0846590149776824,0.0611049108811124,0.122209821762225,"06",5999,17996,0,212574.5
"California","2023-11-18",0.0350625646382332,0.1051876939147,0.0713903526926461,0.142780705385292,"06",7453,22360,0,212574.5
"California","2023-11-25",0.0423861975578155,0.127158592673447,0.0815604982600468,0.163120996520094,"06",9010,27031,0,212574.5
"California","2023-12-02",0.050037426149036,0.150112278447108,0.0912709976533092,0.182541995306618,"06",10637,31910,0,212574.5
"California","2023-12-09",0.0578377164825411,0.173513149447623,0.10021493963106,0.20042987926212,"06",12295,36884,0,212574.5
"California","2023-12-16",0.0655892171025907,0.196767651307772,0.108143787803692,0.216287575607385,"06",13943,41828,0,212574.5
"California","2023-12-23",0.0730932970829364,0.219279891248809,0.11488237936572,0.22976475873144,"06",15538,46613,0,212574.5
"California","2023-12-30",0.0801761545397042,0.240528463619113,0.120348120256052,0.240696240512104,"06",17043,51130,0,212574.5
"California","2024-01-06",0.0867096329030586,0.260128898709176,0.1294,0.2588,"06",18432,55297,0,212574.5
"California","2024-01-13",0.0926171443123295,0.277851432936989,0.1294,0.2588,"06",19688,59064,0,212574.5
"California","2024-01-20",0.0978668784181441,0.293600635254432,0.1294,0.2588,"06",20804,62412,0,212574.5
"California","2024-01-27",0.102461732050175,0.307385196150524,0.1294,0.2588,"06",21781,65342,0,212574.5
"California","2024-02-03",0.106429092467108,0.319287277401324,0.1294,0.2588,"06",22624,67872,0,212574.5
"California","2024-02-10",0.10981142994165,0.329434289824951,0.1294,0.2588,"06",23343,70029,0,212574.5
"California","2024-02-17",0.112658740088698,0.337976220266095,0.1294,0.2588,"06",23948,71845,0,212574.5
"California","2024-02-24",0.115023621980168,0.345070865940505,0.1294,0.2588,"06",24451,73353,0,212574.5
"California","2024-03-02",0.116676573795699,0.350029721387098,0.1294,0.2588,"06",24802,74407,0,212574.5
"California","2024-03-09",0.118094893272712,0.354284679818135,0.1294,0.2588,"06",25104,75312,0,212574.5
"California","2024-03-16",0.119281475208595,0.357844425625784,0.1294,0.2588,"06",25356,76069,0,212574.5
"California","2024-03-23",0.120441945396817,0.36132583619045,0.1294,0.2588,"06",25603,76809,0,212574.5
"California","2024-03-30",0.121781929630847,0.365345788892541,0.1294,0.2588,"06",25888,77663,0,212574.5
"California","2024-04-06",0.121781929630847,0.365345788892541,0.1294,0.2588,"06",25888,77663,0,212574.5
"California","2024-04-13",0.121781929630847,0.365345788892541,0.1294,0.2588,"06",25888,77663,0,212574.5
"California","2024-04-20",0.121781929630847,0.365345788892541,0.1294,0.2588,"06",25888,77663,0,212574.5
"California","2024-04-27",0.121781929630847,0.365345788892541,0.1294,0.2588,"06",25888,77663,0,212574.5
"California","2024-05-04",0.121781929630847,0.365345788892541,0.1294,0.2588,"06",25888,77663,0,212574.5
"California","2024-05-11",0.121781929630847,0.365345788892541,0.1294,0.2588,"06",25888,77663,0,212574.5
"California","2024-05-18",0.121781929630847,0.365345788892541,0.1294,0.2588,"06",25888,77663,0,212574.5
"California","2024-05-25",0.121781929630847,0.365345788892541,0.1294,0.2588,"06",25888,77663,0,212574.5
"California","2024-06-01",0.121781929630847,0.365345788892541,0.1294,0.2588,"06",25888,77663,0,212574.5
"Colorado","2023-08-05",0,0,0,0,"08",0,0,0,31433.5
"Colorado","2023-08-12",0,0,0,0,"08",0,0,0,31433.5
"Colorado","2023-08-19",0,0,0,0,"08",0,0,0,31433.5
"Colorado","2023-08-26",0,0,0,0,"08",0,0,0,31433.5
"Colorado","2023-09-02",0,0,0,0,"08",0,0,0,31433.5
"Colorado","2023-09-09",0,0,0.000265874332579488,0.000531748665158976,"08",0,0,0,31433.5
"Colorado","2023-09-16",0,0,0.00294574444184489,0.00589148888368977,"08",0,0,0,31433.5
"Colorado","2023-09-23",0,0,0.00657232666066926,0.0131446533213385,"08",0,0,0,31433.5
"Colorado","2023-09-30",0.00121175239704923,0.0036352571911477,0.0113159920276836,0.0226319840553673,"08",38,114,0,31433.5
"Colorado","2023-10-07",0.0033393889208681,0.0100181667626043,0.0172795293144039,0.0345590586288078,"08",105,315,0,31433.5
"Colorado","2023-10-14",0.00624698948327531,0.0187409684498259,0.0244780800991166,0.0489561601982331,"08",196,589,0,31433.5
"Colorado","2023-10-21",0.0100184402523658,0.0300553207570975,0.0328378046624427,0.0656756093248853,"08",315,945,0,31433.5
"Colorado","2023-10-28",0.014702422540388,0.0441072676211639,0.0421999345471136,0.0843998690942272,"08",462,1386,0,31433.5
"Colorado","2023-11-04",0.0203082507092273,0.0609247521276818,0.0523256372326655,0.104651274465331,"08",638,1915,0,31433.5
"Colorado","2023-11-11",0.0268028706332432,0.0804086118997295,0.0629019095049644,0.125803819009929,"08",843,2528,0,31433.5
"Colorado","2023-11-18",0.0341097779819987,0.102329333945996,0.0735569802663137,0.147113960532627,"08",1072,3217,0,31433.5
"Colorado","2023-11-25",0.0421088730562995,0.126326619168899,0.083903547399504,0.167807094799008,"08",1324,3971,0,31433.5
"Colorado","2023-12-02",0.0506367338699546,0.151910201609864,0.0935979891976588,0.187195978395318,"08",1592,4775,0,31433.5
"Colorado","2023-12-09",0.0594877491488655,0.178463247446597,0.102388609771697,0.204777219543394,"08",1870,5610,0,31433.5
"Colorado","2023-12-16",0.0684214518199482,0.205264355459844,0.110130318216273,0.220260636432546,"08",2151,6452,0,31433.5
"Colorado","2023-12-23",0.0771872188873574,0.231561656662072,0.116772028931005,0.233544057862011,"08",2426,7279,0,31433.5
"Colorado","2023-12-30",0.0855593006128918,0.256677901838675,0.122338395849387,0.244676791698774,"08",2689,8068,0,31433.5
"Colorado","2024-01-06",0.0933660744347272,0.280098223304181,0.128754306627036,0.257508613254072,"08",2935,8804,0,31433.5
"Colorado","2024-01-13",0.10049966993333,0.30149900979999,0.131052450596075,0.26210490119215,"08",3159,9477,0,31433.5
"Colorado","2024-01-20",0.10690818872772,0.32072456618316,0.132971640834858,0.265943281669716,"08",3360,10081,0,31433.5
"Colorado","2024-01-27",0.112582830226583,0.337748490679749,0.134657675329198,0.269315350658396,"08",3539,10617,0,31433.5
"Colorado","2024-02-03",0.117544554372932,0.352633663118796,0.13624136642408,0.272482732848161,"08",3695,11085,0,31433.5
"Colorado","2024-02-10",0.121832130218417,0.365496390655252,0.137611457055089,0.275222914110179,"08",3830,11489,0,31433.5
"Colorado","2024-02-17",0.125493121034253,0.37647936310276,0.138824891265781,0.277649782531562,"08",3945,11834,0,31433.5
"Colorado","2024-02-24",0.128578346685641,0.385735040056923,0.140032720038253,0.280065440076506,"08",4042,12125,0,31433.5
"Colorado","2024-03-02",0.130843598706224,0.392530796118671,0.141385994354602,0.282771988709204,"08",4113,12339,0,31433.5
"Colorado","2024-03-09",0.132999487527408,0.398998462582223,0.143048747715385,0.286097495430771,"08",4181,12542,0,31433.5
"Colorado","2024-03-16",0.134925997431326,0.404777992293978,0.144966350842065,0.28993270168413,"08",4241,12724,0,31433.5
"Colorado","2024-03-23",0.13651951133404,0.409558534002119,0.146895482938959,0.293790965877918,"08",4291,12874,0,31433.5
"Colorado","2024-03-30",0.137676412151609,0.413029236454827,0.148591115375305,0.29718223075061,"08",4328,12983,0,31433.5
"Colorado","2024-04-06",0.137676412151609,0.413029236454827,0.14994144567893,0.29988289135786,"08",4328,12983,0,31433.5
"Colorado","2024-04-13",0.137676412151609,0.413029236454827,0.151119702412156,0.302239404824312,"08",4328,12983,0,31433.5
"Colorado","2024-04-20",0.137676412151609,0.413029236454827,0.152218322585406,0.304436645170811,"08",4328,12983,0,31433.5
"Colorado","2024-04-27",0.137676412151609,0.413029236454827,0.153327181611876,0.306654363223753,"08",4328,12983,0,31433.5
"Colorado","2024-05-04",0.137676412151609,0.413029236454827,0.154561024555278,0.309122049110555,"08",4328,12983,0,31433.5
"Colorado","2024-05-11",0.137676412151609,0.413029236454827,0.156071222466701,0.312142444933402,"08",4328,12983,0,31433.5
"Colorado","2024-05-18",0.137676412151609,0.413029236454827,0.157602038358614,0.315204076717229,"08",4328,12983,0,31433.5
"Colorado","2024-05-25",0.137676412151609,0.413029236454827,0.158831086553753,0.317662173107507,"08",4328,12983,0,31433.5
"Colorado","2024-06-01",0.137676412151609,0.413029236454827,0.159444893194649,0.318889786389298,"08",4328,12983,0,31433.5
"Connecticut","2023-08-05",0,0,0,0,"09",0,0,0,17935
"Connecticut","2023-08-12",0,0,0,0,"09",0,0,0,17935
"Connecticut","2023-08-19",0,0,0,0,"09",0,0,0,17935
"Connecticut","2023-08-26",0,0,0,0,"09",0,0,0,17935
"Connecticut","2023-09-02",0,0,0,0,"09",0,0,0,17935
"Connecticut","2023-09-09",0,0,0.000951375704138884,0.00190275140827777,"09",0,0,0,17935
"Connecticut","2023-09-16",0,0,0.00294082282455099,0.00588164564910198,"09",0,0,0,17935
"Connecticut","2023-09-23",0.00112960065987806,0.00338880197963417,0.00556126697300399,0.011122533946008,"09",20,61,0,17935
"Connecticut","2023-09-30",0.0028782867944233,0.00863486038326989,0.00902764513772631,0.0180552902754526,"09",52,155,0,17935
"Connecticut","2023-10-07",0.00523915052763259,0.0157174515828978,0.0135686010886902,0.0271372021773805,"09",94,282,0,17935
"Connecticut","2023-10-14",0.00827278388349841,0.0248183516504952,0.019361158290469,0.038722316580938,"09",148,445,0,17935
"Connecticut","2023-10-21",0.0120126589478587,0.0360379768435762,0.0264940534810526,0.0529881069621053,"09",215,646,0,17935
"Connecticut","2023-10-28",0.016549228890411,0.049647686671233,0.0349494289955055,0.069898857991011,"09",297,890,0,17935
"Connecticut","2023-11-04",0.0220002515089718,0.0660007545269154,0.0445934970584663,0.0891869941169325,"09",395,1184,0,17935
"Connecticut","2023-11-11",0.0284637303279021,0.0853911909837061,0.0551694241643738,0.110338848328748,"09",510,1531,0,17935
"Connecticut","2023-11-18",0.0359888966702513,0.107966690010754,0.0663015463689229,0.132603092737846,"09",645,1936,0,17935
"Connecticut","2023-11-25",0.0445591426809665,0.133677428042899,0.0775439253134971,0.155087850626994,"09",799,2398,0,17935
"Connecticut","2023-12-02",0.0540813174984031,0.162243952495209,0.0884595343681148,0.17691906873623,"09",970,2910,0,17935
"Connecticut","2023-12-09",0.0643774123358509,0.193132237007553,0.0986916258227491,0.197383251645498,"09",1155,3464,0,17935
"Connecticut","2023-12-16",0.075184371288485,0.225553113865455,0.107994101040097,0.215988202080195,"09",1348,4045,0,17935
"Connecticut","2023-12-23",0.0861823342165797,0.258547002649739,0.116225601880957,0.232451203761914,"09",1546,4637,0,17935
"Connecticut","2023-12-30",0.0970431398860234,0.29112941965807,0.123333933041642,0.246667866083284,"09",1740,5221,0,17935
"Connecticut","2024-01-06",0.107475948567388,0.322427845702164,0.132267956069745,0.26453591213949,"09",1928,5783,0,17935
"Connecticut","2024-01-13",0.117250078316215,0.351750234948644,0.135783817747804,0.271567635495609,"09",2103,6309,0,17935
"Connecticut","2024-01-20",0.126197621189639,0.378592863568916,0.138766962170309,0.277533924340619,"09",2263,6790,0,17935
"Connecticut","2024-01-27",0.134210616133342,0.402631848400025,0.14127240090111,0.282544801802219,"09",2407,7221,0,17935
"Connecticut","2024-02-03",0.141235441287788,0.423706323863363,0.143362695712091,0.286725391424181,"09",2533,7599,0,17935
"Connecticut","2024-02-10",0.147263525980617,0.44179057794185,0.145200829419306,0.290401658838612,"09",2641,7924,0,17935
"Connecticut","2024-02-17",0.152320570603523,0.456961711810568,0.146815044535013,0.293630089070027,"09",2732,8196,0,17935
"Connecticut","2024-02-24",0.156459368956261,0.469378106868782,0.148179521364942,0.296359042729883,"09",2806,8418,0,17935
"Connecticut","2024-03-02",0.160586602909223,0.48175980872767,0.149268440214819,0.298536880429638,"09",2880,8640,0,17935
"Connecticut","2024-03-09",0.162327946711028,0.486983840133083,0.150087112429893,0.300174224859786,"09",2911,8734,0,17935
"Connecticut","2024-03-16",0.163707720845413,0.491123162536238,0.150733875524992,0.301467751049984,"09",2936,8808,0,17935
"Connecticut","2024-03-23",0.164887888150698,0.494663664452093,0.151307575538579,0.302615151077158,"09",2957,8872,0,17935
"Connecticut","2024-03-30",0.166030411465203,0.49809123439561,0.151906616286964,0.303813232573928,"09",2978,8933,0,17935
"Connecticut","2024-04-06",0.166030411465203,0.49809123439561,0.152507138612925,0.30501427722585,"09",2978,8933,0,17935
"Connecticut","2024-04-13",0.166030411465203,0.49809123439561,0.153027508417527,0.306055016835054,"09",2978,8933,0,17935
"Connecticut","2024-04-20",0.166030411465203,0.49809123439561,0.153609769187267,0.307219538374534,"09",2978,8933,0,17935
"Connecticut","2024-04-27",0.166030411465203,0.49809123439561,0.154399521134311,0.308799042268622,"09",2978,8933,0,17935
"Connecticut","2024-05-04",0.166030411465203,0.49809123439561,0.155898113207756,0.311796226415511,"09",2978,8933,0,17935
"Connecticut","2024-05-11",0.166030411465203,0.49809123439561,0.160304276557395,0.32060855311479,"09",2978,8933,0,17935
"Connecticut","2024-05-18",0.166030411465203,0.49809123439561,0.166082018859571,0.332164037719142,"09",2978,8933,0,17935
"Connecticut","2024-05-25",0.166030411465203,0.49809123439561,0.170929723736397,0.341859447472794,"09",2978,8933,0,17935
"Connecticut","2024-06-01",0.166030411465203,0.49809123439561,0.1726,0.3452,"09",2978,8933,0,17935
"Georgia","2023-08-05",0,0,0,0,"13",0,0,0,62477
"Georgia","2023-08-12",0,0,0,0,"13",0,0,0,62477
"Georgia","2023-08-19",0,0,0,0,"13",0,0,0,62477
"Georgia","2023-08-26",0,0,0,0,"13",0,0,0,62477
"Georgia","2023-09-02",0,0,0,0,"13",0,0,0,62477
"Georgia","2023-09-09",0,0,0.000348023004815152,0.000696046009630304,"13",0,0,0,62477
"Georgia","2023-09-16",0,0,0.00241543378379701,0.00483086756759402,"13",0,0,0,62477
"Georgia","2023-09-23",6.54657538335482e-05,0.000196397261500648,0.00519511551325293,0.0103902310265059,"13",4,12,0,62477
"Georgia","2023-09-30",0.00124628061301834,0.00373884183905503,0.00881213532561374,0.0176242706512275,"13",78,234,0,62477
"Georgia","2023-10-07",0.00292908307310907,0.00878724921932721,0.0133463356461993,0.0266926712923987,"13",183,549,0,62477
"Georgia","2023-10-14",0.00519261099486081,0.0155778329845824,0.0188234704798183,0.0376469409596367,"13",324,973,0,62477
"Georgia","2023-10-21",0.00808310692342175,0.0242493207702653,0.0252124878342325,0.050424975668465,"13",505,1515,0,62477
"Georgia","2023-10-28",0.0115953789203419,0.0347861367610258,0.0324255524191227,0.0648511048382454,"13",724,2173,0,62477
"Georgia","2023-11-04",0.0156738641430329,0.0470215924290986,0.0403190881835491,0.0806381763670981,"13",979,2938,0,62477
"Georgia","2023-11-11",0.0202316044752344,0.0606948134257032,0.0486952660824445,0.097390532164889,"13",1264,3792,0,62477
"Georgia","2023-11-18",0.0251676020884399,0.0755028062653196,0.0573089464678664,0.114617892935733,"13",1572,4717,0,62477
"Georgia","2023-11-25",0.0303786138801896,0.0911358416405689,0.0658923661261696,0.131784732252339,"13",1898,5694,0,62477
"Georgia","2023-12-02",0.0357664397502258,0.107299319250677,0.0741912736620917,0.148382547324183,"13",2235,6704,0,62477
"Georgia","2023-12-09",0.0412418229296552,0.123725468788966,0.0819967861440861,0.163993572288172,"13",2577,7730,0,62477
"Georgia","2023-12-16",0.0467262938850037,0.140178881655011,0.0891597062173592,0.178319412434718,"13",2919,8758,0,62477
"Georgia","2023-12-23",0.0521534299718117,0.156460289915435,0.0955903982001672,0.191180796400334,"13",3258,9775,0,62477
"Georgia","2023-12-30",0.0574695652452061,0.172408695735618,0.101255251237353,0.202510502474706,"13",3591,10772,0,62477
"Georgia","2024-01-06",0.0626332340390895,0.187899702117269,0.108633526549119,0.217267053098238,"13",3913,11739,0,62477
"Georgia","2024-01-13",0.0676125945757253,0.202837783727176,0.111504848993072,0.223009697986143,"13",4224,12673,0,62477
"Georgia","2024-01-20",0.0723808998462133,0.21714269953864,0.113952088643916,0.227904177287832,"13",4522,13566,0,62477
"Georgia","2024-01-27",0.0769112553355148,0.230733766006544,0.116197183507058,0.232394367014116,"13",4805,14416,0,62477
"Georgia","2024-02-03",0.0811720308497458,0.243516092549237,0.118446451092332,0.236892902184664,"13",5071,15214,0,62477
"Georgia","2024-02-10",0.0851244879513744,0.255373463854123,0.120604677816287,0.241209355632575,"13",5318,15955,0,62477
"Georgia","2024-02-17",0.08872495979574,0.26617487938722,0.122637768984149,0.245275537968298,"13",5543,16630,0,62477
"Georgia","2024-02-24",0.0919324928912696,0.275797478673809,0.124594536381087,0.249189072762174,"13",5744,17231,0,62477
"Georgia","2024-03-02",0.096445533980237,0.289336601940711,0.126523791792273,0.253047583584546,"13",6026,18077,0,62477
"Georgia","2024-03-09",0.0983995912324056,0.295198773697217,0.128546738203509,0.257093476407018,"13",6148,18443,0,62477
"Georgia","2024-03-16",0.100001680318897,0.300005040956692,0.130652091205399,0.261304182410799,"13",6248,18743,0,62477
"Georgia","2024-03-23",0.101413187699526,0.304239563098579,0.132573818980831,0.265147637961662,"13",6336,19008,0,62477
"Georgia","2024-03-30",0.102795499834107,0.30838649950232,0.134042797431437,0.268085594862873,"13",6422,19267,0,62477
"Georgia","2024-04-06",0.102795499834107,0.30838649950232,0.135036819683624,0.270073639367248,"13",6422,19267,0,62477
"Georgia","2024-04-13",0.102795499834107,0.30838649950232,0.13586879496039,0.27173758992078,"13",6422,19267,0,62477
"Georgia","2024-04-20",0.102795499834107,0.30838649950232,0.13656017525251,0.27312035050502,"13",6422,19267,0,62477
"Georgia","2024-04-27",0.102795499834107,0.30838649950232,0.137126522057312,0.274253044114625,"13",6422,19267,0,62477
"Georgia","2024-05-04",0.102795499834107,0.30838649950232,0.137577428713878,0.275154857427755,"13",6422,19267,0,62477
"Georgia","2024-05-11",0.102795499834107,0.30838649950232,0.137902864613745,0.27580572922749,"13",6422,19267,0,62477
"Georgia","2024-05-18",0.102795499834107,0.30838649950232,0.138171210478266,0.276342420956532,"13",6422,19267,0,62477
"Georgia","2024-05-25",0.102795499834107,0.30838649950232,0.138465107694124,0.276930215388248,"13",6422,19267,0,62477
"Georgia","2024-06-01",0.102795499834107,0.30838649950232,0.13886714596551,0.27773429193102,"13",6422,19267,0,62477
"Maryland","2023-08-05",0,0,0,0,"24",0,0,0,34579
"Maryland","2023-08-12",0,0,0,0,"24",0,0,0,34579
"Maryland","2023-08-19",0,0,0,0,"24",0,0,0,34579
"Maryland","2023-08-26",0,0,0,0,"24",0,0,0,34579
"Maryland","2023-09-02",0,0,0,0,"24",0,0,0,34579
"Maryland","2023-09-09",0,0,0.000621920439176482,0.00124384087835296,"24",0,0,0,34579
"Maryland","2023-09-16",0,0,0.00328817213140168,0.00657634426280336,"24",0,0,0,34579
"Maryland","2023-09-23",0,0,0.00685111274882629,0.0137022254976526,"24",0,0,0,34579
"Maryland","2023-09-30",0.00106078236791609,0.00318234710374828,0.011461318868919,0.0229226377378379,"24",37,110,0,34579
"Maryland","2023-10-07",0.0033900459023883,0.0101701377071649,0.0172035331344991,0.0344070662689983,"24",117,352,0,34579
"Maryland","2023-10-14",0.00660658239672102,0.0198197471901631,0.0240883442102793,0.0481766884205586,"24",228,685,0,34579
"Maryland","2023-10-21",0.0108107053091138,0.0324321159273414,0.0320523292268533,0.0641046584537065,"24",374,1121,0,34579
"Maryland","2023-10-28",0.0160388731923778,0.0481166195771335,0.0409602770866223,0.0819205541732446,"24",555,1664,0,34579
"Maryland","2023-11-04",0.0222652905883306,0.0667958717649919,0.0506080696633838,0.101216139326768,"24",770,2310,0,34579
"Maryland","2023-11-11",0.0294123882415718,0.0882371647247154,0.0607262397879096,0.121452479575819,"24",1017,3051,0,34579
"Maryland","2023-11-18",0.0373594380666113,0.112078314199834,0.0709910812028071,0.141982162405614,"24",1292,3876,0,34579
"Maryland","2023-11-25",0.0459484962868409,0.137845488860523,0.0810586006690766,0.162117201338153,"24",1589,4767,0,34579
"Maryland","2023-12-02",0.0549883375056107,0.164965012516832,0.0906123849382194,0.181224769876439,"24",1901,5704,0,34579
"Maryland","2023-12-09",0.0642578175637064,0.192773452691119,0.0994043118921811,0.198808623784362,"24",2222,6666,0,34579
"Maryland","2023-12-16",0.0735137155492798,0.220541146647839,0.107270555371727,0.214541110743453,"24",2542,7626,0,34579
"Maryland","2023-12-23",0.0825119368980839,0.247535810694252,0.114128087263856,0.228256174527712,"24",2853,8560,0,34579
"Maryland","2023-12-30",0.0910363890947978,0.273109167284393,0.119967373423406,0.239934746846812,"24",3148,9444,0,34579
"Maryland","2024-01-06",0.0989226951038411,0.296768085311523,0.127592680894642,0.255185361789284,"24",3421,10262,0,34579
"Maryland","2024-01-13",0.106065982215185,0.318197946645555,0.129825818459284,0.259651636918569,"24",3668,11003,0,34579
"Maryland","2024-01-20",0.112415832101768,0.337247496305302,0.131651073999628,0.263302147999257,"24",3887,11662,0,34579
"Maryland","2024-01-27",0.117968407406557,0.353905222219672,0.133335371823159,0.266670743646318,"24",4079,12238,0,34579
"Maryland","2024-02-03",0.12275751471625,0.368272544148749,0.135124209544616,0.270248419089232,"24",4245,12734,0,34579
"Maryland","2024-02-10",0.126843751859325,0.380531255577976,0.136864811180561,0.273729622361122,"24",4386,13158,0,34579
"Maryland","2024-02-17",0.130301988538661,0.390905965615982,0.138523836465058,0.277047672930116,"24",4506,13517,0,34579
"Maryland","2024-02-24",0.133209596700871,0.399628790102612,0.140186402134347,0.280372804268694,"24",4606,13819,0,34579
"Maryland","2024-03-02",0.134272450721041,0.402817352163124,0.141937624924667,0.283875249849334,"24",4643,13929,0,34579
"Maryland","2024-03-09",0.136696067356965,0.410088202070894,0.143914062763884,0.287828125527767,"24",4727,14180,0,34579
"Maryland","2024-03-16",0.139036583200116,0.417109749600349,0.146088123834041,0.292176247668082,"24",4808,14423,0,34579
"Maryland","2024-03-23",0.141041931939082,0.423125795817247,0.148199828769103,0.296399657538206,"24",4877,14631,0,34579
"Maryland","2024-03-30",0.142460047262449,0.427380141787348,0.149986586601782,0.299973173203564,"24",4926,14778,0,34579
"Maryland","2024-04-06",0.142460047262449,0.427380141787348,0.151373242141555,0.30274648428311,"24",4926,14778,0,34579
"Maryland","2024-04-13",0.142460047262449,0.427380141787348,0.152587390068664,0.305174780137328,"24",4926,14778,0,34579
"Maryland","2024-04-20",0.142460047262449,0.427380141787348,0.153670863350447,0.307341726700893,"24",4926,14778,0,34579
"Maryland","2024-04-27",0.142460047262449,0.427380141787348,0.154661309624633,0.309322619249266,"24",4926,14778,0,34579
"Maryland","2024-05-04",0.142460047262449,0.427380141787348,0.155589204922255,0.31117840984451,"24",4926,14778,0,34579
"Maryland","2024-05-11",0.142460047262449,0.427380141787348,0.156432423565059,0.312864847130117,"24",4926,14778,0,34579
"Maryland","2024-05-18",0.142460047262449,0.427380141787348,0.157211405611886,0.314422811223772,"24",4926,14778,0,34579
"Maryland","2024-05-25",0.142460047262449,0.427380141787348,0.157959084065842,0.315918168131684,"24",4926,14778,0,34579
"Maryland","2024-06-01",0.142460047262449,0.427380141787348,0.158707924041664,0.317415848083328,"24",4926,14778,0,34579
"Michigan","2023-08-05",0,0,0,0,"26",0,0,0,52302.5
"Michigan","2023-08-12",0,0,0,0,"26",0,0,0,52302.5
"Michigan","2023-08-19",0,0,0,0,"26",0,0,0,52302.5
"Michigan","2023-08-26",0,0,0,0,"26",0,0,0,52302.5
"Michigan","2023-09-02",0,0,0,0,"26",0,0,0,52302.5
"Michigan","2023-09-09",0,0,0.000377197292616206,0.000754394585232413,"26",0,0,0,52302.5
"Michigan","2023-09-16",0,0,0.00276981110981017,0.00553962221962033,"26",0,0,0,52302.5
"Michigan","2023-09-23",0.000786875707865945,0.00236062712359781,0.00599331652342966,0.0119866330468593,"26",41,123,0,52302.5
"Michigan","2023-09-30",0.00224950481881797,0.00674851445645387,0.0102120583512084,0.0204241167024167,"26",118,353,0,52302.5
"Michigan","2023-10-07",0.004244239219669,0.012732717659007,0.0155468119850575,0.0310936239701149,"26",222,666,0,52302.5
"Michigan","2023-10-14",0.00683032587724395,0.0204909776317318,0.0220529088523128,0.0441058177046256,"26",357,1072,0,52302.5
"Michigan","2023-10-21",0.0100338089652735,0.0301014268958203,0.0297090585184737,0.0594181170369474,"26",525,1574,0,52302.5
"Michigan","2023-10-28",0.0138765961344703,0.0416297884034108,0.0384127295125538,0.0768254590251077,"26",726,2177,0,52302.5
"Michigan","2023-11-04",0.0183724360278313,0.055117308083494,0.0479787621037403,0.0959575242074806,"26",961,2883,0,52302.5
"Michigan","2023-11-11",0.0235156108229847,0.0705468324689542,0.0581396324107044,0.116279264821409,"26",1230,3690,0,52302.5
"Michigan","2023-11-18",0.0292735446916545,0.0878206340749636,0.0685548747246426,0.137109749449285,"26",1531,4593,0,52302.5
"Michigan","2023-11-25",0.0355819955592003,0.106745986677601,0.0788492937061549,0.15769858741231,"26",1861,5583,0,52302.5
"Michigan","2023-12-02",0.042341781305593,0.127025343916779,0.0886695721690163,0.177339144338033,"26",2215,6644,0,52302.5
"Michigan","2023-12-09",0.0494167084731161,0.148250125419348,0.0977335559061504,0.195467111812301,"26",2585,7754,0,52302.5
"Michigan","2023-12-16",0.0566362533976368,0.16990876019291,0.105850653904429,0.211701307808858,"26",2962,8887,0,52302.5
"Michigan","2023-12-23",0.0638116093301972,0.191434827990592,0.112918990121612,0.225837980243224,"26",3338,10013,0,52302.5
"Michigan","2023-12-30",0.0707605192755451,0.212281557826635,0.11891779489598,0.23783558979196,"26",3701,11103,0,52302.5
"Michigan","2024-01-06",0.077329657256367,0.231988971769101,0.126887737539631,0.253775475079262,"26",4045,12134,0,52302.5
"Michigan","2024-01-13",0.0834051249036363,0.250215374710909,0.128968565585226,0.257937131170452,"26",4362,13087,0,52302.5
"Michigan","2024-01-20",0.0889132800461743,0.266739840138523,0.130647669897472,0.261295339794944,"26",4650,13951,0,52302.5
"Michigan","2024-01-27",0.093819443734455,0.281458331203365,0.132205730060153,0.264411460120306,"26",4907,14721,0,52302.5
"Michigan","2024-02-03",0.0981247569725326,0.294374270917598,0.133906444297181,0.267812888594362,"26",5132,15397,0,52302.5
"Michigan","2024-02-10",0.1018593160664,0.305577948199199,0.135656528722433,0.271313057444867,"26",5327,15982,0,52302.5
"Michigan","2024-02-17",0.105071441550894,0.315214324652683,0.137361413145766,0.274722826291533,"26",5495,16486,0,52302.5
"Michigan","2024-02-24",0.107816232846887,0.323448698540661,0.139007650070045,0.278015300140089,"26",5639,16917,0,52302.5
"Michigan","2024-03-02",0.10903969367745,0.327119081032351,0.140581791998133,0.281163583996266,"26",5703,17109,0,52302.5
"Michigan","2024-03-09",0.11133000019754,0.33399000059262,0.14210248265422,0.284204965308439,"26",5823,17469,0,52302.5
"Michigan","2024-03-16",0.113569542534239,0.340708627602718,0.143587280469358,0.287174560938717,"26",5940,17820,0,52302.5
"Michigan","2024-03-23",0.115586794621779,0.346760383865337,0.144983110653226,0.289966221306453,"26",6045,18136,0,52302.5
"Michigan","2024-03-30",0.117210230394389,0.351630691183168,0.146235868703553,0.292471737407106,"26",6130,18391,0,52302.5
"Michigan","2024-04-06",0.117210230394389,0.351630691183168,0.147340111839789,0.294680223679577,"26",6130,18391,0,52302.5
"Michigan","2024-04-13",0.117210230394389,0.351630691183168,0.148357154949807,0.296714309899615,"26",6130,18391,0,52302.5
"Michigan","2024-04-20",0.117210230394389,0.351630691183168,0.149291397246966,0.298582794493933,"26",6130,18391,0,52302.5
"Michigan","2024-04-27",0.117210230394389,0.351630691183168,0.150146081288155,0.30029216257631,"26",6130,18391,0,52302.5
"Michigan","2024-05-04",0.117210230394389,0.351630691183168,0.150921919757774,0.301843839515548,"26",6130,18391,0,52302.5
"Michigan","2024-05-11",0.117210230394389,0.351630691183168,0.151612634452934,0.303225268905868,"26",6130,18391,0,52302.5
"Michigan","2024-05-18",0.117210230394389,0.351630691183168,0.152247548480884,0.304495096961768,"26",6130,18391,0,52302.5
"Michigan","2024-05-25",0.117210230394389,0.351630691183168,0.152862242390696,0.305724484781392,"26",6130,18391,0,52302.5
"Michigan","2024-06-01",0.117210230394389,0.351630691183168,0.153491764757588,0.306983529515176,"26",6130,18391,0,52302.5
"Minnesota","2023-08-05",0,0,0,0,"27",0,0,0,32377.5
"Minnesota","2023-08-12",0,0,0,0,"27",0,0,0,32377.5
"Minnesota","2023-08-19",0,0,0,0,"27",0,0,0,32377.5
"Minnesota","2023-08-26",0,0,0,0,"27",0,0,0,32377.5
"Minnesota","2023-09-02",0,0,0,0,"27",0,0,0,32377.5
"Minnesota","2023-09-09",0,0,0,0,"27",0,0,0,32377.5
"Minnesota","2023-09-16",0,0,0.00183274474380089,0.00366548948760179,"27",0,0,0,32377.5
"Minnesota","2023-09-23",0,0,0.00498107639106294,0.00996215278212587,"27",0,0,0,32377.5
"Minnesota","2023-09-30",0.000287215572686791,0.000861646718060345,0.00919591818025592,0.0183918363605118,"27",9,28,0,32377.5
"Minnesota","2023-10-07",0.00177185176758977,0.00531555530276927,0.0146098887947755,0.029219777589551,"27",57,172,0,32377.5
"Minnesota","2023-10-14",0.00387088408935587,0.0116126522680675,0.0212836739060204,0.0425673478120409,"27",125,376,0,32377.5
"Minnesota","2023-10-21",0.00667695874387232,0.0200308762316169,0.0291953373828033,0.0583906747656067,"27",216,649,0,32377.5
"Minnesota","2023-10-28",0.0102783283393388,0.0308349850180162,0.0382362798943099,0.0764725597886198,"27",333,998,0,32377.5
"Minnesota","2023-11-04",0.0147444853421237,0.0442334560263711,0.0482103002535453,0.0964206005070906,"27",477,1432,0,32377.5
"Minnesota","2023-11-11",0.0201115221205748,0.0603345663617244,0.0588340583180216,0.117668116636043,"27",651,1953,0,32377.5
"Minnesota","2023-11-18",0.0263739096091639,0.0791217288274917,0.0697467581710254,0.139493516342051,"27",854,2562,0,32377.5
"Minnesota","2023-11-25",0.0334800039964201,0.10044001198926,0.0805496368047843,0.161099273609569,"27",1084,3252,0,32377.5
"Minnesota","2023-12-02",0.0413290311338685,0.123987093401605,0.0908646387141187,0.181729277428237,"27",1338,4014,0,32377.5
"Minnesota","2023-12-09",0.0497682466376167,0.14930473991285,0.100385712723342,0.200771425446683,"27",1611,4834,0,32377.5
"Minnesota","2023-12-16",0.0585938614523578,0.175781584357073,0.10890056567308,0.21780113134616,"27",1897,5691,0,32377.5
"Minnesota","2023-12-23",0.0675663683753181,0.202699105125954,0.116289104693364,0.232578209386727,"27",2188,6563,0,32377.5
"Minnesota","2023-12-30",0.0764364401127027,0.229309320338108,0.122517528122507,0.245035056245014,"27",2475,7424,0,32377.5
"Minnesota","2024-01-06",0.0849700949621866,0.25491028488656,0.131059137905998,0.262118275811997,"27",2751,8253,0,32377.5
"Minnesota","2024-01-13",0.0929643132865106,0.278892939859532,0.133134195472717,0.266268390945434,"27",3010,9030,0,32377.5
"Minnesota","2024-01-20",0.100257863157698,0.300773589473093,0.134780453794169,0.269560907588338,"27",3246,9738,0,32377.5
"Minnesota","2024-01-27",0.106743897782719,0.320231693348157,0.136204477904068,0.272408955808136,"27",3456,10368,0,32377.5
"Minnesota","2024-02-03",0.11237860192184,0.337135805765518,0.137596713068657,0.275193426137313,"27",3639,10916,0,32377.5
"Minnesota","2024-02-10",0.117177677065396,0.351533031196188,0.138854863140952,0.277709726281903,"27",3794,11382,0,32377.5
"Minnesota","2024-02-17",0.121199601807572,0.363598805422715,0.139982474156097,0.279964948312195,"27",3924,11772,0,32377.5
"Minnesota","2024-02-24",0.12452596353564,0.373577890606919,0.141074336007093,0.282148672014186,"27",4032,12096,0,32377.5
"Minnesota","2024-03-02",0.1260525816953,0.3781577450859,0.142225238586938,0.284450477173877,"27",4081,12244,0,32377.5
"Minnesota","2024-03-09",0.128298856561886,0.384896569685657,0.14350878946072,0.28701757892144,"27",4154,12462,0,32377.5
"Minnesota","2024-03-16",0.130440713082408,0.391322139247223,0.14487218335257,0.289744366705139,"27",4223,12670,0,32377.5
"Minnesota","2024-03-23",0.132418197689377,0.39725459306813,0.146215959348798,0.292431918697596,"27",4287,12862,0,32377.5
"Minnesota","2024-03-30",0.134171356815302,0.402514070445907,0.147440583969864,0.294881167939727,"27",4344,13032,0,32377.5
"Minnesota","2024-04-06",0.134171356815302,0.402514070445907,0.14851641401323,0.297032828026459,"27",4344,13032,0,32377.5
"Minnesota","2024-04-13",0.134171356815302,0.402514070445907,0.149520902619952,0.299041805239903,"27",4344,13032,0,32377.5
"Minnesota","2024-04-20",0.134171356815302,0.402514070445907,0.150457987285165,0.30091597457033,"27",4344,13032,0,32377.5
"Minnesota","2024-04-27",0.134171356815302,0.402514070445907,0.151330010624753,0.302660021249506,"27",4344,13032,0,32377.5
"Minnesota","2024-05-04",0.134171356815302,0.402514070445907,0.152154597179015,0.30430919435803,"27",4344,13032,0,32377.5
"Minnesota","2024-05-11",0.134171356815302,0.402514070445907,0.153016433378227,0.306032866756453,"27",4344,13032,0,32377.5
"Minnesota","2024-05-18",0.134171356815302,0.402514070445907,0.153829355092273,0.307658710184546,"27",4344,13032,0,32377.5
"Minnesota","2024-05-25",0.134171356815302,0.402514070445907,0.154473372793806,0.308946745587612,"27",4344,13032,0,32377.5
"Minnesota","2024-06-01",0.134171356815302,0.402514070445907,0.154832319096485,0.30966463819297,"27",4344,13032,0,32377.5
"New Mexico","2023-08-05",0,0,0,0,"35",0,0,0,10415
"New Mexico","2023-08-12",0,0,0,0,"35",0,0,0,10415
"New Mexico","2023-08-19",0,0,0,0,"35",0,0,0,10415
"New Mexico","2023-08-26",0,0,0,0,"35",0,0,0,10415
"New Mexico","2023-09-02",0,0,0,0,"35",0,0,0,10415
"New Mexico","2023-09-09",3.22169362001341e-05,9.66508086003867e-05,0.000398731111111538,0.000797462222223076,"35",0,1,0,10415
"New Mexico","2023-09-16",0.000941868045024594,0.00282560413507376,0.00269892354090606,0.00539784708181211,"35",10,29,0,10415
"New Mexico","2023-09-23",0.00218021086759452,0.00654063260278355,0.00579012799130086,0.0115802559826017,"35",23,68,0,10415
"New Mexico","2023-09-30",0.00380821379589115,0.0114246413876734,0.00981075983031508,0.0196215196606302,"35",40,119,0,10415
"New Mexico","2023-10-07",0.00586273397375794,0.0175882019212738,0.0148481482113599,0.0296962964227198,"35",61,183,0,10415
"New Mexico","2023-10-14",0.00833896703735569,0.0250169011120671,0.0209280605663907,0.0418561211327814,"35",87,261,0,10415
"New Mexico","2023-10-21",0.01119816465129,0.03359449395387,0.0280111402463657,0.0560222804927313,"35",117,350,0,10415
"New Mexico","2023-10-28",0.0144572750210432,0.0433718250631295,0.0359924914718483,0.0719849829436966,"35",151,452,0,10415
"New Mexico","2023-11-04",0.018174872960006,0.054524618880018,0.0447025320816365,0.089405064163273,"35",189,568,0,10415
"New Mexico","2023-11-11",0.0224160922222846,0.0672482766668537,0.0539085619444785,0.107817123888957,"35",233,700,0,10415
"New Mexico","2023-11-18",0.0272297951416203,0.0816893854248609,0.0633229689004038,0.126645937800808,"35",284,851,0,10415
"New Mexico","2023-11-25",0.0326341452731364,0.0979024358194093,0.072632342827172,0.145264685654344,"35",340,1020,0,10415
"New Mexico","2023-12-02",0.0386069082611544,0.115820724783463,0.081539965557727,0.163079931115454,"35",402,1206,0,10415
"New Mexico","2023-12-09",0.0450776471462548,0.135232941438764,0.0898031144461452,0.17960622889229,"35",469,1408,0,10415
"New Mexico","2023-12-16",0.0519245158157243,0.155773547447173,0.0972498480024532,0.194499696004906,"35",541,1622,0,10415
"New Mexico","2023-12-23",0.058987018610782,0.176961055832346,0.103780216744662,0.207560433489323,"35",614,1843,0,10415
"New Mexico","2023-12-30",0.0660906052866504,0.198271815859951,0.109364926857322,0.218729853714644,"35",688,2065,0,10415
"New Mexico","2024-01-06",0.0730707360264023,0.219212208079207,0.117156336439269,0.234312672878539,"35",761,2283,0,10415
"New Mexico","2024-01-13",0.0797856591987321,0.239356977596196,0.119045512664376,0.238091025328752,"35",831,2493,0,10415
"New Mexico","2024-01-20",0.0861185945111562,0.258355783533469,0.120559068516654,0.241118137033308,"35",897,2691,0,10415
"New Mexico","2024-01-27",0.0919768116643322,0.275930434992997,0.12201645107623,0.24403290215246,"35",958,2874,0,10415
"New Mexico","2024-02-03",0.0972895302717152,0.291868590815145,0.123720858321112,0.247441716642225,"35",1013,3040,0,10415
"New Mexico","2024-02-10",0.102005058045479,0.306015174136437,0.125602906963128,0.251205813926256,"35",1062,3187,0,10415
"New Mexico","2024-02-17",0.106089615250115,0.318268845750345,0.127520049256359,0.255040098512718,"35",1105,3315,0,10415
"New Mexico","2024-02-24",0.109530713323241,0.328592139969723,0.129397796393527,0.258795592787053,"35",1141,3422,0,10415
"New Mexico","2024-03-02",0.114251815158464,0.342755445475393,0.131161659567352,0.262323319134704,"35",1190,3570,0,10415
"New Mexico","2024-03-09",0.115515493581583,0.346546480744748,0.132771390544747,0.265542781089495,"35",1203,3609,0,10415
"New Mexico","2024-03-16",0.116453880390142,0.349361641170427,0.134280704439385,0.26856140887877,"35",1213,3639,0,10415
"New Mexico","2024-03-23",0.117288616046027,0.351865848138082,0.135737745552583,0.271475491105167,"35",1222,3665,0,10415
"New Mexico","2024-03-30",0.118241341011122,0.354724023033365,0.137190122355467,0.274380244710933,"35",1231,3694,0,10415
"New Mexico","2024-04-06",0.118241341011122,0.354724023033365,0.138700469792961,0.277400939585922,"35",1231,3694,0,10415
"New Mexico","2024-04-13",0.118241341011122,0.354724023033365,0.140258182493237,0.280516364986473,"35",1231,3694,0,10415
"New Mexico","2024-04-20",0.118241341011122,0.354724023033365,0.141766216016884,0.283532432033768,"35",1231,3694,0,10415
"New Mexico","2024-04-27",0.118241341011122,0.354724023033365,0.143126613401923,0.286253226803845,"35",1231,3694,0,10415
"New Mexico","2024-05-04",0.118241341011122,0.354724023033365,0.144255668245007,0.288511336490013,"35",1231,3694,0,10415
"New Mexico","2024-05-11",0.118241341011122,0.354724023033365,0.145220720708627,0.290441441417254,"35",1231,3694,0,10415
"New Mexico","2024-05-18",0.118241341011122,0.354724023033365,0.146087339900061,0.292174679800121,"35",1231,3694,0,10415
"New Mexico","2024-05-25",0.118241341011122,0.354724023033365,0.146903714081723,0.293807428163445,"35",1231,3694,0,10415
"New Mexico","2024-06-01",0.118241341011122,0.354724023033365,0.147717373770861,0.295434747541722,"35",1231,3694,0,10415
"New York","2023-08-05",0,0,0,0,"36",0,0,0,107373
"New York","2023-08-12",0,0,0,0,"36",0,0,0,107373
"New York","2023-08-19",0,0,0,0,"36",0,0,0,107373
"New York","2023-08-26",0,0,0,0,"36",0,0,0,107373
"New York","2023-09-02",0,0,0,0,"36",0,0,0,107373
"New York","2023-09-09",0,0,0.000440091807228842,0.000880183614457684,"36",0,0,0,107373
"New York","2023-09-16",0,0,0.00279583383529737,0.00559166767059474,"36",0,0,0,107373
"New York","2023-09-23",0,0,0.00595767665723935,0.0119153533144787,"36",0,0,0,107373
"New York","2023-09-30",0.00103760307969825,0.00311280923909475,0.0100642258285262,0.0201284516570525,"36",111,334,0,107373
"New York","2023-10-07",0.00328003879603612,0.00984011638810837,0.015195275063039,0.030390550126078,"36",352,1057,0,107373
"New York","2023-10-14",0.0063746167732669,0.0191238503198007,0.0213644092619914,0.0427288185239828,"36",684,2053,0,107373
"New York","2023-10-21",0.0104170167151327,0.0312510501453983,0.0285196011301225,0.057039202260245,"36",1119,3356,0,107373
"New York","2023-10-28",0.0154380735454283,0.0463142206362849,0.0365455944331272,0.0730911888662544,"36",1658,4973,0,107373
"New York","2023-11-04",0.0213949253200747,0.0641847759602242,0.0452667178033611,0.0905334356067223,"36",2297,6892,0,107373
"New York","2023-11-11",0.0281896427547938,0.0845689282643816,0.0544500444648971,0.108900088929794,"36",3027,9080,0,107373
"New York","2023-11-18",0.0356881705290629,0.107064511587189,0.0638146805024184,0.127629361004837,"36",3832,11496,0,107373
"New York","2023-11-25",0.0437329780038033,0.13119893401141,0.0730602755056958,0.146120551011392,"36",4696,14087,0,107373
"New York","2023-12-02",0.0521507460786791,0.156452238236037,0.0819075217720179,0.163815043544036,"36",5600,16799,0,107373
"New York","2023-12-09",0.0607568181996785,0.182270454599035,0.0901331841668457,0.180266368333691,"36",6524,19571,0,107373
"New York","2023-12-16",0.0693595113312768,0.208078533993831,0.0975850811265634,0.195170162253127,"36",7447,22342,0,107373
"New York","2023-12-23",0.0777686286550855,0.233305885965256,0.104181125949321,0.208362251898642,"36",8350,25051,0,107373
"New York","2023-12-30",0.0858067153097221,0.257420145929166,0.109905037642455,0.219810075284909,"36",9213,27640,0,107373
"New York","2024-01-06",0.0933187983312547,0.279956394993764,0.117546406406248,0.235092812812497,"36",10020,30060,0,107373
"New York","2024-01-13",0.10017793286847,0.300533798605409,0.119954735723496,0.239909471446992,"36",10756,32269,0,107373
"New York","2024-01-20",0.106291416014591,0.318874248043774,0.121960885720103,0.243921771440205,"36",11413,34238,0,107373
"New York","2024-01-27",0.111610674537075,0.334832023611224,0.123889693539663,0.247779387079326,"36",11984,35952,0,107373
"New York","2024-02-03",0.11613830654707,0.34841491964121,0.126041265154956,0.252082530309912,"36",12470,37410,0,107373
"New York","2024-02-10",0.119924190799164,0.359772572397493,0.128243373106247,0.256486746212494,"36",12877,38630,0,107373
"New York","2024-02-17",0.123049451484825,0.369148354454474,0.130432314806989,0.260864629613978,"36",13212,39637,0,107373
"New York","2024-02-24",0.125607940991444,0.376823822974332,0.132677213072568,0.265354426145136,"36",13487,40461,0,107373
"New York","2024-03-02",0.125931496474308,0.377794489422923,0.135047190718372,0.270094381436744,"36",13522,40565,0,107373
"New York","2024-03-09",0.127887434243151,0.383662302729452,0.137822800439237,0.275645600878474,"36",13732,41195,0,107373
"New York","2024-03-16",0.129865087928722,0.389595263786165,0.141026038990757,0.282052077981514,"36",13944,41832,0,107373
"New York","2024-03-23",0.131697571949662,0.395092715848985,0.14402907976944,0.28805815953888,"36",14141,42422,0,107373
"New York","2024-03-30",0.133218000724613,0.399654002173839,0.146195824408081,0.292391648816162,"36",14304,42912,0,107373
"New York","2024-04-06",0.133218000724613,0.399654002173839,0.147379969065768,0.294759938131536,"36",14304,42912,0,107373
"New York","2024-04-13",0.133218000724613,0.399654002173839,0.148239102240346,0.296478204480692,"36",14304,42912,0,107373
"New York","2024-04-20",0.133218000724613,0.399654002173839,0.148954759811662,0.297909519623325,"36",14304,42912,0,107373
"New York","2024-04-27",0.133218000724613,0.399654002173839,0.149697616381803,0.299395232763606,"36",14304,42912,0,107373
"New York","2024-05-04",0.133218000724613,0.399654002173839,0.150639163937331,0.301278327874662,"36",14304,42912,0,107373
"New York","2024-05-11",0.133218000724613,0.399654002173839,0.151826398348951,0.303652796697902,"36",14304,42912,0,107373
"New York","2024-05-18",0.133218000724613,0.399654002173839,0.153069189361673,0.306138378723346,"36",14304,42912,0,107373
"New York","2024-05-25",0.133218000724613,0.399654002173839,0.154155104212112,0.308310208424224,"36",14304,42912,0,107373
"New York","2024-06-01",0.133218000724613,0.399654002173839,0.154877411677266,0.309754823354532,"36",14304,42912,0,107373
"Oregon","2023-08-05",0,0,0,0,"41",0,0,0,20526
"Oregon","2023-08-12",0,0,0,0,"41",0,0,0,20526
"Oregon","2023-08-19",0,0,0,0,"41",0,0,0,20526
"Oregon","2023-08-26",0,0,0,0,"41",0,0,0,20526
"Oregon","2023-09-02",0,0,0,0,"41",0,0,0,20526
"Oregon","2023-09-09",0,0,0.000781690054401609,0.00156338010880322,"41",0,0,0,20526
"Oregon","2023-09-16",0,0,0.00288442851225636,0.00576885702451271,"41",0,0,0,20526
"Oregon","2023-09-23",0,0,0.00566623137298343,0.0113324627459669,"41",0,0,0,20526
"Oregon","2023-09-30",0,0,0.00927946436259486,0.0185589287251897,"41",0,0,0,20526
"Oregon","2023-10-07",0.000991066770673658,0.00297320031202094,0.0138543646936876,0.0277087293873752,"41",20,61,0,20526
"Oregon","2023-10-14",0.00279246955499446,0.00837740866498335,0.0194698920710833,0.0389397841421667,"41",57,172,0,20526
"Oregon","2023-10-21",0.0052605375518159,0.0157816126554476,0.0261377023461868,0.0522754046923735,"41",108,324,0,20526
"Oregon","2023-10-28",0.00846247383324755,0.0253874214997426,0.0337943891813366,0.0675887783626733,"41",174,521,0,20526
"Oregon","2023-11-04",0.0124226693923358,0.0372680081770073,0.0422978470594141,0.0845956941188282,"41",255,765,0,20526
"Oregon","2023-11-11",0.0171272560501514,0.051381768150454,0.051425263014521,0.102850526029042,"41",352,1055,0,20526
"Oregon","2023-11-18",0.0225314808530302,0.0675944425590904,0.0608792024373429,0.121758404874686,"41",462,1387,0,20526
"Oregon","2023-11-25",0.0285648946058701,0.0856946838176103,0.0703208539217284,0.140641707843457,"41",586,1759,0,20526
"Oregon","2023-12-02",0.0351342513805202,0.105402754141561,0.0794214855718604,0.158842971143721,"41",721,2163,0,20526
"Oregon","2023-12-09",0.042124432678766,0.126373298036298,0.087908677881733,0.175817355763466,"41",865,2594,0,20526
"Oregon","2023-12-16",0.0493992388781117,0.148197716634335,0.0955876541752299,0.19117530835046,"41",1014,3042,0,20526
"Oregon","2023-12-23",0.0568059048068962,0.170417714420689,0.10234256487934,0.20468512975868,"41",1166,3498,0,20526
"Oregon","2023-12-30",0.0641826737798725,0.192548021339618,0.10813366576707,0.216267331534139,"41",1317,3952,0,20526
"Oregon","2024-01-06",0.0713665128308361,0.214099538492508,0.116241626948275,0.23248325389655,"41",1465,4395,0,20526
"Oregon","2024-01-13",0.0781996055313371,0.234598816594011,0.118245899210763,0.236491798421527,"41",1605,4815,0,20526
"Oregon","2024-01-20",0.0845395567263404,0.253618670179021,0.119858890413982,0.239717780827964,"41",1735,5206,0,20526
"Oregon","2024-01-27",0.0902750463644586,0.270825139093376,0.121388296960571,0.242776593921142,"41",1853,5559,0,20526
"Oregon","2024-02-03",0.0953394292319212,0.286018287695763,0.12312571228176,0.246251424563519,"41",1957,5871,0,20526
"Oregon","2024-02-10",0.0997135142698161,0.299140542809448,0.124998577078315,0.24999715415663,"41",2047,6140,0,20526
"Oregon","2024-02-17",0.103415986082921,0.310247958248763,0.126873611209884,0.253747222419768,"41",2123,6368,0,20526
"Oregon","2024-02-24",0.106490933117974,0.319472799353921,0.128686548649109,0.257373097298219,"41",2186,6557,0,20526
"Oregon","2024-03-02",0.108944617316737,0.32683385195021,0.130373123368635,0.260746246737271,"41",2236,6709,0,20526
"Oregon","2024-03-09",0.110607487322633,0.3318224619679,0.131925941416626,0.263851882833253,"41",2270,6811,0,20526
"Oregon","2024-03-16",0.112036999576674,0.336110998730022,0.133401047438366,0.266802094876732,"41",2300,6899,0,20526
"Oregon","2024-03-23",0.113423590343357,0.34027077103007,0.134777267738844,0.269554535477688,"41",2328,6984,0,20526
"Oregon","2024-03-30",0.11495769588718,0.34487308766154,0.13603199052424,0.27206398104848,"41",2360,7079,0,20526
"Oregon","2024-04-06",0.11495769588718,0.34487308766154,0.13715512970111,0.27431025940222,"41",2360,7079,0,20526
"Oregon","2024-04-13",0.11495769588718,0.34487308766154,0.138178572151756,0.276357144303512,"41",2360,7079,0,20526
"Oregon","2024-04-20",0.11495769588718,0.34487308766154,0.139137743070568,0.278275486141136,"41",2360,7079,0,20526
"Oregon","2024-04-27",0.11495769588718,0.34487308766154,0.140067916606778,0.280135833213556,"41",2360,7079,0,20526
"Oregon","2024-05-04",0.11495769588718,0.34487308766154,0.141019977153793,0.282039954307585,"41",2360,7079,0,20526
"Oregon","2024-05-11",0.11495769588718,0.34487308766154,0.142084336746705,0.28416867349341,"41",2360,7079,0,20526
"Oregon","2024-05-18",0.11495769588718,0.34487308766154,0.143125310741229,0.286250621482458,"41",2360,7079,0,20526
"Oregon","2024-05-25",0.11495769588718,0.34487308766154,0.143968026381621,0.287936052763241,"41",2360,7079,0,20526
"Oregon","2024-06-01",0.11495769588718,0.34487308766154,0.144442745001718,0.288885490003435,"41",2360,7079,0,20526
"Tennessee","2023-08-05",0,0,0,0,"47",0,0,0,40730
"Tennessee","2023-08-12",0,0,0,0,"47",0,0,0,40730
"Tennessee","2023-08-19",0,0,0,0,"47",0,0,0,40730
"Tennessee","2023-08-26",0,0,0,0,"47",0,0,0,40730
"Tennessee","2023-09-02",0,0,0,0,"47",0,0,0,40730
"Tennessee","2023-09-09",0,0,0.00121710606670004,0.00243421213340008,"47",0,0,0,40730
"Tennessee","2023-09-16",0,0,0.00306522094569525,0.0061304418913905,"47",0,0,0,40730
"Tennessee","2023-09-23",0.000656173556788163,0.00196852067036449,0.00545301566647647,0.0109060313329529,"47",27,80,0,40730
"Tennessee","2023-09-30",0.00186819613271304,0.00560458839813913,0.00853992364288252,0.017079847285765,"47",76,228,0,40730
"Tennessee","2023-10-07",0.00352062953205742,0.0105618885961723,0.0124902476866426,0.0249804953732851,"47",143,430,0,40730
"Tennessee","2023-10-14",0.00566234584625904,0.0169870375387771,0.0174270196888271,0.0348540393776542,"47",231,692,0,40730
"Tennessee","2023-10-21",0.00831976994584596,0.0249593098375379,0.0234058956866283,0.0468117913732566,"47",339,1017,0,40730
"Tennessee","2023-10-28",0.011537942100154,0.0346138263004621,0.0304019572932759,0.0608039145865518,"47",470,1410,0,40730
"Tennessee","2023-11-04",0.0153659453984692,0.0460978361954076,0.0383029908452023,0.0766059816904045,"47",626,1878,0,40730
"Tennessee","2023-11-11",0.0198336476207342,0.0595009428622025,0.0469047499730266,0.0938094999460532,"47",808,2423,0,40730
"Tennessee","2023-11-18",0.0249374168260909,0.0748122504782727,0.0559150783078875,0.111830156615775,"47",1016,3047,0,40730
"Tennessee","2023-11-25",0.0306319607917932,0.0918958823753796,0.0649906456852755,0.129981291370551,"47",1248,3743,0,40730
"Tennessee","2023-12-02",0.0368257891580243,0.110477367474073,0.0737961159816349,0.14759223196327,"47",1500,4500,0,40730
"Tennessee","2023-12-09",0.0433788450298694,0.130136535089608,0.0820576942036117,0.164115388407223,"47",1767,5300,0,40730
"Tennessee","2023-12-16",0.0501070294349692,0.150321088304908,0.0895869405354337,0.179173881070867,"47",2041,6123,0,40730
"Tennessee","2023-12-23",0.0568067537749036,0.170420261324711,0.0962785730770564,0.192557146154113,"47",2314,6941,0,40730
"Tennessee","2023-12-30",0.0632920570978824,0.189876171293647,0.102101389627991,0.204202779255982,"47",2578,7734,0,40730
"Tennessee","2024-01-06",0.0694262571841374,0.208278771552412,0.109843236632449,0.219686473264898,"47",2828,8483,0,40730
"Tennessee","2024-01-13",0.0751322410017173,0.225396723005152,0.112442337697872,0.224884675395744,"47",3060,9180,0,40730
"Tennessee","2024-01-20",0.080382209611234,0.241146628833702,0.114639217202656,0.229278434405312,"47",3274,9822,0,40730
"Tennessee","2024-01-27",0.0851801519300218,0.255540455790065,0.116687474495045,0.23337494899009,"47",3469,10408,0,40730
"Tennessee","2024-02-03",0.0895442019635581,0.268632605890674,0.118819921167397,0.237639842334794,"47",3647,10941,0,40730
"Tennessee","2024-02-10",0.0934933728213165,0.280480118463949,0.120886458677934,0.241772917355867,"47",3808,11424,0,40730
"Tennessee","2024-02-17",0.0970412556055356,0.291123766816607,0.122860956133323,0.245721912266647,"47",3952,11857,0,40730
"Tennessee","2024-02-24",0.100195232346724,0.300585697040172,0.124833283552534,0.249666567105068,"47",4081,12243,0,40730
"Tennessee","2024-03-02",0.102980727432827,0.30894218229848,0.126893310954533,0.253786621909065,"47",4194,12583,0,40730
"Tennessee","2024-03-09",0.105735416503736,0.317206249511209,0.129227718356314,0.258455436712628,"47",4307,12920,0,40730
"Tennessee","2024-03-16",0.108301198479621,0.324903595438862,0.131813961271794,0.263627922543588,"47",4411,13233,0,40730
"Tennessee","2024-03-23",0.110384924058893,0.33115477217668,0.134265303473333,0.268530606946666,"47",4496,13488,0,40730
"Tennessee","2024-03-30",0.111693443939967,0.335080331819901,0.136190683746155,0.272381367492311,"47",4549,13648,0,40730
"Tennessee","2024-04-06",0.111693443939967,0.335080331819901,0.137543874095845,0.27508774819169,"47",4549,13648,0,40730
"Tennessee","2024-04-13",0.111693443939967,0.335080331819901,0.138725370740823,0.277450741481647,"47",4549,13648,0,40730
"Tennessee","2024-04-20",0.111693443939967,0.335080331819901,0.139713017869357,0.279426035738714,"47",4549,13648,0,40730
"Tennessee","2024-04-27",0.111693443939967,0.335080331819901,0.140476307340145,0.28095261468029,"47",4549,13648,0,40730
"Tennessee","2024-05-04",0.111693443939967,0.335080331819901,0.141009412037233,0.282018824074465,"47",4549,13648,0,40730
"Tennessee","2024-05-11",0.111693443939967,0.335080331819901,0.141474278988994,0.282948557977989,"47",4549,13648,0,40730
"Tennessee","2024-05-18",0.111693443939967,0.335080331819901,0.141862773106067,0.283725546212135,"47",4549,13648,0,40730
"Tennessee","2024-05-25",0.111693443939967,0.335080331819901,0.142121644261623,0.284243288523246,"47",4549,13648,0,40730
"Tennessee","2024-06-01",0.111693443939967,0.335080331819901,0.1422,0.2844,"47",4549,13648,0,40730
"Utah","2023-08-05",0,0,0,0,"49",0,0,0,23339.5
"Utah","2023-08-12",0,0,0,0,"49",0,0,0,23339.5
"Utah","2023-08-19",0,0,0,0,"49",0,0,0,23339.5
"Utah","2023-08-26",0,0,0,0,"49",0,0,0,23339.5
"Utah","2023-09-02",0,0,0,0,"49",0,0,0,23339.5
"Utah","2023-09-09",0,0,6.29890842375829e-05,0.000125978168475166,"49",0,0,0,23339.5
"Utah","2023-09-16",0,0,0.00231922631923264,0.00463845263846528,"49",0,0,0,23339.5
"Utah","2023-09-23",0.000317850815521746,0.000953552446565233,0.00539286870840592,0.0107857374168118,"49",7,22,0,23339.5
"Utah","2023-09-30",0.00149629821171387,0.00448889463514162,0.00943605302425982,0.0188721060485196,"49",35,105,0,23339.5
"Utah","2023-10-07",0.00314363846773686,0.00943091540321058,0.0145461688427892,0.0290923376855783,"49",73,220,0,23339.5
"Utah","2023-10-14",0.00532475487031153,0.0159742646109346,0.0207507444361135,0.041501488872227,"49",124,373,0,23339.5
"Utah","2023-10-21",0.00808939911377679,0.0242681973413304,0.0280040448705642,0.0560080897411285,"49",189,566,0,23339.5
"Utah","2023-10-28",0.0115232523932147,0.034569757179644,0.0361879207360004,0.0723758414720008,"49",269,807,0,23339.5
"Utah","2023-11-04",0.0157220102524308,0.0471660307572925,0.0451139529560566,0.0902279059121133,"49",367,1101,0,23339.5
"Utah","2023-11-11",0.0207559721340744,0.0622679164022232,0.054526453093688,0.109052906187376,"49",484,1453,0,23339.5
"Utah","2023-11-18",0.0266487423712343,0.0799462271137028,0.0641130475715751,0.12822609514315,"49",622,1866,0,23339.5
"Utah","2023-11-25",0.0333652548744209,0.100095764623263,0.0735386287282998,0.1470772574566,"49",779,2336,0,23339.5
"Utah","2023-12-02",0.0408048184495638,0.122414455348691,0.0824937158065474,0.164987431613095,"49",952,2857,0,23339.5
"Utah","2023-12-09",0.0487962996053552,0.146388898816065,0.0907357864409738,0.181471572881948,"49",1139,3417,0,23339.5
"Utah","2023-12-16",0.0571009136090014,0.171302740827004,0.0981056727877779,0.196211345575556,"49",1333,3998,0,23339.5
"Utah","2023-12-23",0.0654402333045488,0.196320699913646,0.104524105873994,0.209048211747987,"49",1527,4582,0,23339.5
"Utah","2023-12-30",0.073541449437417,0.220624348312251,0.109984256420042,0.219968512840084,"49",1716,5149,0,23339.5
"Utah","2024-01-06",0.0811785735270526,0.243535720581158,0.117170078668902,0.234340157337804,"49",1895,5684,0,23339.5
"Utah","2024-01-13",0.0881913765769567,0.26457412973087,0.119111656848675,0.238223313697351,"49",2058,6175,0,23339.5
"Utah","2024-01-20",0.0944851473300443,0.283455441990132,0.120691572746532,0.241383145493064,"49",2205,6616,0,23339.5
"Utah","2024-01-27",0.100025443433018,0.300076330299055,0.122201938205558,0.244403876411116,"49",2335,7004,0,23339.5
"Utah","2024-02-03",0.104830003241703,0.314490009725109,0.123914917697911,0.247829835395822,"49",2447,7340,0,23339.5
"Utah","2024-02-10",0.10895617089849,0.32686851269547,0.125703972043379,0.251407944086759,"49",2543,7629,0,23339.5
"Utah","2024-02-17",0.112483829726381,0.337451489179144,0.127488932914158,0.254977865828315,"49",2625,7876,0,23339.5
"Utah","2024-02-24",0.115497481072299,0.346492443216898,0.12929129105237,0.25858258210474,"49",2696,8087,0,23339.5
"Utah","2024-03-02",0.115736641970212,0.347209925910635,0.131132537200143,0.262265074400286,"49",2701,8104,0,23339.5
"Utah","2024-03-09",0.118845034550672,0.356535103652015,0.13310673778544,0.26621347557088,"49",2774,8321,0,23339.5
"Utah","2024-03-16",0.12216105830118,0.366483174903541,0.135219526831336,0.270439053662671,"49",2851,8554,0,23339.5
"Utah","2024-03-23",0.124874848359459,0.374624545078376,0.137253713848092,0.274507427696184,"49",2915,8744,0,23339.5
"Utah","2024-03-30",0.126176539863228,0.378529619589683,0.138989270862469,0.277978541724938,"49",2945,8835,0,23339.5
"Utah","2024-04-06",0.126176539863228,0.378529619589683,0.140430390656911,0.280860781313822,"49",2945,8835,0,23339.5
"Utah","2024-04-13",0.126176539863228,0.378529619589683,0.141797636911298,0.283595273822595,"49",2945,8835,0,23339.5
"Utah","2024-04-20",0.126176539863228,0.378529619589683,0.142982381471339,0.285964762942678,"49",2945,8835,0,23339.5
"Utah","2024-04-27",0.126176539863228,0.378529619589683,0.143870126775399,0.287740253550797,"49",2945,8835,0,23339.5
"Utah","2024-05-04",0.126176539863228,0.378529619589683,0.144379209506557,0.288758419013115,"49",2945,8835,0,23339.5
"Utah","2024-05-11",0.126176539863228,0.378529619589683,0.144715664810294,0.289431329620589,"49",2945,8835,0,23339.5
"Utah","2024-05-18",0.126176539863228,0.378529619589683,0.144974072305452,0.289948144610904,"49",2945,8835,0,23339.5
"Utah","2024-05-25",0.126176539863228,0.378529619589683,0.145199313300254,0.290398626600508,"49",2945,8835,0,23339.5
"Utah","2024-06-01",0.126176539863228,0.378529619589683,0.145435637317266,0.290871274634532,"49",2945,8835,0,23339.5
